accuracy,balanced_accuracy,macro_f1,weighted_f1,precision_attack,recall_attack,minority_recall,fpr,fnr,roc_auc,pr_auc,threshold,tn,fp,fn,tp,dataset,seed,component,split,row_cap,post_determinism_fix,note,train_time_sec
0.9472701819878675,0.9389014292549982,0.9423901362951714,0.9470499875303637,0.949499079942752,0.9690140845070423,0.9690140845070423,0.09121122599704579,0.030985915492957747,0.9912799379569721,0.9952439333926056,0.365,4922,494,297,9288,UNSW-NB15,0,Full_AegisGraphX_backbone,val,100000,True,,
0.9456,0.9383119688687165,0.9407144386749089,0.9454456952298624,0.9510338442547063,0.96452790818988,0.96452790818988,0.08790397045244691,0.03547209181011998,0.9916632492193337,0.995440245635168,0.365,4939,476,340,9245,UNSW-NB15,0,Full_AegisGraphX_backbone,test,100000,True,,
0.9480701286580895,0.9438640624313748,0.9437393231298531,0.9480774125693575,0.9596993109208604,0.9589984350547731,0.9589984350547731,0.07127031019202364,0.041001564945226915,0.9910652395691507,0.9951143948083238,0.48500000000000004,5030,386,393,9192,UNSW-NB15,0,No_ExpertEnsemble_BestSingleExpert,val,100000,True,XGBoost,
0.9453333333333334,0.941598209344298,0.9408539011728123,0.9453789089512455,0.9592371371686053,0.9550339071465832,0.9550339071465832,0.07183748845798707,0.044966092853416795,0.991389275428915,0.9952863764155326,0.48500000000000004,5026,389,431,9154,UNSW-NB15,0,No_ExpertEnsemble_BestSingleExpert,test,100000,True,XGBoost,
0.9454036397573495,0.9393682159701466,0.9406583762759416,0.9453219791646709,0.9538206668047214,0.9610850286906625,0.9610850286906625,0.08234859675036928,0.03891497130933751,0.9904195070306956,0.99472934253503,0.46,4970,446,373,9212,UNSW-NB15,0,No_MoERouter_EqualWeight,val,100000,True,,
0.9451333333333334,0.9397946930583192,0.9404489558285183,0.9450921348622903,0.9553107462066098,0.9589984350547731,0.9589984350547731,0.07940904893813482,0.041001564945226915,0.9908323398893412,0.9949595589426017,0.46,4985,430,393,9192,UNSW-NB15,0,No_MoERouter_EqualWeight,test,100000,True,,
0.94760349310046,0.9411699641472666,0.9429814395922096,0.9474931092423842,0.9541653762774853,0.964319248826291,0.964319248826291,0.08197932053175776,0.03568075117370892,0.9912730224555386,0.9952252592534023,0.395,4972,444,342,9243,UNSW-NB15,0,No_GraphBranch,val,100000,True,,
0.9463333333333334,0.9406934889319503,0.9417039735889599,0.9462709076164113,0.9552997303464011,0.9609806990088681,0.9609806990088681,0.07959372114496768,0.039019300991131975,0.9915763078178382,0.9953947599079795,0.395,4984,431,374,9211,UNSW-NB15,0,No_GraphBranch,test,100000,True,,
0.9476701553229785,0.9412622832019195,0.94305633423749,0.9475610227867644,0.9542638860210614,0.964319248826291,0.964319248826291,0.081794682422452,0.03568075117370892,0.9912738315114165,0.9952259182676533,0.395,4973,443,342,9243,UNSW-NB15,0,No_TemporalBranch,val,100000,True,,
0.9462666666666667,0.9406413240910529,0.9416339380623793,0.9462052769833159,0.9552950938699305,0.9608763693270735,0.9608763693270735,0.07959372114496768,0.03912363067292645,0.9915723870255493,0.9953925568351958,0.395,4984,431,375,9210,UNSW-NB15,0,No_TemporalBranch,test,100000,True,,
0.945336977534831,0.9472665854528671,0.9414931965213926,0.9456608748165874,0.9732210344455242,0.9403234220135629,0.9403234220135629,0.04579025110782865,0.05967657798643714,0.9912799379569721,0.9952439333926056,0.5,5168,248,572,9013,UNSW-NB15,0,No_Calibration_Raw0.5,val,100000,True,,
0.9468666666666666,0.9489040325878529,0.9431257545798242,0.9471807593633266,0.9744115741740444,0.9415753781950965,0.9415753781950965,0.04376731301939058,0.058424621804903494,0.9916632492193337,0.995440245635168,0.5,5178,237,560,9025,UNSW-NB15,0,No_Calibration_Raw0.5,test,100000,True,,
0.9284047730151324,0.9225326107308549,0.9224308230173687,0.9284133830799862,0.9442530535546508,0.9436619718309859,0.9436619718309859,0.09859675036927622,0.056338028169014086,0.9783911866075827,0.975474968890207,0.5850000000000001,4882,534,540,9045,UNSW-NB15,0,Full_DistilledStudent,val,100000,True,,13.952767610549927
0.9276666666666666,0.9225120911165154,0.9217489294568402,0.9277312237998647,0.9454926624737946,0.9410537297861241,0.9410537297861241,0.09602954755309326,0.05894627021387585,0.9792472656808813,0.9767494433080093,0.5850000000000001,4895,520,565,9020,UNSW-NB15,0,Full_DistilledStudent,test,100000,True,,13.952767610549927
0.9153389774015066,0.9134326199001548,0.909164643151938,0.9157462845445362,0.9457489010399914,0.9202921231090245,0.9202921231090245,0.09342688330871492,0.07970787689097548,0.9771621536759262,0.987489748203874,0.5800000000000001,4910,506,764,8821,UNSW-NB15,0,No_FocalLoss,val,100000,True,,15.86915397644043
0.9126,0.9110843784364131,0.9063294159182043,0.9130669412006285,0.9450301204819277,0.9165362545644236,0.9165362545644236,0.09436749769159741,0.08346374543557643,0.9760458279928191,0.9873305342481711,0.5800000000000001,4904,511,800,8785,UNSW-NB15,0,No_FocalLoss,test,100000,True,,15.86915397644043
0.9271381907872809,0.9221036377463864,0.921206172112934,0.9272145748955755,0.9454469156525388,0.9402190923317684,0.9402190923317684,0.09601181683899557,0.05978090766823161,0.9770236991729908,0.9720513791781686,0.66,4896,520,573,9012,UNSW-NB15,0,No_ContrastiveLearning,val,100000,True,,10.359442234039307
0.9267333333333333,0.9214604132438005,0.9207329482158328,0.9267958524901184,0.9446656885348983,0.9404277516953573,0.9404277516953573,0.09750692520775624,0.05957224830464267,0.9780828578048091,0.973946489828453,0.66,4887,528,571,9014,UNSW-NB15,0,No_ContrastiveLearning,test,100000,True,,10.359442234039307
0.9236050929938004,0.9179335036973854,0.917329716049823,0.9236597539108059,0.9418787307571473,0.9383411580594679,0.9383411580594679,0.1024741506646972,0.06165884194053208,0.9813055792493348,0.9893887357208633,0.605,4861,555,591,8994,UNSW-NB15,0,No_HardClassMining,val,100000,True,,16.233783960342407
0.9232666666666667,0.9188281840421827,0.9171652262124115,0.9234150436268659,0.944549862955935,0.9347939488784559,0.9347939488784559,0.09713758079409049,0.06520605112154408,0.9815930747440769,0.9898011322178913,0.605,4889,526,625,8960,UNSW-NB15,0,No_HardClassMining,test,100000,True,,16.233783960342407
0.923138457436171,0.9132718489392507,0.9161172518937601,0.9228618154666428,0.9321443214432145,0.948774126238915,0.948774126238915,0.12223042836041359,0.051225873761085026,0.9814159286921263,0.989631921199136,0.47500000000000003,4754,662,491,9094,UNSW-NB15,0,PlainKD_NoHardClassExtras,val,100000,True,,17.252554655075073
0.9240666666666667,0.9147942956807222,0.9172161263567307,0.9238364631104811,0.9340184994861254,0.9481481481481482,0.9481481481481482,0.1185595567867036,0.05185185185185185,0.9816025443726275,0.9897520299565992,0.47500000000000003,4773,642,497,9088,UNSW-NB15,0,PlainKD_NoHardClassExtras,test,100000,True,,17.252554655075073
0.9985479186834463,0.9972848485513104,0.9978948531328001,0.9985470268496714,0.9985795454545454,0.9995556740424776,0.9995556740424776,0.004985976939856653,0.0004443259575224385,0.9999557197129275,0.9999872552112138,0.385,3193,16,5,11248,ToN-IoT-Network,0,Full_AegisGraphX_backbone,val,100000,True,,
0.9988431439265056,0.9971149877842742,0.9981281699641904,0.998841963062221,0.9986550100874243,0.9999158320006734,0.9999158320006734,0.005685856432125089,8.416799932665601e-05,0.9999172826573781,0.9999797155651645,0.385,2798,16,1,11880,ToN-IoT-Network,0,Full_AegisGraphX_backbone,test,100000,True,,
0.9986170654128059,0.9972179019634444,0.9979944262189595,0.9986159836370907,0.9984911689003284,0.9997334044254865,0.9997334044254865,0.005297600498597694,0.00026659557451346307,0.9999549443232852,0.9999870144986752,0.44,3192,17,3,11250,ToN-IoT-Network,0,No_ExpertEnsemble_BestSingleExpert,val,100000,True,RandomForest,
0.9985709424974482,0.9965398547440991,0.9976871097276383,0.9985692884731101,0.9984030929567994,0.9998316640013467,0.9998316640013467,0.006751954513148543,0.00016833599865331202,0.9999435888959737,0.9999862327325305,0.44,2795,19,2,11879,ToN-IoT-Network,0,No_ExpertEnsemble_BestSingleExpert,test,100000,True,RandomForest,
0.9986170654128059,0.9974406603306809,0.9979953220669935,0.9986162934444103,0.9986682056290509,0.9995556740424776,0.9995556740424776,0.004674353381115612,0.0004443259575224385,0.9998596544747446,0.9999577687539348,0.4,3194,15,5,11248,ToN-IoT-Network,0,No_MoERouter_EqualWeight,val,100000,True,,
0.99891119428377,0.9972926707977781,0.9982385173386472,0.9989101572308869,0.9987389659520807,0.9999158320006734,0.9999158320006734,0.005330490405117271,8.416799932665601e-05,0.9999724823882798,0.9999934082042626,0.4,2799,15,1,11880,ToN-IoT-Network,0,No_MoERouter_EqualWeight,test,100000,True,,
0.9984787719540865,0.9971290367719399,0.9977943617285032,0.9984777524751011,0.998490901020861,0.9995556740424776,0.9995556740424776,0.005297600498597694,0.0004443259575224385,0.9998507928788326,0.9999534699879569,0.365,3192,17,5,11248,ToN-IoT-Network,0,No_GraphBranch,val,100000,True,,
0.9988431439265056,0.9972505867981147,0.9981286792830905,0.9988421210145711,0.9987388599293762,0.9998316640013467,0.9998316640013467,0.005330490405117271,0.00016833599865331202,0.9998914101202717,0.9999732332676625,0.365,2799,15,2,11879,ToN-IoT-Network,0,No_GraphBranch,test,100000,True,,
0.9984787719540865,0.9972404159555581,0.9977948542736927,0.9984779227888514,0.9985794193376543,0.999466808850973,0.999466808850973,0.004985976939856653,0.0005331911490269261,0.999772256985063,0.9999287360434741,0.35500000000000004,3193,16,6,11247,ToN-IoT-Network,0,No_TemporalBranch,val,100000,True,,
0.9987750935692412,0.9969373047707702,0.998017792520947,0.9987737595588072,0.9985710683365554,0.9999158320006734,0.9999158320006734,0.006041222459132907,8.416799932665601e-05,0.9998774269860552,0.9999698125154615,0.35500000000000004,2797,17,1,11880,ToN-IoT-Network,0,No_TemporalBranch,test,100000,True,,
0.9983404784953672,0.997262929947672,0.9975954600050279,0.9983399232020825,0.9986677324806821,0.9992002132764596,0.9992002132764596,0.004674353381115612,0.0007997867235403892,0.9999557197129275,0.9999872552112138,0.5,3194,15,9,11244,ToN-IoT-Network,0,No_Calibration_Raw0.5,val,100000,True,,
0.9988431439265056,0.9975217848257959,0.9981296967537789,0.998842436453549,0.9989066442388562,0.9996633280026934,0.9996633280026934,0.004619758351101635,0.00033667199730662403,0.9999172826573781,0.9999797155651645,0.5,2801,13,4,11877,ToN-IoT-Network,0,No_Calibration_Raw0.5,test,100000,True,,
0.8747752731295809,0.8181775120000547,0.8184966753150507,0.8747123763978871,0.9191973006570769,0.9199324624544566,0.9199324624544566,0.28357743845434713,0.08006753754554341,0.815627518545174,0.9276392808413345,0.595,2299,910,901,10352,ToN-IoT-Network,0,Full_DistilledStudent,val,100000,True,,16.377650260925293
0.8742429397754338,0.7958504877227484,0.7964933654838978,0.8741059813708688,0.921660922921745,0.9229021126167831,0.9229021126167831,0.3312011371712864,0.0770978873832169,0.7892789829394994,0.9301597308930155,0.595,1882,932,916,10965,ToN-IoT-Network,0,Full_DistilledStudent,test,100000,True,,16.377650260925293
0.9296086295118241,0.9092135314243406,0.9002695739148632,0.9303566931425473,0.9629964715461865,0.945881098373767,0.945881098373767,0.1274540355250857,0.05411890162623301,0.9418466076024683,0.9739336221651201,0.46,2800,409,609,10644,ToN-IoT-Network,0,No_FocalLoss,val,100000,True,,15.507236957550049
0.9252126573664512,0.8904249449064512,0.8818572809797194,0.9260162562323028,0.9601399795151929,0.9468058244255534,0.9468058244255534,0.16595593461265104,0.0531941755744466,0.9305110164066582,0.9729861858436171,0.46,2347,467,632,11249,ToN-IoT-Network,0,No_FocalLoss,test,100000,True,,15.507236957550049
0.9569215876089061,0.9448078344926377,0.9385004127480144,0.9572218190121979,0.9777957569219705,0.9665866879943126,0.9665866879943126,0.07697101900903708,0.033413312005687375,0.9573496788793027,0.9799280617264832,0.43,2962,247,376,10877,ToN-IoT-Network,0,No_ContrastiveLearning,val,100000,True,,8.610947132110596
0.9510717931269139,0.9294686971314146,0.9223016579911023,0.9514739701445807,0.9747363048656006,0.9644811042841511,0.9644811042841511,0.10554371002132196,0.03551889571584883,0.9485386562922878,0.9798153460113808,0.43,2517,297,422,11459,ToN-IoT-Network,0,No_ContrastiveLearning,test,100000,True,,8.610947132110596
0.9865855345042179,0.9772349201045436,0.9804451279009414,0.986540072461252,0.9887739768408026,0.9940460321691993,0.9940460321691993,0.03957619196011219,0.005953967830800676,0.985686002585869,0.989768830361276,0.27,3082,127,67,11186,ToN-IoT-Network,0,No_HardClassMining,val,100000,True,,15.78065800666809
0.9818986049676761,0.9646690316259314,0.9704080574642703,0.9817856695876055,0.9851307326037925,0.9925932160592543,0.9925932160592543,0.06325515280739161,0.007406783940745729,0.9820018518156269,0.9893033955313424,0.27,2636,178,88,11793,ToN-IoT-Network,0,No_HardClassMining,test,100000,True,,15.78065800666809
0.9832664914949523,0.9712038840817963,0.9755459511441671,0.9831885830149173,0.9857079841199824,0.992890784679641,0.992890784679641,0.05048301651604861,0.007109215320359016,0.9890161072521167,0.9918408480267016,0.095,3047,162,80,11173,ToN-IoT-Network,0,PlainKD_NoHardClassExtras,val,100000,True,,7.730652332305908
0.9808097992514461,0.9645380836866804,0.9687319985969205,0.9807225185284417,0.9854356742278396,0.9909098560727212,0.9909098560727212,0.06183368869936034,0.00909014392727885,0.986004916559722,0.9919988644017677,0.095,2640,174,108,11773,ToN-IoT-Network,0,PlainKD_NoHardClassExtras,test,100000,True,,7.730652332305908
0.9943545803971813,0.912852955217632,0.9341734516807647,0.9942084179473025,0.995931718286824,0.9982991454742925,0.9982991454742925,0.17259323503902863,0.001700854525707494,0.9987265385149735,0.9999700555307238,0.09999999999999999,1908,398,166,97432,CICIoT2023,0,Full_AegisGraphX_backbone,val,100000,True,,
0.9942053062981014,0.9158133678221225,0.9352110359939734,0.9940698024993412,0.9959178244766835,0.9981542815540949,0.9981542815540949,0.16652754590984975,0.0018457184459050686,0.9986772351137679,0.9999676877291187,0.09999999999999999,1997,399,180,97343,CICIoT2023,0,Full_AegisGraphX_backbone,test,100000,True,,
0.9963565022421524,0.9693436518638228,0.9603766879886283,0.9963912726508848,0.9986052140381104,0.9976638865550523,0.9976638865550523,0.05897658282740677,0.0023361134449476424,0.9994482695508295,0.9999870232131846,0.48500000000000004,2170,136,228,97370,CICIoT2023,0,No_ExpertEnsemble_BestSingleExpert,val,100000,True,CatBoost,
0.9960267816931715,0.9662101369452216,0.9582805968826662,0.9960605396707908,0.9983989819167061,0.9975287880807604,0.9975287880807604,0.0651085141903172,0.002471211919239564,0.9993821927405611,0.999984896776422,0.48500000000000004,2240,156,241,97282,CICIoT2023,0,No_ExpertEnsemble_BestSingleExpert,test,100000,True,CatBoost,
0.9962063581037797,0.954659325498029,0.957662821220123,0.9961938233572505,0.9979002140757357,0.9982171765814873,0.9982171765814873,0.08889852558542931,0.0017828234185126744,0.9992889527348916,0.999983314490985,0.315,2101,205,174,97424,CICIoT2023,0,No_MoERouter_EqualWeight,val,100000,True,,
0.9958366276684114,0.9528817049569934,0.9552912595561518,0.995825548884023,0.9977344719064265,0.9980004716836028,0.9980004716836028,0.09223706176961603,0.0019995283163971576,0.999151593484809,0.9999793186300376,0.315,2175,221,195,97328,CICIoT2023,0,No_MoERouter_EqualWeight,test,100000,True,,
0.9953054932735426,0.9558918714068739,0.948766178227438,0.9953421511038507,0.9979799637008706,0.9972130576446239,0.9972130576446239,0.08542931483087597,0.002786942355376135,0.9989117638637578,0.9999741329194444,0.18000000000000002,2109,197,272,97326,CICIoT2023,0,No_GraphBranch,val,100000,True,,
0.9950059548234069,0.9561201388270602,0.9476454858308473,0.9950523016426118,0.997916452837935,0.9969648185556228,0.9969648185556228,0.0847245409015025,0.003035181444377224,0.9989053479050026,0.9999731592072827,0.18000000000000002,2193,203,296,97227,CICIoT2023,0,No_GraphBranch,test,100000,True,,
0.995345531710442,0.9601464159572604,0.9495810256945876,0.9953989022378347,0.9981843733010555,0.9970491198590135,0.9970491198590135,0.07675628794449263,0.002950880140986496,0.9989126191874711,0.9999742071524399,0.18000000000000002,2129,177,288,97310,CICIoT2023,0,No_TemporalBranch,val,100000,True,,
0.99472572783955,0.9547552581106804,0.9448837433901616,0.9947829041251484,0.9978545178311126,0.9967392307455677,0.9967392307455677,0.08722871452420701,0.003260769254432288,0.998839219075875,0.9999715755167498,0.18000000000000002,2187,209,318,97205,CICIoT2023,0,No_TemporalBranch,test,100000,True,,
0.9915118513773222,0.9867641387942365,0.9189502413868773,0.9920983132725564,0.9995662680463474,0.991741634049878,0.991741634049878,0.01821335646140503,0.00825836595012193,0.9987265385149735,0.9999700555307238,0.5,2264,42,806,96792,CICIoT2023,0,No_Calibration_Raw0.5,val,100000,True,,
0.9914130445660986,0.9864411014245225,0.9206335507058379,0.9919891279421907,0.9995349077567051,0.9916635050193288,0.9916635050193288,0.018781302170283808,0.008336494980671226,0.9986772351137679,0.9999676877291187,0.5,2351,45,813,96710,CICIoT2023,0,No_Calibration_Raw0.5,test,100000,True,,
0.9831738468930173,0.8137696480742367,0.813570495127752,0.9831791865445542,0.9914032481172191,0.9913727740322548,0.9913727740322548,0.36383347788378145,0.00862722596774524,0.9740540728453569,0.9990581188701816,0.015,1467,839,842,96756,CICIoT2023,0,Full_DistilledStudent,val,100000,True,,21.646098613739014
0.9829361783044266,0.8125379378422216,0.8158159935838687,0.9828466289398596,0.9910017012728801,0.9915199491402028,0.9915199491402028,0.3664440734557596,0.008480050859797176,0.9746147636214475,0.9990923080905376,0.015,1518,878,827,96696,CICIoT2023,0,Full_DistilledStudent,test,100000,True,,21.646098613739014
0.9778787636130686,0.5944877750203426,0.6377008635173196,0.9725585423380962,0.9812131729760272,0.9964343531629747,0.9964343531629747,0.8074588031222897,0.0035656468370253488,0.5840259196764923,0.9768346590651733,0.34500000000000003,444,1862,348,97250,CICIoT2023,0,No_FocalLoss,val,100000,True,,23.57038688659668
0.9769713467909006,0.594529077058437,0.6374042171618215,0.9714684025324279,0.9804823897466949,0.9962367851686269,0.9962367851686269,0.8071786310517529,0.003763214831373112,0.5876895257292758,0.9762681816922868,0.34500000000000003,462,1934,367,97156,CICIoT2023,0,No_FocalLoss,test,100000,True,,23.57038688659668
0.9766475816784113,0.6158747112582657,0.6538733121579733,0.9726896447948384,0.9822030552434172,0.9941084858296276,0.9941084858296276,0.7623590633130962,0.0058915141703723434,0.9382986735133323,0.9977135974755296,0.01,548,1758,575,97023,CICIoT2023,0,No_ContrastiveLearning,val,100000,True,,15.653786182403564
0.9757803821095087,0.6132566078286708,0.6514478623248521,0.9715472513330489,0.9813830594952471,0.9940424310162731,0.9940424310162731,0.7675292153589316,0.005957568983726916,0.9426210737462779,0.9978802900714118,0.01,557,1839,581,96942,CICIoT2023,0,No_ContrastiveLearning,test,100000,True,,15.653786182403564
0.9809316944266496,0.6559621474691117,0.7115848756839035,0.9774360026364516,0.9840264640721894,0.9966597676181889,0.9966597676181889,0.6847354726799653,0.0033402323818111025,0.9829024433146094,0.9993029073979793,0.555,727,1579,326,97272,CICIoT2023,0,No_HardClassMining,val,100000,True,,23.52963638305664
0.9800938760395921,0.6537345212020274,0.7090772919095027,0.9764040712390651,0.9832955603221498,0.9965341509182449,0.9965341509182449,0.6890651085141903,0.003465849081755073,0.9834199999599426,0.9993572931500582,0.555,745,1651,338,97185,CICIoT2023,0,No_HardClassMining,test,100000,True,,23.52963638305664
0.9843649903907752,0.8872049917420606,0.8453312699688618,0.9852045943612284,0.9948982746892585,0.989067398922109,0.989067398922109,0.21465741543798786,0.01093260107789094,0.9912272823577937,0.9997487349177334,0.28,1811,495,1067,96531,CICIoT2023,0,PlainKD_NoHardClassExtras,val,100000,True,,14.449825286865234
0.9837768592559973,0.8829912294821527,0.8441957109400227,0.9845930283407218,0.9944931422089306,0.9888539113850067,0.9888539113850067,0.22287145242070117,0.011146088614993386,0.9915543359601638,0.9997697818222736,0.28,1862,534,1087,96436,CICIoT2023,0,PlainKD_NoHardClassExtras,test,100000,True,,14.449825286865234
0.9460702619825345,0.9417853622857897,0.9415539171120075,0.9460843417147449,0.9584507777429795,0.9571517931609674,0.9571517931609674,0.07358106858938805,0.042848206839032524,0.9908149716801965,0.9949552677347309,0.445,5011,398,411,9181,UNSW-NB15,1,Full_AegisGraphX_backbone,val,100000,True,,
0.9470666666666666,0.9424038863389502,0.9425822472909233,0.947055969101362,0.9581293615248412,0.9591283494943176,0.9591283494943176,0.07432057681641709,0.04087165050568241,0.9918779004142413,0.9955618296987636,0.445,5007,402,392,9199,UNSW-NB15,1,Full_AegisGraphX_backbone,test,100000,True,,
0.947070195320312,0.9456309573316397,0.9429463798016019,0.9472235730361082,0.9658970557085363,0.950792326939116,0.950792326939116,0.05953041227583657,0.04920767306088407,0.9906974768367859,0.9948907940566603,0.51,5087,322,472,9120,UNSW-NB15,1,No_ExpertEnsemble_BestSingleExpert,val,100000,True,XGBoost,
0.9469333333333333,0.945080758080362,0.9427561328413646,0.9470673501309531,0.9648028749603635,0.9517255760608904,0.9517255760608904,0.06156405990016639,0.04827442393910958,0.991724684348593,0.9954795622734459,0.51,5076,333,463,9128,UNSW-NB15,1,No_ExpertEnsemble_BestSingleExpert,test,100000,True,XGBoost,
0.9456702886474235,0.9401826254577403,0.9409820037426548,0.9456203896832053,0.9553803050741932,0.9598623853211009,0.9598623853211009,0.07949713440562026,0.040137614678899085,0.990316640122392,0.9946492471476229,0.46,4979,430,385,9207,UNSW-NB15,1,No_MoERouter_EqualWeight,val,100000,True,,
0.9458,0.9400026531621408,0.9410860887511333,0.9457322298877726,0.9547244094488189,0.9607965801272026,0.9607965801272026,0.08079127380292106,0.039203419872797414,0.9913063448298489,0.9952191913082145,0.46,4972,437,376,9215,UNSW-NB15,1,No_MoERouter_EqualWeight,test,100000,True,,
0.946803546430238,0.9440921622921424,0.9425202059938489,0.9468955937949272,0.9626473063973064,0.9538156797331109,0.9538156797331109,0.06563135514882604,0.046184320266889074,0.9909020905601529,0.9950149712521663,0.41500000000000004,5054,355,443,9149,UNSW-NB15,1,No_GraphBranch,val,100000,True,,
0.9476666666666667,0.9450899238650026,0.9434611075969502,0.9477602149129009,0.9634736842105264,0.9543321864247732,0.9543321864247732,0.06415233869476798,0.04566781357522678,0.9918686093349632,0.9955596357134537,0.41500000000000004,5062,347,438,9153,UNSW-NB15,1,No_GraphBranch,test,100000,True,,
0.9467368842077195,0.9424678770331658,0.9422717271254276,0.9467486571530467,0.9588769439515709,0.9577773144286906,0.9577773144286906,0.07284156036235903,0.042222685571309426,0.9909511334783053,0.9950423583141758,0.405,5015,394,405,9187,UNSW-NB15,1,No_TemporalBranch,val,100000,True,,
0.9478666666666666,0.9440371308538065,0.9435363526054945,0.9478958551100255,0.9605772247202761,0.9577729121050985,0.9577729121050985,0.06969865039748567,0.04222708789490147,0.9918957115288745,0.9955742029757702,0.405,5032,377,405,9186,UNSW-NB15,1,No_TemporalBranch,test,100000,True,,
0.9460702619825345,0.9462196554533104,0.9420524575709854,0.9463072615845323,0.9692274815685437,0.9456839032527106,0.9456839032527106,0.05324459234608985,0.054316096747289405,0.9908149716801965,0.9949552677347309,0.5,5121,288,521,9071,UNSW-NB15,1,No_Calibration_Raw0.5,val,100000,True,,
0.9470666666666666,0.9467972753389562,0.9430708267173284,0.9472758097742314,0.9687733134391986,0.9477635283077885,0.9477635283077885,0.05416897762987613,0.05223647169221145,0.9918779004142413,0.9955618296987636,0.5,5116,293,501,9090,UNSW-NB15,1,No_Calibration_Raw0.5,test,100000,True,,
0.923005132991134,0.9165740064862704,0.9165236304692113,0.9230097847872023,0.9399311711335906,0.9396371976647206,0.9396371976647206,0.1064891846921797,0.0603628023352794,0.9804966751426398,0.9891380310530686,0.59,4833,576,579,9013,UNSW-NB15,1,Full_DistilledStudent,val,100000,True,,13.746820449829102
0.9218666666666666,0.9152815489054174,0.9152815489054174,0.9218666666666666,0.938901053070587,0.938901053070587,0.938901053070587,0.10833795525975226,0.06109894692941299,0.979668651198793,0.9890279662042742,0.59,4823,586,586,9005,UNSW-NB15,1,Full_DistilledStudent,test,100000,True,,13.746820449829102
0.9172721818545431,0.9041899998781877,0.909147322595375,0.9167234006785447,0.9219807983830217,0.9511050875729775,0.9511050875729775,0.14272508781660195,0.04889491242702252,0.9739108251144766,0.9683311641951957,0.595,4637,772,469,9123,UNSW-NB15,1,No_FocalLoss,val,100000,True,,15.66526985168457
0.9184,0.9064038069985305,0.9105794382269122,0.9179522040824246,0.9249365159979686,0.9494317589406736,0.9494317589406736,0.1366241449436125,0.05056824105932645,0.9742333119927651,0.9702992734228341,0.595,4670,739,485,9106,UNSW-NB15,1,No_FocalLoss,test,100000,True,,15.66526985168457
0.9232051196586895,0.9125782759281591,0.9160157903116286,0.9228676847428784,0.9307001428863033,0.9506880733944955,0.9506880733944955,0.12553152153817712,0.04931192660550459,0.9754584958717215,0.9695886743675093,0.5750000000000001,4730,679,473,9119,UNSW-NB15,1,No_ContrastiveLearning,val,100000,True,,8.104789018630981
0.9243333333333333,0.9150338992352381,0.917465378398746,0.9241031846239469,0.934264585045193,0.9483891147951204,0.9483891147951204,0.11832131632464411,0.051610885204879574,0.976409458172207,0.9717160417604511,0.5750000000000001,4769,640,495,9096,UNSW-NB15,1,No_ContrastiveLearning,test,100000,True,,8.104789018630981
0.919672021865209,0.9109039744095614,0.9125462602467118,0.9195072739903303,0.9327210814157466,0.942347789824854,0.942347789824854,0.12053984100573119,0.057652210175145956,0.9800981159038832,0.9889552332633447,0.61,4757,652,553,9039,UNSW-NB15,1,No_HardClassMining,val,100000,True,,19.986695528030396
0.9189333333333334,0.9098035324182236,0.9116896831239913,0.9187411135652083,0.9314786192684184,0.9425503075800229,0.9425503075800229,0.12294324274357553,0.057449692419977064,0.9798759945478716,0.9890886095330425,0.61,4744,665,551,9040,UNSW-NB15,1,No_HardClassMining,test,100000,True,,19.986695528030396
0.920738617425505,0.9091177386220816,0.913173282011803,0.9203200295356322,0.9271119243671851,0.950792326939116,0.950792326939116,0.13255684969495285,0.04920767306088407,0.9738369378962658,0.9808001875995169,0.495,4692,717,472,9120,UNSW-NB15,1,PlainKD_NoHardClassExtras,val,100000,True,,15.923739671707153
0.9192,0.9081176641555886,0.9116157532892115,0.9188340782196889,0.927369172702234,0.9478677927223439,0.9478677927223439,0.13163246441116658,0.052132207277656134,0.9742055447734701,0.9801926254041493,0.495,4697,712,500,9091,UNSW-NB15,1,PlainKD_NoHardClassExtras,test,100000,True,,15.923739671707153
0.9969194146887909,0.9924965893587995,0.99525272824677,0.9969107494160213,0.9961386573058358,1.0,1.0,0.015006821282401092,0.0,0.9998883150969744,0.9999708525140862,0.045000000000000005,2888,44,0,11351,ToN-IoT-Network,1,Full_AegisGraphX_backbone,val,100000,True,,
0.9965637966804979,0.9922717993584136,0.9950036126493058,0.9965542027886714,0.9956009296148738,1.0,1.0,0.015456401283172936,0.0,0.9999589359375097,0.9999879696691123,0.045000000000000005,3376,53,0,11995,ToN-IoT-Network,1,Full_AegisGraphX_backbone,test,100000,True,,
0.996499334873626,0.9915998800761945,0.9946026119684992,0.9964885822222209,0.9957013773137995,0.999911902035063,0.999911902035063,0.016712141882673944,8.809796493700995e-05,0.9998991320367349,0.9999739731856795,0.02,2883,49,1,11350,ToN-IoT-Network,1,No_ExpertEnsemble_BestSingleExpert,val,100000,True,XGBoost,
0.9961099585062241,0.9912510936132983,0.9943395360871089,0.9960976439519525,0.9950228121111572,1.0,1.0,0.017497812773403325,0.0,0.9999743744689966,0.9999926508502968,0.02,3369,60,0,11995,ToN-IoT-Network,1,No_ExpertEnsemble_BestSingleExpert,test,100000,True,XGBoost,
0.9968494013862634,0.9930849557641248,0.9951516501539194,0.996842772684102,0.9965741391426564,0.9994714122103779,0.9994714122103779,0.01330150068212824,0.0005285877896220598,0.9997832405460247,0.9999393341788663,0.26,2893,39,6,11345,ToN-IoT-Network,1,No_MoERouter_EqualWeight,val,100000,True,,
0.9972769709543569,0.9939798966007393,0.9960460102489956,0.9972712495474065,0.9965932696302451,0.9999166319299708,0.9999166319299708,0.011956838728492273,8.336807002917882e-05,0.9999023360929405,0.9999687156572183,0.26,3388,41,1,11994,ToN-IoT-Network,1,No_MoERouter_EqualWeight,test,100000,True,,
0.9959392284534061,0.9901091405184175,0.9937310018664408,0.9959241196717564,0.9949162941537383,1.0,1.0,0.019781718963165076,0.0,0.9998692051700645,0.9999659734874762,0.045000000000000005,2874,58,0,11351,ToN-IoT-Network,1,No_GraphBranch,val,100000,True,,
0.9959802904564315,0.9909594634004083,0.994149619125209,0.9959671354236851,0.994857758978187,1.0,1.0,0.018081073199183437,0.0,0.9999855096617856,0.9999958475237403,0.045000000000000005,3367,62,0,11995,ToN-IoT-Network,1,No_GraphBranch,test,100000,True,,
0.9961492683609886,0.9907472197760581,0.9940590703399674,0.9961361922874388,0.9952648193616275,0.999911902035063,0.999911902035063,0.018417462482946793,8.809796493700995e-05,0.9993628221540061,0.9996792087952555,0.045000000000000005,2878,54,1,11350,ToN-IoT-Network,1,No_TemporalBranch,val,100000,True,,
0.9962396265560166,0.9915427238261885,0.9945293726272944,0.9962281243844181,0.9951879200199121,1.0,1.0,0.016914552347623214,0.0,0.9999817168886957,0.9999947564822363,0.045000000000000005,3371,58,0,11995,ToN-IoT-Network,1,No_TemporalBranch,test,100000,True,,
0.9953791220331863,0.9957014533039321,0.9929579141923295,0.9953918424087084,0.9990271513221898,0.9951546119284644,0.9951546119284644,0.003751705320600273,0.004845388071535547,0.9998883150969744,0.9999708525140862,0.5,2921,11,55,11296,ToN-IoT-Network,1,No_Calibration_Raw0.5,val,100000,True,,
0.9984439834024896,0.9973334860167629,0.9977481335123426,0.9984433341373717,0.9986669999166875,0.9993330554397666,0.9993330554397666,0.004666083406240887,0.0006669445602334305,0.9999589359375097,0.9999879696691123,0.5,3413,16,8,11987,ToN-IoT-Network,1,No_Calibration_Raw0.5,test,100000,True,,
0.9834768606035147,0.9746794369854967,0.9746794369854967,0.9834768606035147,0.9896044401374329,0.9896044401374329,0.9896044401374329,0.04024556616643929,0.010395559862567174,0.9829281648232396,0.9845183048788214,0.735,2814,118,118,11233,ToN-IoT-Network,1,Full_DistilledStudent,val,100000,True,,15.078150749206543
0.9867738589211619,0.978480072928219,0.980782789409544,0.9867418583176395,0.9896188024250477,0.9934139224676949,0.9934139224676949,0.03645377661125693,0.006586077532305127,0.9875653691127986,0.9881203554993991,0.735,3304,125,79,11916,ToN-IoT-Network,1,Full_DistilledStudent,test,100000,True,,15.078150749206543
0.8995309108730659,0.8310498573185552,0.8412111729276849,0.8979341250721122,0.927856403175699,0.947229319002731,0.947229319002731,0.28512960436562074,0.05277068099726896,0.87782645133585,0.9574711332103932,0.34500000000000003,2096,836,599,10752,ToN-IoT-Network,1,No_FocalLoss,val,100000,True,,17.04497456550598
0.908195020746888,0.8535053064177732,0.8634386020620559,0.906856889995722,0.9314789134513418,0.951979991663193,0.951979991663193,0.24496937882764655,0.048020008336807,0.8948016641035058,0.9593916729344061,0.34500000000000003,2589,840,576,11419,ToN-IoT-Network,1,No_FocalLoss,test,100000,True,,17.04497456550598
0.9564517258279073,0.9486962312459805,0.9352350976570805,0.9570849805402843,0.9829837039704691,0.9618535811822747,0.9618535811822747,0.06446111869031378,0.03814641881772531,0.9717024499046485,0.9844263279915553,0.68,2743,189,433,10918,ToN-IoT-Network,1,No_ContrastiveLearning,val,100000,True,,9.514966249465942
0.9599974066390041,0.9547043089670759,0.9435531544626361,0.9604734504557614,0.9840054449549089,0.9642350979574823,0.9642350979574823,0.05482648002333042,0.03576490204251771,0.9754885960916688,0.9857694435808146,0.68,3241,188,429,11566,ToN-IoT-Network,1,No_ContrastiveLearning,test,100000,True,,9.514966249465942
0.9829867674858223,0.9777861372023042,0.9741273001427342,0.9830514273934471,0.9919397697077059,0.9866091093295745,0.9866091093295745,0.031036834924965895,0.013390890670425513,0.9828126639442433,0.9902140318714144,0.395,2841,91,152,11199,ToN-IoT-Network,1,No_HardClassMining,val,100000,True,,22.03848147392273
0.9872276970954357,0.9798131718876255,0.9814675282951517,0.9872055915517202,0.9904389757233123,0.9931638182576074,0.9931638182576074,0.033537474482356375,0.006836181742392664,0.9864941052161449,0.9912506625550532,0.395,3314,115,82,11913,ToN-IoT-Network,1,No_HardClassMining,test,100000,True,,22.03848147392273
0.984247006931317,0.976555289645797,0.9758931510009123,0.9842579360958311,0.9905643738977072,0.9896044401374329,0.9896044401374329,0.03649386084583902,0.010395559862567174,0.9838009266030975,0.9890362769915408,0.22,2825,107,118,11233,ToN-IoT-Network,1,PlainKD_NoHardClassExtras,val,100000,True,,7.981803894042969
0.9876167012448133,0.9778765235976739,0.9819407892887726,0.9875635326466359,0.9887379927128188,0.9954147561483951,0.9954147561483951,0.039661708953047534,0.004585243851604835,0.988151449805748,0.9916395382495066,0.22,3293,136,55,11940,ToN-IoT-Network,1,PlainKD_NoHardClassExtras,test,100000,True,,7.981803894042969
0.9950756665865962,0.9591614135731173,0.9468621465955824,0.9951415251302427,0.9981431326685543,0.996813720468004,0.996813720468004,0.0784908933217693,0.003186279531995984,0.9989749530028146,0.9999758767359849,0.16,2125,181,311,97295,CICIoT2023,1,Full_AegisGraphX_backbone,val,100000,True,,
0.994954904453498,0.9560411270543262,0.9471100705183428,0.9950042523851471,0.997915982260184,0.9969130104814062,0.9969130104814062,0.08483075637275386,0.0030869895185937275,0.9990132937611974,0.9999758617821555,0.16,2190,203,301,97205,CICIoT2023,1,Full_AegisGraphX_backbone,test,100000,True,,
0.9964668908639602,0.9736341573203515,0.9618039354446328,0.9965109574921633,0.9988100733446171,0.9975718705817266,0.9975718705817266,0.05030355594102342,0.002428129418273467,0.9994699649060788,0.9999875285602149,0.52,2190,116,237,97369,CICIoT2023,1,No_ExpertEnsemble_BestSingleExpert,val,100000,True,CatBoost,
0.9962762390013914,0.9699659743848609,0.9609466030846603,0.9963119341406613,0.9985833076686171,0.9976001476832195,0.9976001476832195,0.057668198913497705,0.002399852316780506,0.9994968325328297,0.9999876974134254,0.52,2255,138,234,97272,CICIoT2023,1,No_ExpertEnsemble_BestSingleExpert,test,100000,True,CatBoost,
0.9962066618624389,0.970325423243019,0.9589567815292592,0.9962524498287668,0.9986562586548225,0.9974591725918489,0.9974591725918489,0.05680832610581093,0.002540827408151138,0.9991599854550907,0.9999803078770365,0.42000000000000004,2175,131,248,97358,CICIoT2023,1,No_MoERouter_EqualWeight,val,100000,True,,
0.9960460064665312,0.9674022546033985,0.9585237283326696,0.9960835216365276,0.9984601328392071,0.9974873341127726,0.9974873341127726,0.06268282490597576,0.002512665887227453,0.9991776648004921,0.9999799693825242,0.42000000000000004,2243,150,245,97261,CICIoT2023,1,No_MoERouter_EqualWeight,test,100000,True,,
0.9956761950516454,0.9656081597787547,0.9533231643934492,0.9957331570564815,0.998440673793061,0.9971313238940229,0.9971313238940229,0.06591500433651344,0.0028686761059770914,0.9991178358915027,0.9999792872066275,0.28,2154,152,280,97326,CICIoT2023,1,No_GraphBranch,val,100000,True,,
0.9954754301844864,0.9648680014368205,0.9528679886564058,0.9955337455398515,0.9983466151823858,0.9970155682727216,0.9970155682727216,0.06727956539908066,0.0029844317272783214,0.9991106015193176,0.9999782886087345,0.28,2232,161,291,97215,CICIoT2023,1,No_GraphBranch,test,100000,True,,
0.9955160541276323,0.9638325733142499,0.9515943927043177,0.9955751258363511,0.9983586039926958,0.9970493617195664,0.9970493617195664,0.06938421509106678,0.00295063828043358,0.9990623599216769,0.999977984107821,0.29500000000000004,2146,160,288,97318,CICIoT2023,1,No_TemporalBranch,val,100000,True,,
0.995465420074275,0.9638437992466506,0.9526792628935001,0.9955199207166331,0.9982954253735175,0.9970565913892478,0.9970565913892478,0.06936899289594652,0.0029434086107521587,0.9990890913833121,0.9999777756360992,0.29500000000000004,2227,166,287,97219,CICIoT2023,1,No_TemporalBranch,test,100000,True,,
0.9933041076147009,0.9845058835139431,0.9335438338960574,0.9936541730737102,0.9994126799311702,0.9937298936540786,0.9937298936540786,0.024718126626192542,0.006270106345921358,0.9989749530028146,0.9999758767359849,0.5,2249,57,612,96994,CICIoT2023,1,No_Calibration_Raw0.5,val,100000,True,,
0.9930229531827145,0.9850122288058925,0.9333220572944487,0.9933924206854081,0.9994222098410045,0.9934260455766825,0.9934260455766825,0.023401587964897618,0.00657395442331754,0.9990132937611974,0.9999758617821555,0.5,2337,56,641,96865,CICIoT2023,1,No_Calibration_Raw0.5,test,100000,True,,
0.9844963567939787,0.7625789456838696,0.8020806214941898,0.9833191620760336,0.988964113005854,0.9952359486097166,0.9952359486097166,0.47007805724197743,0.004764051390283384,0.8748141589443117,0.9942623015754212,0.135,1222,1084,465,97141,CICIoT2023,1,Full_DistilledStudent,val,100000,True,,55.91372466087341
0.9843041471886605,0.7626677515249547,0.8049606069355485,0.9830273342605055,0.9885423880718621,0.9954566898447275,0.9954566898447275,0.47012118679481824,0.004543310155272496,0.87450087505839,0.993951384861646,0.135,1268,1125,443,97063,CICIoT2023,1,Full_DistilledStudent,test,100000,True,,55.91372466087341
0.9828849387460966,0.7564616253969998,0.7872981810750052,0.981847884712019,0.9886968220641295,0.9938425916439563,0.9938425916439563,0.48091934084995663,0.0061574083560436855,0.7117795248074107,0.9825520446358623,0.2,1197,1109,601,97005,CICIoT2023,1,No_FocalLoss,val,100000,True,,32.8698787689209
0.9823922161382996,0.7464022101088313,0.7833214433196478,0.9810595891422812,0.9877734418779993,0.9942670194654688,0.9942670194654688,0.5014625992478061,0.005732980534531209,0.7131438798211601,0.981972536276009,0.2,1193,1200,559,96947,CICIoT2023,1,No_FocalLoss,test,100000,True,,32.8698787689209
0.9823744895508048,0.7047565331556989,0.7555275561050401,0.9801518171669497,0.986280936386975,0.9958096838309121,0.9958096838309121,0.5862966175195143,0.004190316169087966,0.7787177723334974,0.9892175343460022,0.08499999999999999,954,1352,409,97197,CICIoT2023,1,No_ContrastiveLearning,val,100000,True,,15.547884941101074
0.9813711848967457,0.7004284515661809,0.7504484794066151,0.9790042379789349,0.9855519793686732,0.9955079687403852,0.9955079687403852,0.5946510656080234,0.004492031259614793,0.7864255617421947,0.9892978189638854,0.08499999999999999,970,1423,438,97068,CICIoT2023,1,No_ContrastiveLearning,test,100000,True,,15.547884941101074
0.9856473696853231,0.7635914548852877,0.8116421449321098,0.984324618315232,0.9889969085584119,0.9963936643239145,0.9963936643239145,0.4692107545533391,0.0036063356760854866,0.8729705964786583,0.9886919642812849,0.45,1224,1082,352,97254,CICIoT2023,1,No_HardClassMining,val,100000,True,,40.946205377578735
0.9852150672178901,0.7610962408742317,0.8112797303352673,0.9837768806378231,0.9884535956622142,0.9964925235370131,0.9964925235370131,0.47430004178854995,0.003507476462986893,0.8727253909751149,0.9880522251672779,0.45,1258,1135,342,97164,CICIoT2023,1,No_HardClassMining,test,100000,True,,40.946205377578735
0.9862478981503723,0.8401119060916786,0.8452270568659188,0.9861443911891695,0.9926082149146157,0.9933200827817962,0.9933200827817962,0.31309627059843886,0.006679917218203799,0.9118033643908722,0.9936759552285352,0.04,1584,722,652,96954,CICIoT2023,1,PlainKD_NoHardClassExtras,val,100000,True,,12.70549750328064
0.9857956536101462,0.8359898972732647,0.8443391257529018,0.985618892365869,0.992122919334187,0.9933337435644986,0.9933337435644986,0.3213539490179691,0.006666256435501405,0.9107157176110945,0.9931676201935382,0.04,1624,769,650,96856,CICIoT2023,1,PlainKD_NoHardClassExtras,test,100000,True,,12.70549750328064
0.9479368042130525,0.9447208769919937,0.9436623685145578,0.9479978380238491,0.9621474258152459,0.9562317632346811,0.9562317632346811,0.0667900092506938,0.04376823676531888,0.9914698307458512,0.9953183241454674,0.44,5044,361,420,9176,UNSW-NB15,2,Full_AegisGraphX_backbone,val,100000,True,,
0.9425333333333333,0.9376698953307376,0.9376698953307376,0.9425333333333333,0.9550807712350182,0.9550807712350182,0.9550807712350182,0.07974098057354302,0.044919228764981764,0.991002791598114,0.9950744522234274,0.44,4974,431,431,9164,UNSW-NB15,2,Full_AegisGraphX_backbone,test,100000,True,,
0.947070195320312,0.9377408159196767,0.9420106521911015,0.9467961510072876,0.9474379829198861,0.9711338057523968,0.9711338057523968,0.09565217391304348,0.02886619424760317,0.9915776751722406,0.995370335204121,0.4,4888,517,277,9319,UNSW-NB15,2,No_ExpertEnsemble_BestSingleExpert,val,100000,True,XGBoost,
0.9424,0.9315062048100715,0.9367366219043121,0.9420239557325055,0.9412716061861922,0.9705054715997915,0.9705054715997915,0.10749306197964847,0.029494528400208442,0.9910503128797713,0.9951167172181928,0.4,4824,581,283,9312,UNSW-NB15,2,No_ExpertEnsemble_BestSingleExpert,test,100000,True,XGBoost,
0.9463369108726085,0.9391069513623276,0.9414742017183144,0.9461873409564381,0.951793606742728,0.9649854105877449,0.9649854105877449,0.08677150786308974,0.035014589412255104,0.9908150906232515,0.994914365654777,0.46,4936,469,336,9260,UNSW-NB15,2,No_MoERouter_EqualWeight,val,100000,True,,
0.9433333333333334,0.9348615215969234,0.9380724100706481,0.943114328751035,0.9472230745627493,0.9651902032308494,0.9651902032308494,0.09546716003700277,0.0348097967691506,0.9905339226653567,0.9947899401478986,0.46,4889,516,334,9261,UNSW-NB15,2,No_MoERouter_EqualWeight,test,100000,True,,
0.9463369108726085,0.9420966915369842,0.9418288676015738,0.9463531035567717,0.9587725707128693,0.9572738641100459,0.9572738641100459,0.0730804810360777,0.04272613588995415,0.9909752907374682,0.9950563215445136,0.41000000000000003,5010,395,410,9186,UNSW-NB15,2,No_GraphBranch,val,100000,True,,
0.9414666666666667,0.9363513701776722,0.9364924125840964,0.941457187383041,0.9538685827345621,0.9546638874413758,0.9546638874413758,0.08196114708603146,0.045336112558624284,0.9904838657584052,0.994781733948042,0.41000000000000003,4962,443,435,9160,UNSW-NB15,2,No_GraphBranch,test,100000,True,,
0.9464702353176455,0.9418776864705036,0.9419312485301499,0.9464669885459807,0.9580164600479216,0.9583159649854106,0.9583159649854106,0.07456059204440334,0.041684035014589414,0.9910129451872294,0.9950763685668326,0.405,5002,403,400,9196,UNSW-NB15,2,No_TemporalBranch,val,100000,True,,
0.9415333333333333,0.935959119549912,0.9365054569903531,0.9414964074469007,0.9528360689798463,0.9559145388223033,0.9559145388223033,0.08399629972247918,0.04408546117769672,0.9905266532301024,0.9948046909559195,0.405,4951,454,423,9172,UNSW-NB15,2,No_TemporalBranch,test,100000,True,,
0.947203519765349,0.9475010787334686,0.9432594352982332,0.9474388684212882,0.9702991452991453,0.9464360150062526,0.9464360150062526,0.051433857539315446,0.05356398499374739,0.9914698307458512,0.9953183241454674,0.5,5127,278,514,9082,UNSW-NB15,2,No_Calibration_Raw0.5,val,100000,True,,
0.9436666666666667,0.9432417631947723,0.9394118648777035,0.9438968005999062,0.9664179104477612,0.9447628973423658,0.9447628973423658,0.058279370952821465,0.055237102657634186,0.991002791598114,0.9950744522234274,0.5,5090,315,530,9065,UNSW-NB15,2,No_Calibration_Raw0.5,test,100000,True,,
0.919805346310246,0.9096423347841125,0.9124131603070557,0.9195220753000275,0.929837140223292,0.9460191746561067,0.9460191746561067,0.1267345050878816,0.05398082534389329,0.9728674817868531,0.9671039719894536,0.595,4720,685,518,9078,UNSW-NB15,2,Full_DistilledStudent,val,100000,True,,41.852526903152466
0.9189333333333334,0.9076290023471406,0.9112632867903434,0.9185507006259732,0.9268466632705044,0.948097967691506,0.948097967691506,0.13283996299722478,0.05190203230849401,0.9723401555794121,0.9657326207763927,0.595,4687,718,498,9097,UNSW-NB15,2,Full_DistilledStudent,test,100000,True,,41.852526903152466
0.9140723951736551,0.9037472347212202,0.9062151184178673,0.9137991457977629,0.9261311172668514,0.9407044601917466,0.9407044601917466,0.1332099907493062,0.05929553980825344,0.9715585221100835,0.9675653290859632,0.6,4685,720,569,9027,UNSW-NB15,2,No_FocalLoss,val,100000,True,,17.601474046707153
0.9129333333333334,0.901605976362766,0.904793380640963,0.912569578037459,0.9232969053212133,0.9421573736321001,0.9421573736321001,0.138945420906568,0.05784262636789995,0.9713931139937111,0.9665103072537621,0.6,4654,751,555,9040,UNSW-NB15,2,No_FocalLoss,test,100000,True,,17.601474046707153
0.920605292980468,0.9070758456634143,0.9126463887688845,0.9200129452067702,0.9230846672707138,0.9555022926219258,0.9555022926219258,0.14135060129509713,0.044497707378074194,0.9739761575803054,0.9666481053974307,0.56,4641,764,427,9169,UNSW-NB15,2,No_ContrastiveLearning,val,100000,True,,11.562788963317871
0.9204,0.9057860944573448,0.9122160377524953,0.9197031123850377,0.9206810215322985,0.9581031787389265,0.9581031787389265,0.14653098982423682,0.041896821261073476,0.9740374819409006,0.9660439132516966,0.56,4613,792,402,9193,UNSW-NB15,2,No_ContrastiveLearning,test,100000,True,,11.562788963317871
0.9230717952136525,0.9145387917953789,0.9162163462385438,0.9229120317791358,0.9353341584158416,0.9450812838682785,0.9450812838682785,0.11600370027752081,0.05491871613172155,0.980211400911342,0.9889745037746717,0.5700000000000001,4778,627,527,9069,UNSW-NB15,2,No_HardClassMining,val,100000,True,,17.651861429214478
0.9220666666666667,0.9125019824636926,0.9149572561880914,0.921825697485124,0.9324574009443646,0.9467430953621678,0.9467430953621678,0.12173913043478261,0.053256904637832204,0.9809483335012502,0.9895210170752846,0.5700000000000001,4747,658,511,9084,UNSW-NB15,2,No_HardClassMining,test,100000,True,,17.651861429214478
0.9245383641090594,0.9169375614800956,0.9179492943046691,0.9244453638295339,0.9382767191383595,0.9441433930804501,0.9441433930804501,0.11026827012025901,0.055856606919549814,0.9792161126340415,0.9883409821127878,0.495,4809,596,536,9060,UNSW-NB15,2,PlainKD_NoHardClassExtras,val,100000,True,,11.247028350830078
0.9251333333333334,0.9163129405106634,0.9183858493301227,0.9249409056652613,0.9358921588804281,0.9478895257946848,0.9478895257946848,0.115263644773358,0.05211047420531527,0.9793034068487915,0.9884267972864027,0.495,4782,623,500,9095,UNSW-NB15,2,PlainKD_NoHardClassExtras,test,100000,True,,11.247028350830078
0.9988894287499133,0.997906311474732,0.9983662087469694,0.9988889153487084,0.9989365473236441,0.9996452642781128,0.9996452642781128,0.0038326413286489938,0.000354735721887194,0.999985526193398,0.9999959620083378,0.41000000000000003,3119,12,4,11272,ToN-IoT-Network,2,Full_AegisGraphX_backbone,val,100000,True,,
0.9987866531850353,0.997617369651268,0.9982552789718953,0.9987858743294646,0.9986975774941391,0.9997392438070404,0.9997392438070404,0.0045045045045045045,0.0002607561929595828,0.9999726975998162,0.9999920358230479,0.41000000000000003,3315,15,3,11502,ToN-IoT-Network,2,Full_AegisGraphX_backbone,test,100000,True,,
0.9992364822655654,0.9987047784182005,0.9988774170072063,0.9992363500618621,0.9993793776043975,0.9996452642781128,0.9996452642781128,0.002235707441711913,0.000354735721887194,0.9999888968058943,0.9999969117957039,0.545,3124,7,4,11272,ToN-IoT-Network,2,No_ExpertEnsemble_BestSingleExpert,val,100000,True,LightGBM,
0.9989214694978092,0.9978109791669114,0.998449136863907,0.9989207771817464,0.9987844056611965,0.9998261625380269,0.9998261625380269,0.004204204204204204,0.0001738374619730552,0.9999804498109583,0.9999943148610054,0.545,3316,14,2,11503,ToN-IoT-Network,2,No_ExpertEnsemble_BestSingleExpert,test,100000,True,LightGBM,
0.9993058929686958,0.9988644718068942,0.9989795877894474,0.999305812864319,0.9994679907785068,0.9996452642781128,0.9996452642781128,0.0019163206643244969,0.000354735721887194,0.999982098931952,0.999995002211725,0.5,3125,6,4,11272,ToN-IoT-Network,2,No_MoERouter_EqualWeight,val,100000,True,,
0.9988540613414223,0.9977675198014181,0.998352384176436,0.9988533872089016,0.9987843001042028,0.9997392438070404,0.9997392438070404,0.004204204204204204,0.0002607561929595828,0.999953852157242,0.9999871791031355,0.5,3316,14,3,11502,ToN-IoT-Network,2,No_MoERouter_EqualWeight,test,100000,True,,
0.9990976608593045,0.998500743064271,0.9986733110085166,0.9990975046185642,0.9992907172621687,0.999556580347641,0.999556580347641,0.0025550942190993293,0.00044341965235899253,0.999919700114057,0.9999749407046952,0.465,3123,8,5,11271,ToN-IoT-Network,2,No_GraphBranch,val,100000,True,,
0.9988540613414223,0.9977675198014181,0.998352384176436,0.9988533872089016,0.9987843001042028,0.9997392438070404,0.9997392438070404,0.004204204204204204,0.0002607561929595828,0.9999302300997216,0.9999791301320387,0.465,3316,14,3,11502,ToN-IoT-Network,2,No_GraphBranch,test,100000,True,,
0.9991670715624349,0.9986604364529645,0.9987755053473368,0.9991669754371826,0.9993793225749247,0.999556580347641,0.999556580347641,0.002235707441711913,0.00044341965235899253,0.9999095882765678,0.9999712532436741,0.455,3124,7,5,11271,ToN-IoT-Network,2,No_TemporalBranch,val,100000,True,,
0.9988540613414223,0.9977675198014181,0.998352384176436,0.9988533872089016,0.9987843001042028,0.9997392438070404,0.9997392438070404,0.004204204204204204,0.0002607561929595828,0.9998790968282495,0.9999630541615222,0.455,3316,14,3,11502,ToN-IoT-Network,2,No_TemporalBranch,test,100000,True,,
0.9987506073436524,0.9980483303911757,0.9981632580210051,0.998750463155774,0.999113317964178,0.9992905285562256,0.9992905285562256,0.0031938677738741618,0.000709471443774388,0.999985526193398,0.9999959620083378,0.5,3121,10,8,11268,ToN-IoT-Network,2,No_Calibration_Raw0.5,val,100000,True,,
0.9987192450286485,0.9975739102857747,0.9981585470207226,0.9987184915864193,0.9986974643973602,0.9996523250760538,0.9996523250760538,0.0045045045045045045,0.0003476749239461104,0.9999726975998162,0.9999920358230479,0.5,3315,15,4,11501,ToN-IoT-Network,2,No_Calibration_Raw0.5,test,100000,True,,
0.9554383285902687,0.942925305301016,0.9355798473589705,0.9558007911805635,0.977717879604672,0.9650585313941114,0.9650585313941114,0.07920792079207921,0.03494146860588861,0.9681899861878531,0.9826793996320502,0.74,2883,248,394,10882,ToN-IoT-Network,2,Full_DistilledStudent,val,100000,True,,26.896886825561523
0.9584765756656556,0.9453827360607021,0.9409570031436152,0.958680367252968,0.9771273332749102,0.9691438504997827,0.9691438504997827,0.07837837837837838,0.030856149500217298,0.9647133443743613,0.9751353509782841,0.74,3069,261,355,11150,ToN-IoT-Network,2,Full_DistilledStudent,test,100000,True,,26.896886825561523
0.9779273964045255,0.9579842105781944,0.9669184673015881,0.977707509239192,0.9788498514245761,0.9932600212841434,0.9932600212841434,0.07729160012775471,0.006739978715856687,0.9789281911118025,0.9829675554034403,0.165,2889,242,76,11200,ToN-IoT-Network,2,No_FocalLoss,val,100000,True,,28.021730661392212
0.9786990225817324,0.9591673812012795,0.9687622892211167,0.978471001450474,0.9782850303496623,0.9946110386788353,0.9946110386788353,0.07627627627627627,0.005388961321164711,0.9749792034537798,0.9786446732967418,0.165,3076,254,62,11443,ToN-IoT-Network,2,No_FocalLoss,test,100000,True,,28.021730661392212
0.9539112931213993,0.9327216681892017,0.9323226852213442,0.9539325182489895,0.9708910188143415,0.9702021993614757,0.9702021993614757,0.1047588629830725,0.0297978006385243,0.9671406493714404,0.9849243059766226,0.48500000000000004,2803,328,336,10940,ToN-IoT-Network,2,No_ContrastiveLearning,val,100000,True,,7.422627687454224
0.9573980451634648,0.9374324128561417,0.9386489370061242,0.9573386040206662,0.9714682161130864,0.9736636245110821,0.9736636245110821,0.0987987987987988,0.026336375488917863,0.9724852231631891,0.9885289534602852,0.48500000000000004,3001,329,303,11202,ToN-IoT-Network,2,No_ContrastiveLearning,test,100000,True,,7.422627687454224
0.9893107517179149,0.9781756523041564,0.9840935196469743,0.9892437263149918,0.9885784572131435,0.9978715856686768,0.9978715856686768,0.0415202810603641,0.002128414331323164,0.9796954161596112,0.9828109339215274,0.35000000000000003,3001,130,24,11252,ToN-IoT-Network,2,No_HardClassMining,val,100000,True,,13.12415862083435
0.9859791034715201,0.9727163278010735,0.9795701397658588,0.9858757455299436,0.9853080161525904,0.9967840069534984,0.9967840069534984,0.051351351351351354,0.0032159930465015213,0.9710608913998745,0.9738080619579508,0.35000000000000003,3159,171,37,11468,ToN-IoT-Network,2,No_HardClassMining,test,100000,True,,13.12415862083435
0.9808426459360033,0.9721891754280876,0.9718625881279885,0.9808492659565031,0.9880212954747116,0.9874955658034764,0.9874955658034764,0.04311721494730118,0.012504434196523589,0.9809961185272768,0.9879089542282764,0.34500000000000003,2996,135,141,11135,ToN-IoT-Network,2,PlainKD_NoHardClassExtras,val,100000,True,,7.2600932121276855
0.9809234917425008,0.971163927943589,0.9725249768787776,0.9808958448391455,0.9865591397849462,0.9888744024337245,0.9888744024337245,0.046546546546546545,0.011125597566275533,0.9760739226840922,0.9818756494459266,0.34500000000000003,3175,155,128,11377,ToN-IoT-Network,2,PlainKD_NoHardClassExtras,test,100000,True,,7.2600932121276855
0.995676021940185,0.9649292567410676,0.9532075281606613,0.9957304572862777,0.9984099791758563,0.9971620306336766,0.9971620306336766,0.06730351715154147,0.0028379693663234465,0.9990226542274535,0.9999770798832341,0.26,2148,155,277,97328,CICIoT2023,2,Full_AegisGraphX_backbone,val,100000,True,,
0.9955561783133495,0.961438861958591,0.9539760937713517,0.9955920805849825,0.9981416837782341,0.9973020660224452,0.9973020660224452,0.07442434210526316,0.0026979339775548305,0.9990483145201436,0.9999764126201031,0.26,2251,181,263,97219,CICIoT2023,2,Full_AegisGraphX_backbone,test,100000,True,,
0.9959462705689234,0.9686713216622789,0.9561953381755859,0.9960001500334641,0.9985842668964668,0.9972644844014139,0.9972644844014139,0.059921841076856275,0.002735515598586138,0.9993298798450416,0.9999842535266912,0.5,2165,138,267,97338,CICIoT2023,2,No_ExpertEnsemble_BestSingleExpert,val,100000,True,XGBoost,
0.9960866345056749,0.9707315399118217,0.9597632448155338,0.9961321674019167,0.9986031654735372,0.9973841324552225,0.9973841324552225,0.05592105263157895,0.0026158675447774974,0.9994233500192747,0.9999856755012719,0.5,2296,136,255,97227,CICIoT2023,2,No_ExpertEnsemble_BestSingleExpert,test,100000,True,XGBoost,
0.9958561876926773,0.9658694068578584,0.9550644716585972,0.9959041829883577,0.998451170853292,0.9973054659085088,0.9973054659085088,0.06556665219279201,0.0026945340914912145,0.9990809323150505,0.999978454252862,0.365,2152,151,263,97342,CICIoT2023,2,No_MoERouter_EqualWeight,val,100000,True,,
0.9958864623576276,0.9642141423679838,0.9573379407457308,0.995916903411809,0.9982752779574363,0.9975072321043885,0.9975072321043885,0.06907894736842106,0.0024927678956114976,0.9991475399911885,0.9999788578906128,0.365,2264,168,243,97239,CICIoT2023,2,No_MoERouter_EqualWeight,test,100000,True,,
0.9951955799335389,0.9530241689683732,0.9473342573700272,0.9952257313305467,0.9978471474703983,0.9972337482710927,0.9972337482710927,0.0911854103343465,0.0027662517289073307,0.9985026357377292,0.9999645049993169,0.2,2093,210,270,97335,CICIoT2023,2,No_GraphBranch,val,100000,True,,
0.9949256360470005,0.9547009108766639,0.9474353165994642,0.9949661410104649,0.9978131641358918,0.996984058595433,0.996984058595433,0.08758223684210527,0.003015941404566997,0.9987235497727516,0.9999675694626919,0.2,2219,213,294,97188,CICIoT2023,2,No_GraphBranch,test,100000,True,,
0.9952155983504825,0.9526104434822331,0.9474877850553276,0.9952426572064997,0.9978267777880289,0.9972747297781875,0.9972747297781875,0.09205384281372124,0.002725270221812407,0.9979949112552625,0.9999368164070104,0.195,2091,212,266,97339,CICIoT2023,2,No_TemporalBranch,val,100000,True,,
0.9948255499729768,0.9516426750579594,0.9461863895800725,0.994856785050554,0.9976596421716057,0.9970353501159188,0.9970353501159188,0.09375,0.0029646498840811635,0.998381929686884,0.9999538465379232,0.195,2204,228,289,97193,CICIoT2023,2,No_TemporalBranch,test,100000,True,,
0.9943648156303799,0.9850327568451562,0.9428672005823608,0.9946085868253506,0.9994133146691918,0.9948158393524922,0.9948158393524922,0.024750325662179766,0.005184160647507812,0.9990226542274535,0.9999770798832341,0.5,2246,57,506,97099,CICIoT2023,2,No_Calibration_Raw0.5,val,100000,True,,
0.9949856876914146,0.9864048323968582,0.9510436786893615,0.9951671952661809,0.9994335211296619,0.9954247963726637,0.9954247963726637,0.02261513157894737,0.004575203627336329,0.9990483145201436,0.9999764126201031,0.5,2377,55,446,97036,CICIoT2023,2,No_Calibration_Raw0.5,test,100000,True,,
0.9797013252192016,0.6623056817821119,0.7088776407581772,0.976722214101451,0.9843510870116049,0.9950412376415143,0.9950412376415143,0.6704298740772905,0.0049587623584857335,0.9486327104273267,0.9975877417471806,0.01,759,1544,484,97121,CICIoT2023,2,Full_DistilledStudent,val,100000,True,,21.472312927246094
0.9790419760994455,0.663908182543012,0.7126031332353617,0.9758514234396315,0.9835452278119107,0.9951683387702345,0.9951683387702345,0.6673519736842105,0.004831661229765495,0.9552717736891239,0.9977727447639368,0.01,809,1623,471,97011,CICIoT2023,2,Full_DistilledStudent,test,100000,True,,21.472312927246094
0.9797513712615606,0.6502481256310076,0.6996933946459349,0.9763290564593735,0.983792921930677,0.9956764510014856,0.9956764510014856,0.6951801997394702,0.00432354899851442,0.6988203069239951,0.9780176606436235,0.62,702,1601,422,97183,CICIoT2023,2,No_FocalLoss,val,100000,True,,41.24703001976013
0.9793622515363213,0.6604639822507044,0.7118138842126434,0.9759716936456505,0.9833741970780734,0.9956812539750929,0.9956812539750929,0.6747532894736842,0.004318746024907162,0.7156594285895157,0.9782440514048653,0.62,791,1641,421,97061,CICIoT2023,2,No_FocalLoss,test,100000,True,,41.24703001976013
0.9846859110381551,0.8346571111956811,0.8315641308490738,0.9847566385185591,0.992384251903937,0.9919368884790738,0.9919368884790738,0.3226226660877117,0.008063111520926182,0.8845625861395178,0.9911247437475831,0.55,1560,743,787,96818,CICIoT2023,2,No_ContrastiveLearning,val,100000,True,,10.662606239318848
0.9837760474007646,0.8236976897354329,0.82730583706657,0.9836855593973117,0.9914083886115013,0.9919677478919185,0.9919677478919185,0.34457236842105265,0.008032252108081492,0.8823040622580526,0.9907960949936112,0.55,1594,838,783,96699,CICIoT2023,2,No_ContrastiveLearning,test,100000,True,,10.662606239318848
0.9856868318853345,0.7982839149608816,0.8261877743308665,0.985013544742919,0.9906437163933924,0.9947441217150761,0.9947441217150761,0.3981762917933131,0.0052558782849239285,0.9879518595414453,0.9996241403377893,0.685,1386,917,513,97092,CICIoT2023,2,No_HardClassMining,val,100000,True,,19.541401147842407
0.9853874331925456,0.7984632992973602,0.8299020306563019,0.9846126592921703,0.9901182139284183,0.994952914384194,0.994952914384194,0.3980263157894737,0.005047085615805995,0.9885882419824603,0.9996356496918081,0.685,1464,968,492,96990,CICIoT2023,2,No_HardClassMining,test,100000,True,,19.541401147842407
0.9870480842374985,0.8182712748440655,0.8443847198167512,0.9865141778559112,0.9915682451537825,0.995205163669894,0.995205163669894,0.3586626139817629,0.00479483633010604,0.9002490164849801,0.991476896176672,0.03,1477,826,468,97137,CICIoT2023,2,PlainKD_NoHardClassExtras,val,100000,True,,11.463519096374512
0.9863082250735633,0.8103615696190606,0.8413977698459462,0.9856193602440971,0.9906980068616239,0.9953119550275948,0.9953119550275948,0.3745888157894737,0.004688044972405162,0.8927753273984995,0.9903077221342423,0.03,1521,911,457,97025,CICIoT2023,2,PlainKD_NoHardClassExtras,test,100000,True,,11.463519096374512
0.9454036397573495,0.9372666871158184,0.9402899284047421,0.945206779343092,0.9494887525562372,0.9661845801685569,0.9661845801685569,0.09165120593692022,0.033815419831443136,0.9908647597478846,0.9950203404470629,0.39,4896,494,325,9286,UNSW-NB15,3,Full_AegisGraphX_backbone,val,100000,True,,
0.9458666666666666,0.9384845717683535,0.9408860350508732,0.9457133812655376,0.9514573070607554,0.9647242455775235,0.9647242455775235,0.08775510204081632,0.03527575442247659,0.9916409545560728,0.9954783892250197,0.39,4917,473,339,9271,UNSW-NB15,3,Full_AegisGraphX_backbone,test,100000,True,,
0.9459369375374975,0.942449533610703,0.9414235337618335,0.9459987204422076,0.9605400879212895,0.954843408594319,0.954843408594319,0.0699443413729128,0.04515659140568099,0.9908348002607557,0.9950053852194457,0.375,5013,377,434,9177,UNSW-NB15,3,No_ExpertEnsemble_BestSingleExpert,val,100000,True,LightGBM,
0.9462,0.9424108892445446,0.9416727585025397,0.9462444165832486,0.9599749190093009,0.9558792924037461,0.9558792924037461,0.07105751391465677,0.0441207075962539,0.9915062097112046,0.9954059579950546,0.375,5007,383,424,9186,UNSW-NB15,3,No_ExpertEnsemble_BestSingleExpert,test,100000,True,LightGBM,
0.9435370975268316,0.9404137169666251,0.9388917236653931,0.9436325658000961,0.9600041990342222,0.9515138903339923,0.9515138903339923,0.07068645640074211,0.0484861096660077,0.9898558952529849,0.9944196895826546,0.53,5009,381,466,9145,UNSW-NB15,3,No_MoERouter_EqualWeight,val,100000,True,,
0.9444,0.9420244836180618,0.9399059235158718,0.9445292786506893,0.96228402865571,0.950468262226847,0.950468262226847,0.06641929499072356,0.049531737773152965,0.9908554400854087,0.9950331497156842,0.53,5032,358,476,9134,UNSW-NB15,3,No_MoERouter_EqualWeight,test,100000,True,,
0.9458036130924605,0.9412454884622192,0.9411556165173931,0.9458091254223645,0.9579429523214658,0.9574445947351993,0.9574445947351993,0.07495361781076067,0.04255540526480075,0.9907089105730542,0.9949468143102966,0.47500000000000003,4986,404,409,9202,UNSW-NB15,3,No_GraphBranch,val,100000,True,,
0.9478666666666666,0.9439967643475893,0.9434545918197643,0.94789825670137,0.9607515657620042,0.9577523413111342,0.9577523413111342,0.06975881261595547,0.042247658688865763,0.991520023012516,0.9954057351466861,0.47500000000000003,5014,376,406,9204,UNSW-NB15,3,No_GraphBranch,test,100000,True,,
0.946003599760016,0.9421756320882322,0.9414557721338801,0.946047109232641,0.9597743182530561,0.9557798356050359,0.9557798356050359,0.07142857142857142,0.0442201643949641,0.9906666256139329,0.9949181865815092,0.48500000000000004,5005,385,425,9186,UNSW-NB15,3,No_TemporalBranch,val,100000,True,,
0.9480666666666666,0.9448046156311356,0.9437372015675639,0.9481280553811215,0.9623076117684012,0.9563995837669095,0.9563995837669095,0.06679035250463822,0.04360041623309053,0.9914756679324838,0.9953758255850094,0.48500000000000004,5030,360,419,9191,UNSW-NB15,3,No_TemporalBranch,test,100000,True,,
0.944803679754683,0.9455577145775876,0.940689276457409,0.9450848462670253,0.9701316775505835,0.9428779523462699,0.9428779523462699,0.05176252319109462,0.0571220476537301,0.9908647597478846,0.9950203404470629,0.5,5111,279,549,9062,UNSW-NB15,3,No_Calibration_Raw0.5,val,100000,True,,
0.9475333333333333,0.9478916133665651,0.9435576978672398,0.9477720112726442,0.9707608579660655,0.9466181061394381,0.9466181061394381,0.05083487940630798,0.05338189386056191,0.9916409545560728,0.9954783892250197,0.5,5116,274,513,9097,UNSW-NB15,3,No_Calibration_Raw0.5,test,100000,True,,
0.9181387907472836,0.909877886134259,0.9108807108013506,0.918037065730522,0.9334091614104022,0.9392362917490376,0.9392362917490376,0.11948051948051948,0.06076370825096244,0.9777336053366493,0.9884137343683413,0.5650000000000001,4746,644,584,9027,UNSW-NB15,3,Full_DistilledStudent,val,100000,True,,18.64657688140869
0.9227333333333333,0.9145645865952094,0.9158327300780829,0.9226128338585619,0.9362932369643779,0.9436004162330905,0.9436004162330905,0.11447124304267162,0.05639958376690947,0.9804834848517024,0.989696823534963,0.5650000000000001,4773,617,542,9068,UNSW-NB15,3,Full_DistilledStudent,test,100000,True,,18.64657688140869
0.9057396173588428,0.8926644523928886,0.8965769980265028,0.9052389053505357,0.9158802638254693,0.9391322443034024,0.9391322443034024,0.15380333951762523,0.06086775569659765,0.9700721421361461,0.9699644303901561,0.625,4561,829,585,9026,UNSW-NB15,3,No_FocalLoss,val,100000,True,,17.376290321350098
0.9048,0.8918514071033767,0.895594641741543,0.9043163776756895,0.9155830963023162,0.9378772112382935,0.9378772112382935,0.1541743970315399,0.06212278876170656,0.9692912840095833,0.9668573821997538,0.625,4559,831,597,9013,UNSW-NB15,3,No_FocalLoss,test,100000,True,,17.376290321350098
0.9214719018732085,0.9130087007987331,0.9144240349553594,0.9213343825187138,0.9349149045899948,0.9430860472375403,0.9430860472375403,0.11706864564007421,0.05691395276245968,0.9763695510458892,0.9735807660989975,0.605,4759,631,547,9064,UNSW-NB15,3,No_ContrastiveLearning,val,100000,True,,13.058368444442749
0.9258,0.9176096907403581,0.9191261140402012,0.9256621545949356,0.9380348489535003,0.9467221644120708,0.9467221644120708,0.11150278293135436,0.05327783558792924,0.9761979925827109,0.9708673067538759,0.605,4789,601,512,9098,UNSW-NB15,3,No_ContrastiveLearning,test,100000,True,,13.058368444442749
0.9186720885274315,0.9049570500252011,0.910427939921221,0.9180742926495916,0.9220400362136606,0.9536988866923317,0.9536988866923317,0.1437847866419295,0.0463011133076683,0.9784309452160278,0.9882127063468078,0.5650000000000001,4615,775,445,9166,UNSW-NB15,3,No_HardClassMining,val,100000,True,,13.926430463790894
0.9223333333333333,0.909975211350267,0.9146557656301103,0.9218572183324,0.9269895843866923,0.9539021852237253,0.9539021852237253,0.1339517625231911,0.04609781477627471,0.9800895596153512,0.9891014230904849,0.5650000000000001,4668,722,443,9167,UNSW-NB15,3,No_HardClassMining,test,100000,True,,13.926430463790894
0.9204053063129125,0.9082244776345285,0.9125996341667504,0.919949119361698,0.9262635470475032,0.9515138903339923,0.9515138903339923,0.13506493506493505,0.0484861096660077,0.9802026473608143,0.9892198363869368,0.435,4662,728,466,9145,UNSW-NB15,3,PlainKD_NoHardClassExtras,val,100000,True,,18.05327010154724
0.9258666666666666,0.9140362833242275,0.918577689302772,0.9254314068775571,0.9301478031990281,0.9560874089490115,0.9560874089490115,0.1280148423005566,0.043912591050988554,0.9825201986953139,0.9904107982149438,0.435,4700,690,422,9188,UNSW-NB15,3,PlainKD_NoHardClassExtras,test,100000,True,,18.05327010154724
0.9987457320047384,0.9973580483419248,0.9980198306693748,0.998744896579102,0.9987852494577006,0.9996526270082501,0.9996526270082501,0.004936530324400564,0.00034737299174989145,0.9999764518837575,0.9999942152916012,0.33,2822,14,4,11511,ToN-IoT-Network,3,Full_AegisGraphX_backbone,val,100000,True,,
0.9985592665356909,0.9976515980295635,0.998083199437638,0.9985586409547473,0.998602009611184,0.9994752951464801,0.9994752951464801,0.0041720990873533245,0.000524704853519895,0.9999846305488365,0.9999948074559747,0.33,3819,16,6,11429,ToN-IoT-Network,3,Full_AegisGraphX_backbone,test,100000,True,,
0.9987457320047384,0.9978895804638213,0.9980219377319064,0.9987455652510756,0.999131718329426,0.9993052540165002,0.9993052540165002,0.003526093088857546,0.0006947459834997829,0.9999670203885653,0.9999921621626664,0.34,2826,10,8,11507,ToN-IoT-Network,3,No_ExpertEnsemble_BestSingleExpert,val,100000,True,LightGBM,
0.9990831696136214,0.9986946228014018,0.9987810642174918,0.9990830901331172,0.9993005158695462,0.9994752951464801,0.9994752951464801,0.0020860495436766623,0.000524704853519895,0.9999247717813228,0.999971838077099,0.34,3827,8,6,11429,ToN-IoT-Network,3,No_ExpertEnsemble_BestSingleExpert,test,100000,True,LightGBM,
0.998885095115323,0.9979764237117588,0.9982412547276773,0.9988847985171944,0.9991318690858582,0.9994789405123752,0.9994789405123752,0.003526093088857546,0.0005210594876248371,0.9999327546641499,0.9999842352424024,0.505,2826,10,6,11509,ToN-IoT-Network,3,No_MoERouter_EqualWeight,val,100000,True,,
0.9992796332678454,0.9989124517068015,0.9990421817030862,0.9992795395739491,0.9993880048959608,0.9996501967643201,0.9996501967643201,0.0018252933507170795,0.00034980323567993004,0.9999717466617335,0.9999903613141982,0.505,3828,7,4,11431,ToN-IoT-Network,3,No_MoERouter_EqualWeight,test,100000,True,,
0.9984670057835691,0.9969185957851016,0.9975797930403469,0.9984659847077914,0.9986117136659436,0.9994789405123752,0.9994789405123752,0.005641748942172073,0.0005210594876248371,0.9999720729752755,0.9999931354733661,0.365,2820,16,6,11509,ToN-IoT-Network,3,No_GraphBranch,val,100000,True,,
0.9984937786509496,0.997347914549044,0.9979952013496614,0.9984927965551492,0.9983406113537118,0.9996501967643201,0.9996501967643201,0.004954367666232073,0.00034980323567993004,0.9999845621388165,0.9999948113396647,0.365,3816,19,4,11431,ToN-IoT-Network,3,No_GraphBranch,test,100000,True,,
0.9984670057835691,0.9970514788155757,0.9975804376017418,0.998466189328469,0.9986982556625879,0.9993920972644377,0.9993920972644377,0.005289139633286318,0.0006079027355623101,0.9999712155666216,0.9999929174653595,0.44,2821,15,7,11508,ToN-IoT-Network,3,No_TemporalBranch,val,100000,True,,
0.9988212180746562,0.9981731104154825,0.9984322530728433,0.9988209112392616,0.9989511406345599,0.9994752951464801,0.9994752951464801,0.0031290743155149934,0.000524704853519895,0.9999836043985363,0.9999944646925678,0.44,3823,12,6,11429,ToN-IoT-Network,3,No_TemporalBranch,test,100000,True,,
0.9983973242282768,0.9975395893135035,0.9974734835100926,0.9983974306860687,0.9990446413062359,0.9989578810247504,0.9989578810247504,0.0038787023977433005,0.0010421189752496743,0.9999764518837575,0.9999942152916012,0.5,2825,11,12,11503,ToN-IoT-Network,3,No_Calibration_Raw0.5,val,100000,True,,
0.9989521938441388,0.9986071719924817,0.9986071719924817,0.9989521938441388,0.9993003935286401,0.9993003935286401,0.9993003935286401,0.0020860495436766623,0.0006996064713598601,0.9999846305488365,0.9999948074559747,0.5,3827,8,8,11427,ToN-IoT-Network,3,No_Calibration_Raw0.5,test,100000,True,,
0.9717789701066127,0.9639435010567562,0.9562385497721684,0.9720097504366495,0.9877941693010186,0.9768996960486322,0.9768996960486322,0.04901269393511989,0.023100303951367782,0.9608754479194672,0.9746889620840661,0.755,2697,139,266,11249,ToN-IoT-Network,3,Full_DistilledStudent,val,100000,True,,21.980700969696045
0.973018991486575,0.9693338403275928,0.964500895766621,0.9731556454286063,0.9870967741935484,0.9767380848272846,0.9767380848272846,0.03807040417209909,0.023261915172715347,0.9710931408123348,0.9734353054870173,0.755,3689,146,266,11169,ToN-IoT-Network,3,Full_DistilledStudent,test,100000,True,,21.980700969696045
0.9001463312661139,0.8903375709735324,0.8557750154585256,0.9041542428321511,0.9669321971100407,0.9065566652192792,0.9065566652192792,0.12588152327221439,0.0934433347807208,0.9122373037682496,0.9682005227413806,0.545,2479,357,1076,10439,ToN-IoT-Network,3,No_FocalLoss,val,100000,True,,20.050025463104248
0.8888015717092338,0.8961190425561631,0.8633888251765418,0.8927141931766116,0.967181652432588,0.8814167031045037,0.8814167031045037,0.08917861799217731,0.11858329689549628,0.9251484354913465,0.9683150981259442,0.545,3493,342,1356,10079,ToN-IoT-Network,3,No_FocalLoss,test,100000,True,,20.050025463104248
0.9536617657306111,0.9293993484919101,0.92729770384015,0.9537746412559464,0.9726433176511587,0.969518019973947,0.969518019973947,0.11071932299012693,0.030481980026052975,0.9593655359692116,0.9820998129762385,0.68,2522,314,351,11164,ToN-IoT-Network,3,No_ContrastiveLearning,val,100000,True,,10.052124261856079
0.9461034708578913,0.9393179749037841,0.9298683239095782,0.9466625415231863,0.9745126095510642,0.9529514648010494,0.9529514648010494,0.07431551499348109,0.04704853519895059,0.9569530519135138,0.9770717506907614,0.68,3550,285,538,10897,ToN-IoT-Network,3,No_ContrastiveLearning,test,100000,True,,10.052124261856079
0.9810466169604906,0.9636059576427877,0.9697206864355273,0.9809201567586623,0.9840695771979678,0.9924446374294399,0.9924446374294399,0.0652327221438646,0.0075553625705601386,0.9710344543543195,0.9834647005059881,0.125,2651,185,87,11428,ToN-IoT-Network,3,No_HardClassMining,val,100000,True,,17.284491300582886
0.9827111984282908,0.9725990505829389,0.9768120138166181,0.9826330736775261,0.9841379908121696,0.9929164844774814,0.9929164844774814,0.04771838331160365,0.007083515522518583,0.9779114306872528,0.9830883891623159,0.125,3652,183,81,11354,ToN-IoT-Network,3,No_HardClassMining,test,100000,True,,17.284491300582886
0.9735210089889206,0.947488481633388,0.957324761213736,0.9732242334952458,0.976791984242528,0.9905340859748154,0.9905340859748154,0.0955571227080395,0.009465914025184543,0.9652618127946198,0.976430311141852,0.08,2565,271,109,11406,ToN-IoT-Network,3,PlainKD_NoHardClassExtras,val,100000,True,,13.813331842422485
0.9721676489849378,0.9571539493389596,0.9625611523532794,0.971999985501386,0.975799481417459,0.9873196327066025,0.9873196327066025,0.07301173402868318,0.012680367293397464,0.9733611496075832,0.9762124577454985,0.08,3555,280,145,11290,ToN-IoT-Network,3,PlainKD_NoHardClassExtras,test,100000,True,,13.813331842422485
0.9959560773950732,0.9648509644681693,0.9569158200994903,0.9959905612657011,0.9983582839963472,0.9974985391058302,0.9974985391058302,0.06779661016949153,0.002501460894169751,0.999180709003261,0.9999803146958024,0.15000000000000002,2200,160,244,97299,CICIoT2023,3,Full_AegisGraphX_backbone,val,100000,True,,
0.9952259898314584,0.9609146310983168,0.9501922068862085,0.9952814484040331,0.9981520076383684,0.9969544708777687,0.9969544708777687,0.07512520868113523,0.003045529122231337,0.9990422066583491,0.9999765934420749,0.15000000000000002,2216,180,297,97223,CICIoT2023,3,Full_AegisGraphX_backbone,test,100000,True,,
0.9960361550704183,0.9733682489791118,0.9583938344308338,0.9960987437224683,0.9987780459002926,0.9971602267717827,0.9971602267717827,0.050423728813559325,0.002839773228217299,0.999359474144128,0.9999845825305862,0.5700000000000001,2241,119,277,97266,CICIoT2023,3,No_ExpertEnsemble_BestSingleExpert,val,100000,True,XGBoost,
0.9954161495656352,0.9685435443403758,0.9526926940457324,0.9954935406089983,0.9985310432674529,0.9967698933552092,0.9967698933552092,0.059682804674457426,0.0032301066447908123,0.9991754998075818,0.9999798598550862,0.5700000000000001,2253,143,315,97205,CICIoT2023,3,No_ExpertEnsemble_BestSingleExpert,test,100000,True,XGBoost,
0.9961963104211085,0.9715896179294763,0.9598016691152018,0.9962437855210141,0.9986860879294593,0.997416523994546,0.997416523994546,0.05423728813559322,0.002583476005454005,0.9991579593667251,0.999979801290418,0.435,2232,128,252,97291,CICIoT2023,3,No_MoERouter_EqualWeight,val,100000,True,,
0.9956363345209976,0.966010139951601,0.9545365735649519,0.9956899805247719,0.9983982915109451,0.9971287940935193,0.9971287940935193,0.0651085141903172,0.002871205906480722,0.9990705429544181,0.9999773487205291,0.435,2240,156,280,97240,CICIoT2023,3,No_MoERouter_EqualWeight,test,100000,True,,
0.9955156501806752,0.9683467152339768,0.9529867765161883,0.9955890537660738,0.9985417800552481,0.9968629219933772,0.9968629219933772,0.06016949152542373,0.0031370780066227203,0.9991121060559646,0.9999786401787261,0.28,2218,142,306,97237,CICIoT2023,3,No_GraphBranch,val,100000,True,,
0.9953661075303255,0.9654645988460395,0.9519403323243514,0.9954333194759047,0.9983773736045927,0.9968724364232978,0.9968724364232978,0.0659432387312187,0.003127563576702215,0.9990340836724046,0.9999764122144362,0.28,2238,158,305,97215,CICIoT2023,3,No_GraphBranch,test,100000,True,,
0.9954355725053302,0.9683057076783346,0.952223548518297,0.995513799954002,0.9985416602479178,0.996780906882093,0.996780906882093,0.06016949152542373,0.0032190931179069742,0.9990355166265656,0.9999766986279137,0.28,2218,142,314,97229,CICIoT2023,3,No_TemporalBranch,val,100000,True,,
0.9952460066455823,0.9658101809688283,0.9508499001106067,0.995322212302275,0.9983976498865001,0.9967288761279738,0.9967288761279738,0.0651085141903172,0.003271123872026251,0.998986548369514,0.9999752271405196,0.28,2240,156,319,97201,CICIoT2023,3,No_TemporalBranch,test,100000,True,,
0.9932634655615947,0.9911750393611718,0.935266428573667,0.9936443390622557,0.9997317430511132,0.993367027874886,0.993367027874886,0.011016949152542373,0.006632972125114052,0.999180709003261,0.9999803146958024,0.5,2334,26,647,96896,CICIoT2023,3,No_Calibration_Raw0.5,val,100000,True,,
0.9928039553224709,0.9893927413203027,0.9321024802988198,0.9932222405493653,0.9996490105193612,0.9929757998359311,0.9929757998359311,0.014190317195325543,0.007024200164068909,0.9990422066583491,0.9999765934420749,0.5,2362,34,685,96835,CICIoT2023,3,No_Calibration_Raw0.5,test,100000,True,,
0.9801707656426734,0.6884208259651502,0.7332560848948483,0.9777688718610799,0.9851946627673186,0.9946382620997919,0.9946382620997919,0.6177966101694915,0.005361737900208113,0.9036401503587205,0.9956370576224969,0.34,902,1458,523,97020,CICIoT2023,3,Full_DistilledStudent,val,100000,True,,15.749241828918457
0.9795828495936587,0.6868558360872167,0.7304095358699707,0.9771600646614518,0.9848964998882727,0.9943293683347005,0.9943293683347005,0.6206176961602671,0.0056706316652994256,0.8989574417165059,0.9953576799697036,0.34,909,1487,553,96967,CICIoT2023,3,Full_DistilledStudent,test,100000,True,,15.749241828918457
0.9764972022862176,0.5157736344701173,0.524449851499701,0.96619418165291,0.9771057406052344,0.999343879109726,0.999343879109726,0.9677966101694915,0.000656120890274033,0.8366485762819595,0.992831811812324,0.035,76,2284,64,97479,CICIoT2023,3,No_FocalLoss,val,100000,True,,15.489198446273804
0.9760598903078586,0.5165083811411143,0.525652446158704,0.9657066533159542,0.976793841095451,0.9992104183757178,0.9992104183757178,0.9661936560934892,0.0007895816242821986,0.8425622786507729,0.9930516091931725,0.035,81,2315,77,97443,CICIoT2023,3,No_FocalLoss,test,100000,True,,15.489198446273804
0.9804510375063812,0.6790543831429755,0.7285821480722936,0.9776899485565592,0.9847461408953528,0.9953969018791713,0.9953969018791713,0.6372881355932203,0.004603098120828763,0.8055324209905166,0.9905373725860325,0.59,856,1504,449,97094,CICIoT2023,3,No_ContrastiveLearning,val,100000,True,,9.214818716049194
0.9801833540173746,0.6851279254732731,0.7329069616049808,0.9775752462773949,0.984807274646315,0.9950471698113208,0.9950471698113208,0.6247913188647746,0.004952830188679245,0.7999738057241972,0.9900694132787087,0.59,899,1497,483,97037,CICIoT2023,3,No_ContrastiveLearning,test,100000,True,,9.214818716049194
0.9843848533077085,0.9651275265476138,0.866406835117945,0.9860184975632893,0.9986492524131625,0.9853397988579395,0.9853397988579395,0.05508474576271186,0.014660201142060425,0.9897034697604898,0.9996036732757821,0.65,2230,130,1430,96113,CICIoT2023,3,No_HardClassMining,val,100000,True,,17.17213726043701
0.9834861283478121,0.9614142075731908,0.8615068805831738,0.9852474582131564,0.9984609945302914,0.9845980311730927,0.9845980311730927,0.06176961602671119,0.015401968826907302,0.9893396102302032,0.99958315878747,0.65,2248,148,1502,96018,CICIoT2023,3,No_HardClassMining,test,100000,True,,17.17213726043701
0.9861665815841366,0.9277933291306382,0.8701650262913245,0.9870903584114518,0.9967455651868459,0.9890612345324626,0.9890612345324626,0.13347457627118645,0.010938765467537394,0.9751809762474161,0.9985550243803036,0.01,2045,315,1067,96476,CICIoT2023,3,PlainKD_NoHardClassExtras,val,100000,True,,8.304694175720215
0.9860482805556667,0.9275119199897012,0.8706910414838851,0.986967500703401,0.9966827876984127,0.9889971287940935,0.9889971287940935,0.13397328881469114,0.01100287120590648,0.9732551458131613,0.9983905944775001,0.01,2075,321,1073,96447,CICIoT2023,3,PlainKD_NoHardClassExtras,test,100000,True,,8.304694175720215
0.944403706419572,0.9424972146901076,0.9400952585651462,0.9445493561606115,0.9630453197797544,0.9493736951983298,0.9493736951983298,0.06437926581811473,0.050626304801670144,0.9905282711361022,0.9947891136168812,0.42500000000000004,5072,349,485,9095,UNSW-NB15,4,Full_AegisGraphX_backbone,val,100000,True,,
0.9432,0.9410310533167963,0.9387763830673757,0.9433404322835753,0.9617012272534913,0.9488517745302714,0.9488517745302714,0.06678966789667896,0.0511482254697286,0.9907359851782234,0.994947955808873,0.42500000000000004,5058,362,490,9090,UNSW-NB15,4,Full_AegisGraphX_backbone,test,100000,True,,
0.9448703419772015,0.9415011366529067,0.9404243101651437,0.9449365225385816,0.9597646811639878,0.9536534446764092,0.9536534446764092,0.07065117137059583,0.04634655532359081,0.9904021667843179,0.9946917363448436,0.35000000000000003,5038,383,444,9136,UNSW-NB15,4,No_ExpertEnsemble_BestSingleExpert,val,100000,True,LightGBM,
0.9436,0.9399822046237164,0.939031644949665,0.9436600806558008,0.9584295612009238,0.9530271398747391,0.9530271398747391,0.07306273062730627,0.04697286012526096,0.990631495119753,0.9948815058031477,0.35000000000000003,5024,396,450,9130,UNSW-NB15,4,No_ExpertEnsemble_BestSingleExpert,test,100000,True,LightGBM,
0.9416038930737951,0.9367814661070244,0.9367464886244266,0.9416062300497149,0.9543746084777616,0.9541753653444677,0.9541753653444677,0.08061243313041874,0.04582463465553236,0.98988640788028,0.9943933983571096,0.5,4984,437,439,9141,UNSW-NB15,4,No_MoERouter_EqualWeight,val,100000,True,,
0.9416666666666667,0.9371466924481353,0.9368491100928156,0.9416864345792315,0.9551396005437625,0.9534446764091858,0.9534446764091858,0.07915129151291513,0.0465553235908142,0.9900881294825475,0.9945541987605272,0.5,4991,429,446,9134,UNSW-NB15,4,No_MoERouter_EqualWeight,test,100000,True,,
0.9438037464169056,0.9432687830785637,0.9396125279477583,0.9440232763316609,0.9660727621892671,0.9451983298538622,0.9451983298538622,0.05866076369673492,0.054801670146137786,0.9905163712293374,0.9947717219601158,0.525,5103,318,525,9055,UNSW-NB15,4,No_GraphBranch,val,100000,True,,
0.9446,0.9439697940820744,0.9404473198878878,0.9448086299778617,0.9663148918025797,0.9462421711899791,0.9462421711899791,0.05830258302583026,0.05375782881002088,0.9907282045158655,0.9949359189924842,0.525,5104,316,515,9065,UNSW-NB15,4,No_GraphBranch,test,100000,True,,
0.9439370708619426,0.9439737947878408,0.9398191714084034,0.9441836830871162,0.9675762439807384,0.9438413361169102,0.9438413361169102,0.055893746541228556,0.05615866388308977,0.9905117595340782,0.9947691523295861,0.53,5118,303,538,9042,UNSW-NB15,4,No_TemporalBranch,val,100000,True,,
0.9443333333333334,0.944081496660478,0.9402058120246699,0.9445626982576159,0.9670975323149236,0.9449895615866388,0.9449895615866388,0.05682656826568266,0.055010438413361167,0.9907388547789445,0.9949442533145576,0.53,5112,308,527,9053,UNSW-NB15,4,No_TemporalBranch,test,100000,True,,
0.9431371241917206,0.945830083965588,0.9392643402202031,0.9435164280073048,0.973829948962971,0.936116910229645,0.936116910229645,0.04445674229846892,0.06388308977035491,0.9905282711361022,0.9947891136168812,0.5,5180,241,612,8968,UNSW-NB15,4,No_Calibration_Raw0.5,val,100000,True,,
0.9444666666666667,0.946949941837623,0.9406475262261813,0.944822985945608,0.9740921409214092,0.9379958246346556,0.9379958246346556,0.044095940959409594,0.062004175365344465,0.9907359851782234,0.994947955808873,0.5,5181,239,594,8986,UNSW-NB15,4,No_Calibration_Raw0.5,test,100000,True,,
0.918072128524765,0.9086675416371577,0.9107822480578189,0.9178528200872099,0.9300648882480173,0.94258872651357,0.94258872651357,0.12525364323925475,0.05741127348643006,0.9720984734614748,0.9668304826215972,0.62,4742,679,550,9030,UNSW-NB15,4,Full_DistilledStudent,val,100000,True,,11.28498649597168
0.9202666666666667,0.9107388547789445,0.9131132134247892,0.9200273317998382,0.9310983134512546,0.9450939457202505,0.9450939457202505,0.12361623616236163,0.054906054279749476,0.9739817732206549,0.9707406277830439,0.62,4750,670,526,9054,UNSW-NB15,4,Full_DistilledStudent,test,100000,True,,11.28498649597168
0.9181387907472836,0.907318269360744,0.9105892021477353,0.9177923998961915,0.9269938650306748,0.9463465553235908,0.9463465553235908,0.13171001660210294,0.05365344467640919,0.9713340488681804,0.9687299573724464,0.48000000000000004,4707,714,514,9066,UNSW-NB15,4,No_FocalLoss,val,100000,True,,10.969321966171265
0.9167333333333333,0.9049682610604812,0.9088902846887549,0.9163038457797448,0.9241421443844823,0.9473903966597077,0.9473903966597077,0.13745387453874539,0.05260960334029228,0.9731411631705043,0.9729722275867204,0.48000000000000004,4675,745,504,9076,UNSW-NB15,4,No_FocalLoss,test,100000,True,,10.969321966171265
0.9142057196186921,0.8947089798853065,0.90452821823973,0.9129555063961586,0.9066392076100814,0.9650313152400835,0.9650313152400835,0.17561335546947057,0.03496868475991649,0.9721985347325159,0.9686176556500662,0.5750000000000001,4469,952,335,9245,UNSW-NB15,4,No_ContrastiveLearning,val,100000,True,,6.1447412967681885
0.914,0.8943359089123251,0.9042616404387431,0.9127297791876622,0.9062132497059977,0.9652400835073068,0.9652400835073068,0.17656826568265682,0.03475991649269311,0.9736646053047169,0.9726878227631994,0.5750000000000001,4463,957,333,9247,UNSW-NB15,4,No_ContrastiveLearning,test,100000,True,,6.1447412967681885
0.9189387374175055,0.9016980473754929,0.9101858206335818,0.9179593378029901,0.913895486935867,0.9638830897703549,0.9638830897703549,0.1604869950193691,0.0361169102296451,0.9792056638934877,0.9876687303840385,0.5700000000000001,4551,870,346,9234,UNSW-NB15,4,No_HardClassMining,val,100000,True,,11.018094062805176
0.9185333333333333,0.9013700899013165,0.9097561418945783,0.9175614254313933,0.9138443256090315,0.9632567849686847,0.9632567849686847,0.16051660516605165,0.03674321503131524,0.9796270000539253,0.9884672633701349,0.5700000000000001,4550,870,352,9228,UNSW-NB15,4,No_HardClassMining,test,100000,True,,11.018094062805176
0.9130724618358776,0.9054738897175177,0.9057661999841682,0.9130409768674,0.931131485726193,0.9328810020876827,0.9328810020876827,0.12193322265264711,0.06711899791231733,0.9750068742179854,0.9855352239543476,0.435,4760,661,643,8937,UNSW-NB15,4,PlainKD_NoHardClassExtras,val,100000,True,,5.286065578460693
0.9148666666666667,0.9071922979146284,0.907665511835616,0.9148168138401925,0.9320428764699761,0.9348643006263048,0.9348643006263048,0.12047970479704798,0.0651356993736952,0.9761705467263443,0.9862976108207953,0.435,4767,653,624,8956,UNSW-NB15,4,PlainKD_NoHardClassExtras,test,100000,True,,5.286065578460693
0.9973665973665974,0.9972057746987055,0.9959480506306126,0.997369920268298,0.9992156179187729,0.9974769444927788,0.9974769444927788,0.0030653950953678476,0.002523055507221159,0.9995992163189986,0.9997958119421914,0.43,2927,9,29,11465,ToN-IoT-Network,4,Full_AegisGraphX_backbone,val,100000,True,,
0.9980273623926185,0.9983523436407187,0.9975582743379738,0.9980289287435559,0.999645704162976,0.9976133651551312,0.9976133651551312,0.0009086778736937755,0.002386634844868735,0.9992097763554435,0.999730749027679,0.43,4398,4,27,11286,ToN-IoT-Network,4,Full_AegisGraphX_backbone,test,100000,True,,
0.9973665973665974,0.9973325734692049,0.9959490728257032,0.9973702507803626,0.999302649930265,0.9973899425787367,0.9973899425787367,0.0027247956403269754,0.0026100574212632676,0.9999040489789958,0.9999753317647155,0.36000000000000004,2928,8,30,11464,ToN-IoT-Network,4,No_ExpertEnsemble_BestSingleExpert,val,100000,True,LightGBM,
0.9977091950365893,0.9979231955549404,0.9971642518045752,0.9977109353111,0.9993800371977681,0.9974365773888447,0.9974365773888447,0.0015901862789641072,0.002563422611155308,0.9991202981311622,0.9997001592937593,0.36000000000000004,4395,7,29,11284,ToN-IoT-Network,4,No_ExpertEnsemble_BestSingleExpert,test,100000,True,LightGBM,
0.9973665973665974,0.9972057746987055,0.9959480506306126,0.997369920268298,0.9992156179187729,0.9974769444927788,0.9974769444927788,0.0030653950953678476,0.002523055507221159,0.9998779721110267,0.9999678694094374,0.48000000000000004,2927,9,29,11465,ToN-IoT-Network,4,No_MoERouter_EqualWeight,val,100000,True,,
0.9393573019408209,0.8937659942827914,0.9194936886485154,0.9370798315466864,0.9243119266055045,0.9974365773888447,0.9974365773888447,0.20990458882326216,0.002563422611155308,0.9990853381696554,0.9996866734830823,0.48000000000000004,3478,924,29,11284,ToN-IoT-Network,4,No_MoERouter_EqualWeight,test,100000,True,,
0.997020097020097,0.9968614711431009,0.9954166341190738,0.9970244180097542,0.9991282364222823,0.9971289368366104,0.9971289368366104,0.0034059945504087193,0.0028710631633895945,0.9999019154170711,0.9999750059703217,0.465,2926,10,33,11461,ToN-IoT-Network,4,No_GraphBranch,val,100000,True,,
0.9975819280941776,0.9976960260865169,0.9970062966779494,0.9975835987701788,0.9992030461347737,0.9974365773888447,0.9974365773888447,0.002044525215810995,0.002563422611155308,0.9990824666736788,0.999687012426098,0.465,4393,9,29,11284,ToN-IoT-Network,4,No_GraphBranch,test,100000,True,,
0.9972972972972973,0.997035474971185,0.995840895545788,0.9973005379148495,0.9991285403050109,0.9974769444927788,0.9974769444927788,0.0034059945504087193,0.002523055507221159,0.9997783466222633,0.9999414034728538,0.38,2926,10,29,11465,ToN-IoT-Network,4,No_TemporalBranch,val,100000,True,,
0.9977728285077951,0.9978286169112318,0.9972420699061482,0.9977741373120057,0.9992032577903682,0.9977017590382745,0.9977017590382745,0.002044525215810995,0.0022982409617254484,0.9991628083198524,0.9997148450286282,0.38,4393,9,26,11287,ToN-IoT-Network,4,No_TemporalBranch,test,100000,True,,
0.9973665973665974,0.9972057746987055,0.9959480506306126,0.997369920268298,0.9992156179187729,0.9974769444927788,0.9974769444927788,0.0030653950953678476,0.002523055507221159,0.9995992163189986,0.9997958119421914,0.5,2927,9,29,11465,ToN-IoT-Network,4,No_Calibration_Raw0.5,val,100000,True,,
0.997836461979001,0.9982197528160038,0.9973225327974824,0.9978384027427946,0.9996456099937981,0.9973481835057014,0.9973481835057014,0.0009086778736937755,0.0026518164942985947,0.9992097763554435,0.999730749027679,0.5,4398,4,30,11283,ToN-IoT-Network,4,No_Calibration_Raw0.5,test,100000,True,,
0.9292446292446292,0.897638484763286,0.8923067412662995,0.9297123081008216,0.9598665144462984,0.9509309204802505,0.9509309204802505,0.15565395095367848,0.04906907951974943,0.9521423539778365,0.9768433589887132,0.63,2479,457,564,10930,ToN-IoT-Network,4,Full_DistilledStudent,val,100000,True,,11.899526357650757
0.8514158447343303,0.7528898594946898,0.7852275671123669,0.8376607613633285,0.8419929910102087,0.9769291964996022,0.9769291964996022,0.4711494775102226,0.023070803500397773,0.8966813056736382,0.9538977383816347,0.63,2328,2074,261,11052,ToN-IoT-Network,4,Full_DistilledStudent,test,100000,True,,11.899526357650757
0.9587664587664587,0.9288497695041934,0.9354129634194254,0.958446179182928,0.969258589511754,0.9792935444579781,0.9792935444579781,0.12159400544959129,0.020706455542021926,0.961410191385246,0.9735471161486813,0.025,2579,357,238,11256,ToN-IoT-Network,4,No_FocalLoss,val,100000,True,,11.56800627708435
0.865478841870824,0.7778533101702002,0.8097193656604635,0.8550177951996432,0.8563018049422884,0.9771059842658888,0.9771059842658888,0.42139936392548843,0.0228940157341112,0.67302354630717,0.7906876462432554,0.025,2547,1855,259,11054,ToN-IoT-Network,4,No_FocalLoss,test,100000,True,,11.56800627708435
0.9382536382536383,0.9349933018008685,0.9100411447926275,0.9399189469259439,0.9812108559498957,0.9404906907951975,0.9404906907951975,0.07050408719346049,0.059509309204802505,0.9384900764478944,0.9713317393216597,0.75,2729,207,684,10810,ToN-IoT-Network,4,No_ContrastiveLearning,val,100000,True,,6.998141050338745
0.9626471524021636,0.9583053663681476,0.9541104979231887,0.9628146612610753,0.979695885509839,0.9681782020684169,0.9681782020684169,0.051567469332121765,0.031821797931583136,0.9601242281448935,0.976380127026093,0.75,4175,227,360,10953,ToN-IoT-Network,4,No_ContrastiveLearning,test,100000,True,,6.998141050338745
0.9817740817740818,0.9635798905150845,0.9714066205431862,0.9816177763970249,0.9830537634408603,0.9942578736732208,0.9942578736732208,0.06709809264305178,0.005742126326779189,0.9797936424832955,0.9830462288212065,0.06999999999999999,2739,197,66,11428,ToN-IoT-Network,4,No_HardClassMining,val,100000,True,,11.65565299987793
0.8848870505886096,0.7985497077841195,0.8356095588768442,0.8751907705481612,0.8653698293095494,0.9948731547776893,0.9948731547776893,0.39777373920945025,0.005126845222310616,0.908289549043806,0.9553497224185585,0.06999999999999999,2651,1751,58,11255,ToN-IoT-Network,4,No_HardClassMining,test,100000,True,,11.65565299987793
0.9826749826749827,0.973401713202813,0.9732816893384586,0.9826771783957252,0.989209885137487,0.9890377588306942,0.9890377588306942,0.04223433242506812,0.010962241169305725,0.9754194404947207,0.9793504904902675,0.255,2812,124,126,11368,ToN-IoT-Network,4,PlainKD_NoHardClassExtras,val,100000,True,,5.578101396560669
0.885141584473433,0.8028203753161708,0.8378008204144387,0.8763369830071018,0.8687558175612783,0.9900114912048086,0.9900114912048086,0.38437074057246706,0.009988508795191373,0.9366789655048192,0.9639680382774071,0.255,2710,1692,113,11200,ToN-IoT-Network,4,PlainKD_NoHardClassExtras,test,100000,True,,5.578101396560669
0.9955056854580397,0.96245393337251,0.9519901249247202,0.9955564695487443,0.9982658307081362,0.997130088967242,0.997130088967242,0.07222222222222222,0.0028699110327579844,0.9988949484659992,0.9999712021979082,0.19,2171,169,280,97284,CICIoT2023,4,Full_AegisGraphX_backbone,val,100000,True,,
0.9953452521572004,0.9607689595424722,0.9506010167254119,0.9953965497818342,0.9981730848181296,0.9970576475533366,0.9970576475533366,0.07551972846839203,0.002942352446663454,0.999126953509323,0.9999790153245247,0.19,2179,178,287,97254,CICIoT2023,4,Full_AegisGraphX_backbone,test,100000,True,,
0.9957759449071109,0.9630094048281085,0.9546648149269674,0.9958139723566385,0.9982867577660142,0.9973863310237383,0.9973863310237383,0.07136752136752136,0.002613668976261736,0.9992696663369246,0.9999825765137074,0.45,2173,167,255,97309,CICIoT2023,4,No_ExpertEnsemble_BestSingleExpert,val,100000,True,XGBoost,
0.9957356503633706,0.9605548594369139,0.9543471124695186,0.9957643688341227,0.9981533726596563,0.9974779836171456,0.9974779836171456,0.07636826474331777,0.0025220163828543894,0.9993334243480795,0.9999839694517572,0.45,2177,180,246,97295,CICIoT2023,4,No_ExpertEnsemble_BestSingleExpert,test,100000,True,XGBoost,
0.9955757527226137,0.9664522643387798,0.9530349801502089,0.9956392851441581,0.998460306706904,0.9970070927801238,0.9970070927801238,0.0641025641025641,0.002992907219876184,0.9991171475607333,0.9999789532471471,0.365,2190,150,292,97272,CICIoT2023,4,No_MoERouter_EqualWeight,val,100000,True,,
0.9956755891008829,0.9681833998489553,0.9544474995782091,0.995738924830489,0.9985317521433339,0.997037143355102,0.997037143355102,0.060670343657191345,0.0029628566448980428,0.999212806683857,0.9999810760786161,0.365,2214,143,289,97252,CICIoT2023,4,No_MoERouter_EqualWeight,test,100000,True,,
0.9952053971812941,0.9641771414915197,0.9492779025427828,0.9952822127458818,0.998357373851445,0.9967303513591078,0.9967303513591078,0.06837606837606838,0.0032696486408921323,0.9989594995632056,0.9999752092024466,0.2,2180,160,319,97245,CICIoT2023,4,No_GraphBranch,val,100000,True,,
0.9948647620572985,0.9617649572786939,0.9461548453793842,0.9949514007555942,0.9982335784414411,0.9965040342010026,0.9965040342010026,0.07297411964361476,0.0034959657989973446,0.9989602840422137,0.9999750307410674,0.2,2185,172,341,97200,CICIoT2023,4,No_GraphBranch,test,100000,True,,
0.9952053971812941,0.9618830873935216,0.9490519956044197,0.9952718943472161,0.998244839726154,0.9968430978639662,0.9968430978639662,0.07307692307692308,0.003156902136033783,0.9988489738228372,0.9999725394219431,0.17,2169,171,308,97256,CICIoT2023,4,No_TemporalBranch,val,100000,True,,
0.9948047007948108,0.9573870325787135,0.9451306115353189,0.994874207205806,0.9980186432325887,0.996657815687762,0.996657815687762,0.08188375053033517,0.0033421843122379306,0.9988680825695624,0.9999727497305989,0.17,2164,193,326,97215,CICIoT2023,4,No_TemporalBranch,test,100000,True,,
0.9946348494554773,0.9864084657820051,0.9461978299880596,0.9948555937420196,0.999464646048676,0.9950391537862326,0.9950391537862326,0.022222222222222223,0.004960846213767373,0.9988949484659992,0.9999712021979082,0.5,2288,52,484,97080,CICIoT2023,4,No_Calibration_Raw0.5,val,100000,True,,
0.9944843740615428,0.9864111296962004,0.945203402329293,0.9947168977256267,0.9994644365254289,0.9948842025404702,0.9948842025404702,0.02206194314806958,0.005115797459529839,0.999126953509323,0.9999790153245247,0.5,2305,52,499,97042,CICIoT2023,4,No_Calibration_Raw0.5,test,100000,True,,
0.9798106181934657,0.6724580787995572,0.7189352126595558,0.9770324356599094,0.9845723153698689,0.9949161575991144,0.9949161575991144,0.65,0.005083842400885573,0.9698626051994097,0.9989321868470147,0.01,819,1521,496,97068,CICIoT2023,4,Full_DistilledStudent,val,100000,True,,17.36071491241455
0.9805501611643876,0.6776649847758068,0.7280783870199996,0.9777306101903985,0.9846982234120224,0.9955505889830943,0.9955505889830943,0.6402206194314807,0.0044494110169057115,0.9754544651799806,0.9992133101864864,0.01,848,1509,434,97107,CICIoT2023,4,Full_DistilledStudent,test,100000,True,,17.36071491241455
0.978339205637412,0.6172730799191379,0.6646163744060302,0.9737936272746456,0.9819934521644235,0.9960846213767374,0.9960846213767374,0.7615384615384615,0.003915378623262679,0.7895002671049677,0.990269609495067,0.54,558,1782,382,97182,CICIoT2023,4,No_FocalLoss,val,100000,True,,14.911104917526245
0.9772467917275621,0.5985523892508293,0.6413777589781354,0.9720599068853049,0.9809863279277824,0.9960016813442553,0.9960016813442553,0.7988969028425965,0.003998318655744764,0.7922987571119697,0.9904135657452153,0.54,474,1883,390,97151,CICIoT2023,4,No_FocalLoss,test,100000,True,,14.911104917526245
0.9829336162716208,0.8686345268168482,0.8319601447573584,0.9837770078596776,0.9939403308084712,0.9885511049157476,0.9885511049157476,0.2512820512820513,0.011448895084252389,0.9870670889010132,0.9996317167109993,0.795,1752,588,1117,96447,CICIoT2023,4,No_ContrastiveLearning,val,100000,True,,8.48725938796997
0.9823720194598491,0.8671822312618933,0.8286804501420849,0.983289760470265,0.9938335258208216,0.9880768087265868,0.9880768087265868,0.25371234620280014,0.011923191273413231,0.9864626663938632,0.9996090342645814,0.795,1759,598,1163,96378,CICIoT2023,4,No_ContrastiveLearning,test,100000,True,,8.48725938796997
0.9846252402306214,0.7466644555386304,0.7972198588644015,0.9830290885266005,0.9880364294281474,0.9963203640687138,0.9963203640687138,0.502991452991453,0.00367963593128613,0.9929919243016287,0.999793467783304,0.495,1163,1177,359,97205,CICIoT2023,4,No_HardClassMining,val,100000,True,,16.24662184715271
0.9848645618530901,0.7486009745009503,0.8008934270515755,0.9832514185845704,0.9880365510301576,0.9965655467957064,0.9965655467957064,0.4993635977938057,0.003434453204293579,0.9930880038926833,0.9997604832954361,0.495,1180,1177,335,97206,CICIoT2023,4,No_HardClassMining,test,100000,True,,16.24662184715271
0.9868373638693145,0.8954507091904083,0.8666060969877594,0.9873152618272293,0.9951742517003302,0.9913287688081669,0.9913287688081669,0.20042735042735044,0.008671231191833053,0.9942369935036288,0.999862335205644,0.225,1871,469,846,96718,CICIoT2023,4,PlainKD_NoHardClassExtras,val,100000,True,,8.343446016311646
0.9868666039360148,0.8972229020828799,0.8679527664014451,0.9873482802399522,0.9952242247084616,0.9913062199485345,0.9913062199485345,0.19686041578277472,0.008693780051465538,0.9942240230326956,0.9998399212760991,0.225,1893,464,848,96693,CICIoT2023,4,PlainKD_NoHardClassExtras,test,100000,True,,8.343446016311646
0.944670355309646,0.9370015817119841,0.9396490392728758,0.9444962861149347,0.9496868261628504,0.9645427051830222,0.9645427051830222,0.09053954175905396,0.035457294816977784,0.9904839841352462,0.9947328156377315,0.405,4922,490,340,9249,UNSW-NB15,5,Full_AegisGraphX_backbone,val,100000,True,,
0.9459333333333333,0.939237956351574,0.941134033180401,0.9458134348704887,0.9526560082516761,0.9632874426366291,0.9632874426366291,0.08481152993348115,0.03671255736337088,0.9913134751156363,0.9952096053030509,0.405,4953,459,352,9236,UNSW-NB15,5,Full_AegisGraphX_backbone,test,100000,True,,
0.944537030864609,0.9364948534817974,0.9394578078543756,0.9443406420347541,0.9487547401865327,0.9653769944728334,0.9653769944728334,0.09238728750923873,0.034623005527166545,0.9904138530406815,0.9944969062281339,0.42500000000000004,4912,500,332,9257,UNSW-NB15,5,No_ExpertEnsemble_BestSingleExpert,val,100000,True,XGBoost,
0.9486,0.9416458072590739,0.9439815260421409,0.9484595263319063,0.9535960489762321,0.966624947851481,0.966624947851481,0.08333333333333333,0.033375052148518984,0.9912636873481603,0.9951711586908579,0.42500000000000004,4961,451,320,9268,UNSW-NB15,5,No_ExpertEnsemble_BestSingleExpert,test,100000,True,XGBoost,
0.9433371108592761,0.9364014063755765,0.9383029684174449,0.9432102293228191,0.950603279364752,0.9613098341850036,0.9613098341850036,0.0885070214338507,0.03869016581499635,0.9898639709194994,0.9943469871685339,0.465,4933,479,371,9218,UNSW-NB15,5,No_MoERouter_EqualWeight,val,100000,True,,
0.9466,0.9406446944489926,0.9419413757305837,0.9465199624448889,0.9547665873098024,0.9620358781810596,0.9620358781810596,0.08074648928307465,0.03796412181894034,0.9906730465927936,0.9948018957342035,0.465,4975,437,364,9224,UNSW-NB15,5,No_MoERouter_EqualWeight,test,100000,True,,
0.9451369908672755,0.9399019683107268,0.9404511864996263,0.9451024709206507,0.9556133056133056,0.9587026801543436,0.9587026801543436,0.07889874353288988,0.04129731984565648,0.9904411674592954,0.9941027651633269,0.44,4985,427,396,9193,UNSW-NB15,5,No_GraphBranch,val,100000,True,,
0.9471333333333334,0.9429128659530992,0.9427168743591314,0.9471449974506723,0.9591730186906129,0.958072590738423,0.958072590738423,0.07224685883222469,0.041927409261576974,0.9913430856845261,0.9952201474897725,0.44,5021,391,402,9186,UNSW-NB15,5,No_GraphBranch,test,100000,True,,
0.9448703419772015,0.9380836277124326,0.9399749062965754,0.9447480703577275,0.951835808580858,0.9624569819584942,0.9624569819584942,0.08628972653362897,0.03754301804150589,0.9904371594176222,0.9941118554976902,0.42000000000000004,4945,467,360,9229,UNSW-NB15,5,No_TemporalBranch,val,100000,True,,
0.9468,0.9410425726171018,0.9421801698753371,0.9467302667150994,0.9553460422710319,0.9617229870671673,0.9617229870671673,0.07963784183296378,0.038277012932832706,0.9913396457323317,0.9952184329986449,0.42000000000000004,4981,431,367,9221,UNSW-NB15,5,No_TemporalBranch,test,100000,True,,
0.9417372175188321,0.9409853824407848,0.9373468349310499,0.9419649734526229,0.9644037088351274,0.9436854729377412,0.9436854729377412,0.06171470805617147,0.05631452706225884,0.9904839841352462,0.9947328156377315,0.5,5078,334,540,9049,UNSW-NB15,5,No_Calibration_Raw0.5,val,100000,True,,
0.9464666666666667,0.9470590779124313,0.942536158007408,0.9467201509110695,0.9705409748259239,0.9449311639549437,0.9449311639549437,0.0508130081300813,0.05506883604505632,0.9913134751156363,0.9952096053030509,0.5,5137,275,528,9060,UNSW-NB15,5,No_Calibration_Raw0.5,test,100000,True,,
0.9110725951603227,0.8946237863245156,0.901740434565672,0.9101722828901054,0.911310413552566,0.953696944415476,0.953696944415476,0.16444937176644495,0.04630305558452393,0.968435294059612,0.969092454250322,0.525,4522,890,444,9145,UNSW-NB15,5,Full_DistilledStudent,val,100000,True,,12.607001781463623
0.9116666666666666,0.8971428855544671,0.9028061082011111,0.9109760556844761,0.9156020521074338,0.9493116395494368,0.9493116395494368,0.1550258684405026,0.05068836045056321,0.9716531269377434,0.9764545427189211,0.525,4573,839,486,9102,UNSW-NB15,5,Full_DistilledStudent,test,100000,True,,12.607001781463623
0.9205386307579495,0.9074208274956592,0.9126924729210417,0.9199803095420699,0.9237057220708447,0.9545312337052874,0.9545312337052874,0.13968957871396895,0.04546876629471269,0.9754851792253643,0.9718407327628106,0.5,4656,756,436,9153,UNSW-NB15,5,No_FocalLoss,val,100000,True,,12.960829734802246
0.92,0.90800723742816,0.9123252039768742,0.9195469137994459,0.9257868020304568,0.9510846891948269,0.9510846891948269,0.13507021433850702,0.04891531080517313,0.9792314572508564,0.979368637137802,0.5,4681,731,469,9119,UNSW-NB15,5,No_FocalLoss,test,100000,True,,12.960829734802246
0.9121391907206187,0.8953775872005347,0.9028305400130825,0.9112049173564766,0.9112879164594729,0.9555740953175513,0.9555740953175513,0.1648189209164819,0.04442590468244864,0.9736079897844268,0.9711470740791128,0.5850000000000001,4520,892,426,9163,UNSW-NB15,5,No_ContrastiveLearning,val,100000,True,,7.247095584869385
0.9158,0.9009796752592625,0.9072220741981581,0.9150759260176038,0.9173769176777299,0.9542136003337505,0.9542136003337505,0.15225424981522542,0.04578639966624948,0.9783975723688857,0.9797233572873792,0.5850000000000001,4588,824,439,9149,UNSW-NB15,5,No_ContrastiveLearning,test,100000,True,,7.247095584869385
0.921671888540764,0.9106011796591577,0.9142987557042896,0.9212982047629154,0.9287607011822259,0.950359787256231,0.950359787256231,0.12915742793791574,0.049640212743768904,0.9730818476023856,0.9712584775920167,0.68,4713,699,476,9113,UNSW-NB15,5,No_HardClassMining,val,100000,True,,13.636887073516846
0.9227333333333333,0.9131229955774356,0.9157060007421653,0.9224818356303476,0.9325669711587806,0.9476428869420108,0.9476428869420108,0.12139689578713969,0.05235711305798915,0.9774499763500878,0.9791496593317306,0.68,4755,657,502,9086,UNSW-NB15,5,No_HardClassMining,test,100000,True,,13.636887073516846
0.9192053863075795,0.9078267573316524,0.9115811515953607,0.9188107607651537,0.9266578384435163,0.9486912086766086,0.9486912086766086,0.13303769401330376,0.05130879132339138,0.9768991989851639,0.9871393494229594,0.49,4692,720,492,9097,UNSW-NB15,5,PlainKD_NoHardClassExtras,val,100000,True,,5.754935026168823
0.9214,0.9107923846049246,0.9140918406072106,0.9210675831499051,0.9296004904465107,0.9488944513975803,0.9488944513975803,0.12730968218773098,0.05110554860241969,0.9789172556789851,0.9883103495948588,0.49,4723,689,490,9098,UNSW-NB15,5,PlainKD_NoHardClassExtras,test,100000,True,,5.754935026168823
0.9982324058919804,0.9983598346277485,0.9975361611697388,0.998233863547187,0.9995722474120968,0.9981206219032974,0.9981206219032974,0.0014009526478005044,0.0018793780967025456,0.9999676868943358,0.9999901800779012,0.51,3564,5,22,11684,ToN-IoT-Network,5,Full_AegisGraphX_backbone,val,100000,True,,
0.9972517792967374,0.9971457165328378,0.9958528830592511,0.9972553435797983,0.9991968588256291,0.9973278703126391,0.9973278703126391,0.003036437246963563,0.0026721296873608268,0.9999241514245288,0.9999799015539935,0.51,2955,9,30,11197,ToN-IoT-Network,5,Full_AegisGraphX_backbone,test,100000,True,,
0.99810147299509,0.998177026224407,0.9973536545897195,0.9981030386247565,0.9994866968945162,0.9980351956261746,0.9980351956261746,0.0016811431773606051,0.0019648043738253887,0.9999183555530216,0.9999758171164628,0.47000000000000003,3563,6,23,11683,ToN-IoT-Network,5,No_ExpertEnsemble_BestSingleExpert,val,100000,True,XGBoost,
0.9971108449016982,0.9966841791531332,0.9956380547525407,0.9971138812141571,0.9989295272078501,0.9974169413022179,0.9974169413022179,0.004048582995951417,0.0025830586977821325,0.9998999303659593,0.9999736853344134,0.47000000000000003,2952,12,29,11198,ToN-IoT-Network,5,No_ExpertEnsemble_BestSingleExpert,test,100000,True,XGBoost,
0.9982978723404256,0.9983051656400913,0.9976267235789288,0.9982990290661009,0.9994868286007527,0.9982914744575432,0.9982914744575432,0.0016811431773606051,0.0017085255424568598,0.9998548782521166,0.9999536341889086,0.365,3563,6,20,11686,ToN-IoT-Network,5,No_MoERouter_EqualWeight,val,100000,True,,
0.9971813120992178,0.996480403721172,0.995741810464206,0.9971834056660123,0.9987516718680339,0.9976841542709539,0.9976841542709539,0.004723346828609987,0.0023158457290460496,0.9998811184767971,0.999967571913084,0.365,2950,14,26,11201,ToN-IoT-Network,5,No_MoERouter_EqualWeight,test,100000,True,,
0.9982978723404256,0.9985973120187471,0.997628104683461,0.9982995226241681,0.9997432825603286,0.9980351956261746,0.9980351956261746,0.0008405715886803026,0.0019648043738253887,0.9999519372472786,0.9999854374487199,0.625,3566,3,23,11683,ToN-IoT-Network,5,No_GraphBranch,val,100000,True,,
0.9973927136917765,0.9972347875224166,0.9960645834130466,0.9973957746422005,0.9991970021413277,0.9975060122917966,0.9975060122917966,0.003036437246963563,0.002493987708203438,0.999913032576302,0.9999771104675022,0.625,2955,9,28,11199,ToN-IoT-Network,5,No_GraphBranch,test,100000,True,,
0.9982324058919804,0.9983598346277485,0.9975361611697388,0.998233863547187,0.9995722474120968,0.9981206219032974,0.9981206219032974,0.0014009526478005044,0.0018793780967025456,0.9999556233348876,0.9999865352195788,0.47000000000000003,3564,5,22,11684,ToN-IoT-Network,5,No_TemporalBranch,val,100000,True,,
0.9971108449016982,0.9965600236897579,0.9956369757388208,0.9971135253136094,0.9988405280057082,0.9975060122917966,0.9975060122917966,0.0043859649122807015,0.002493987708203438,0.9999270663658206,0.9999808008988493,0.47000000000000003,2951,13,28,11199,ToN-IoT-Network,5,No_TemporalBranch,test,100000,True,,
0.9981669394435352,0.9982197393629684,0.9974446599499003,0.9981683624791093,0.999486740804106,0.9981206219032974,0.9981206219032974,0.0016811431773606051,0.0018793780967025456,0.9999676868943358,0.9999901800779012,0.5,3563,6,22,11684,ToN-IoT-Network,5,No_Calibration_Raw0.5,val,100000,True,,
0.9973222464942569,0.9971902520276272,0.9959587201887998,0.9973255548196372,0.9991969304898723,0.9974169413022179,0.9974169413022179,0.003036437246963563,0.0025830586977821325,0.9999241514245288,0.9999799015539935,0.5,2955,9,29,11198,ToN-IoT-Network,5,No_Calibration_Raw0.5,test,100000,True,,
0.9227495908346972,0.8562090374538576,0.8833818581780539,0.9194759697980096,0.9229347476695596,0.9811207927558517,0.9811207927558517,0.2687027178481367,0.0188792072441483,0.867395607246312,0.9307505707989232,0.035,2610,959,221,11485,ToN-IoT-Network,5,Full_DistilledStudent,val,100000,True,,11.959094762802124
0.9100133887675287,0.8145031130971978,0.8481452589473901,0.9045833641255537,0.9138246547995342,0.9785338915115347,0.9785338915115347,0.349527665317139,0.021466108488465308,0.8168445472026359,0.9172524544871966,0.035,1928,1036,241,10986,ToN-IoT-Network,5,Full_DistilledStudent,test,100000,True,,11.959094762802124
0.9395744680851064,0.9206491013581701,0.9164664899704716,0.9398707242147811,0.9646643109540636,0.9561763198359815,0.9561763198359815,0.11487811711964135,0.043823680164018455,0.9361527260030071,0.952643400462419,0.7050000000000001,3159,410,513,11193,ToN-IoT-Network,5,No_FocalLoss,val,100000,True,,13.868769407272339
0.9317172856035515,0.907803697515881,0.8989139691219272,0.9324436331604802,0.9642469225199131,0.9488732519818295,0.9488732519818295,0.13326585695006748,0.05112674801817048,0.926230979707561,0.9574907182277996,0.7050000000000001,2569,395,574,10653,ToN-IoT-Network,5,No_FocalLoss,test,100000,True,,13.868769407272339
0.9315875613747954,0.935304052202277,0.9098250426040113,0.9334233388777148,0.9813961889280232,0.9283273534939347,0.9283273534939347,0.05771924908938078,0.07167264650606527,0.9726515756325099,0.9887974940639825,0.72,3363,206,839,10867,ToN-IoT-Network,5,No_ContrastiveLearning,val,100000,True,,6.572540283203125
0.9247410330491156,0.9254943560125382,0.8941494106416663,0.9272833175695406,0.9795147739072972,0.9242005878685312,0.9242005878685312,0.07321187584345479,0.07579941213146878,0.964934338092561,0.9866945364344784,0.72,2747,217,851,10376,ToN-IoT-Network,5,No_ContrastiveLearning,test,100000,True,,6.572540283203125
0.974860883797054,0.9637322010438139,0.9648184399741982,0.9748313508168127,0.9826086956521739,0.9846232701178883,0.9846232701178883,0.05715886803026058,0.015376729882111738,0.9838295645002381,0.9863976767690003,0.17500000000000002,3365,204,180,11526,ToN-IoT-Network,5,No_HardClassMining,val,100000,True,,12.040274143218994
0.969135367486435,0.9549174278269551,0.9534534247134218,0.9691848673665004,0.981608784929917,0.9793355304177429,0.9793355304177429,0.06950067476383266,0.02066446958225706,0.9799780946669556,0.9868098272263681,0.17500000000000002,2758,206,232,10995,ToN-IoT-Network,5,No_HardClassMining,test,100000,True,,12.040274143218994
0.9707364975450082,0.9623072409552864,0.9593982975676156,0.9708277987093455,0.9835924748732927,0.9781308730565522,0.9781308730565522,0.05351639114597927,0.021869126943447805,0.9785287670654486,0.9854510983229997,0.18500000000000003,3378,191,256,11450,ToN-IoT-Network,5,PlainKD_NoHardClassExtras,val,100000,True,,5.891690254211426
0.965823409203016,0.9555556797661123,0.9490277752628518,0.9660646428355963,0.9834383438343834,0.9731896321368131,0.9731896321368131,0.0620782726045884,0.02681036786318696,0.9743909936367733,0.9879375869424242,0.18500000000000003,2780,184,301,10926,ToN-IoT-Network,5,PlainKD_NoHardClassExtras,test,100000,True,,5.891690254211426
0.9949954959463517,0.9641179118144867,0.9470649246500382,0.9950872532196864,0.9983675397077999,0.9965054672528464,0.9965054672528464,0.0682696436238729,0.0034945327471536465,0.9988026417431837,0.9999716608244323,0.32,2170,159,341,97240,CICIoT2023,5,Full_AegisGraphX_backbone,val,100000,True,,
0.9946554036471366,0.9598390362880392,0.9437825014523764,0.994748536287983,0.9981518178924563,0.9963717240460401,0.9963717240460401,0.07669365146996165,0.003628275953959843,0.998744729835046,0.9999700664108809,0.32,2167,180,354,97213,CICIoT2023,5,Full_AegisGraphX_backbone,test,100000,True,,
0.996116504854369,0.9615483870411339,0.957711582517613,0.9961326393426001,0.9982161347535908,0.9978069501234872,0.9978069501234872,0.0747101760412194,0.0021930498765128457,0.9993862834363423,0.9999854168262142,0.465,2155,174,214,97367,CICIoT2023,5,No_ExpertEnsemble_BestSingleExpert,val,100000,True,XGBoost,
0.9959565226094441,0.958426112777651,0.9561499345734884,0.9959665583054068,0.9980521411069989,0.9978066354402616,0.9978066354402616,0.08095440988495953,0.0021933645597384363,0.9993585782741742,0.9999846437776089,0.465,2157,190,214,97353,CICIoT2023,5,No_ExpertEnsemble_BestSingleExpert,test,100000,True,XGBoost,
0.9958662796516865,0.9695931464918693,0.955929256286533,0.9959263264857529,0.9986145035817648,0.9971510847398571,0.9971510847398571,0.0579647917561185,0.0028489152601428556,0.9991721424381594,0.9999803701396013,0.395,2194,135,278,97303,CICIoT2023,5,No_MoERouter_EqualWeight,val,100000,True,,
0.9955561783133495,0.9638347828399951,0.9527269685244574,0.9956093196432382,0.9983273301932293,0.9971199278444556,0.9971199278444556,0.06945036216446528,0.002880072155544395,0.9990844000619433,0.9999781418764022,0.395,2184,163,281,97286,CICIoT2023,5,No_MoERouter_EqualWeight,test,100000,True,,
0.9954859373436092,0.9549387643295703,0.9508757776832253,0.9955060849858006,0.9979085074535053,0.9974687695350529,0.9974687695350529,0.08759124087591241,0.0025312304649470698,0.9991414031484294,0.9999796057623779,0.14500000000000002,2125,204,247,97334,CICIoT2023,5,No_GraphBranch,val,100000,True,,
0.9949356446544028,0.9464681670095197,0.9449878498043831,0.9949440388890736,0.9974884931984296,0.9973249151864872,0.9973249151864872,0.1043885811674478,0.0026750848135127657,0.9990290788082395,0.9999767595179717,0.14500000000000002,2102,245,261,97306,CICIoT2023,5,No_GraphBranch,test,100000,True,,
0.9955960364327895,0.9573002928825973,0.952183115473062,0.9956206619263065,0.9980210608344356,0.9974687695350529,0.9974687695350529,0.08286818376985831,0.0025312304649470698,0.9991988116100826,0.999980972415532,0.15000000000000002,2136,193,247,97334,CICIoT2023,5,No_TemporalBranch,val,100000,True,,
0.9950357307284264,0.9473510667938241,0.946052691622923,0.9950429336625638,0.9975295480405523,0.9973864113890967,0.9973864113890967,0.10268427780144866,0.0026135886109032768,0.9990953394162636,0.9999783579600148,0.15000000000000002,2106,241,255,97312,CICIoT2023,5,No_TemporalBranch,test,100000,True,,
0.9943449104193774,0.9824357366129348,0.9429719105880936,0.9945751562874138,0.9992795092428671,0.9949272911734867,0.9949272911734867,0.030055817947617004,0.005072708826513358,0.9988026417431837,0.9999716608244323,0.5,2259,70,495,97086,CICIoT2023,5,No_Calibration_Raw0.5,val,100000,True,,
0.9940248613807875,0.9807233314186479,0.9403363398709789,0.994274670283454,0.9991969194654367,0.9946805784742793,0.9946805784742793,0.033233915636983385,0.005319421525720787,0.998744729835046,0.9999700664108809,0.5,2269,78,519,97048,CICIoT2023,5,No_Calibration_Raw0.5,test,100000,True,,
0.9599639675708137,0.5494861313463801,0.5505832092624067,0.9595174765386388,0.9789937042534678,0.9800370973857616,0.9800370973857616,0.8810648346930013,0.01996290261423843,0.6438119101494522,0.9731453102908837,0.01,277,2052,1948,95633,CICIoT2023,5,Full_DistilledStudent,val,100000,True,,16.360867023468018
0.9598054326720981,0.555692093448253,0.5563938516350226,0.9595513951525533,0.9791246274084013,0.9797267518730718,0.9797267518730718,0.8683425649765658,0.020273248126928163,0.6762849436548359,0.9756348087276702,0.01,309,2038,1978,95589,CICIoT2023,5,Full_DistilledStudent,test,100000,True,,16.360867023468018
0.963987588829947,0.7066207031122791,0.671311065910589,0.9670112733939328,0.9864192035773806,0.9765733083284656,0.9765733083284656,0.5633319021039073,0.023426691671534418,0.8073657617175534,0.9850501404033631,0.01,1017,1312,2286,95295,CICIoT2023,5,No_FocalLoss,val,100000,True,,15.331873178482056
0.9637087895590207,0.7053091184444243,0.6705707247947073,0.966725701206993,0.986252161040198,0.9764469544005657,0.9764469544005657,0.565828717511717,0.023553045599434237,0.8140113184717277,0.9855675103896483,0.01,1019,1328,2298,95269,CICIoT2023,5,No_FocalLoss,test,100000,True,,15.331873178482056
0.979211290161145,0.6857044447037293,0.7240469141178549,0.9770307612640404,0.9852746895388305,0.9935643209231305,0.9935643209231305,0.622155431515672,0.006435679076869472,0.702851417612572,0.9796542970737419,0.56,880,1449,628,96953,CICIoT2023,5,No_ContrastiveLearning,val,100000,True,,9.74626111984253
0.9796825269731969,0.6939442690947707,0.7332221161557906,0.9775934879411314,0.985545989571157,0.9937683848022385,0.9937683848022385,0.6058798466126971,0.006231615197761538,0.7054267568981876,0.9795736431257194,0.56,925,1422,608,96959,CICIoT2023,5,No_ContrastiveLearning,test,100000,True,,9.74626111984253
0.9849664698228405,0.7745705058785504,0.8121847966746578,0.983927919047145,0.9894149169188138,0.9952552238653016,0.9952552238653016,0.44611421210820096,0.004744776134698353,0.8229250696723867,0.9861018768430397,0.23500000000000001,1290,1039,463,97118,CICIoT2023,5,No_HardClassMining,val,100000,True,,16.715922355651855
0.9846367876373682,0.7663398351513107,0.8069004067592935,0.9834556733252227,0.988941387316199,0.99539803417139,0.99539803417139,0.46271836386876863,0.004601965828610084,0.8089511378083567,0.9848017600646641,0.23500000000000001,1261,1086,449,97118,CICIoT2023,5,No_HardClassMining,test,100000,True,,16.715922355651855
0.9589130217195476,0.8957706873450828,0.7317410463039731,0.967093990064475,0.9957886920547364,0.9620007993359363,0.9620007993359363,0.1704594246457707,0.037999200664063704,0.9750206199868332,0.9993952268712234,0.01,1932,397,3708,93873,CICIoT2023,5,PlainKD_NoHardClassExtras,val,100000,True,,8.720195293426514
0.9583441759913526,0.8894762883031939,0.7289618056914792,0.9665895233897466,0.9954489035995036,0.9617391126097964,0.9617391126097964,0.1827865360034086,0.038260887390203654,0.9745742089965783,0.9993578745211097,0.01,1918,429,3733,93834,CICIoT2023,5,PlainKD_NoHardClassExtras,test,100000,True,,8.720195293426514
0.9472701819878675,0.9404723256624488,0.9427433014767812,0.9471295889705721,0.9523514211886305,0.9654233025984912,0.9654233025984912,0.08447865127359355,0.0345766974015088,0.9912906490905581,0.9951581827441341,0.365,4996,461,330,9214,UNSW-NB15,6,Full_AegisGraphX_backbone,val,100000,True,,
0.9418,0.9324864562283031,0.9365280697086691,0.9415109767571026,0.9432515337423313,0.9666771455517132,0.9666771455517132,0.1017042330951072,0.033322854448286705,0.9903666651554183,0.9946984041175803,0.365,4902,555,318,9225,UNSW-NB15,6,Full_AegisGraphX_backbone,test,100000,True,,
0.9458036130924605,0.9426156350625733,0.9415923932590247,0.9458652967990575,0.9602530311017395,0.9543168482816429,0.9543168482816429,0.06908557815649624,0.04568315171835708,0.9910728946771383,0.9950491164329541,0.48000000000000004,5080,377,436,9108,UNSW-NB15,6,No_ExpertEnsemble_BestSingleExpert,val,100000,True,XGBoost,
0.9408,0.934917482668794,0.9359083127803675,0.9407315352657484,0.9507342985105718,0.9565126270564812,0.9565126270564812,0.08667766171889317,0.04348737294351881,0.9900227937352742,0.9944961702994021,0.48000000000000004,4984,473,415,9128,UNSW-NB15,6,No_ExpertEnsemble_BestSingleExpert,test,100000,True,XGBoost,
0.9459369375374975,0.9401308039490639,0.941428229856625,0.9458556898017778,0.953945316560973,0.961441743503772,0.961441743503772,0.08118013560564413,0.038558256496227995,0.9908744753042188,0.9949080442075106,0.48000000000000004,5014,443,368,9176,UNSW-NB15,6,No_MoERouter_EqualWeight,val,100000,True,,
0.9392,0.9304823046541977,0.9338057499538528,0.9389530889750012,0.943115309580039,0.9624855915330609,0.9624855915330609,0.10152098222466557,0.03751440846693912,0.98959377777363,0.9942331581829973,0.48000000000000004,4903,554,358,9185,UNSW-NB15,6,No_MoERouter_EqualWeight,test,100000,True,,
0.94627024865009,0.9416090801190317,0.9419210996599388,0.9462511780820455,0.9569127797531897,0.9587175188600168,0.9587175188600168,0.07549935862195345,0.041282481139983236,0.9911595855488947,0.9950707915405452,0.4,5045,412,394,9150,UNSW-NB15,6,No_GraphBranch,val,100000,True,,
0.9426,0.9355867429603236,0.9376942739214151,0.9424566395087512,0.9490999379267536,0.9613329141779314,0.9613329141779314,0.09015942825728422,0.038667085822068535,0.9901915946130504,0.9945320719993409,0.4,4965,492,369,9174,UNSW-NB15,6,No_GraphBranch,test,100000,True,,
0.9462035864275715,0.9415566911835749,0.941851334413307,0.9461855580932045,0.9569082731931806,0.9586127409891031,0.9586127409891031,0.07549935862195345,0.0413872590108969,0.9911395112839066,0.9950565780784995,0.4,5045,412,395,9149,UNSW-NB15,6,No_TemporalBranch,val,100000,True,,
0.9423333333333334,0.9352594722294281,0.9373997307122166,0.9421868834811272,0.9488001654944146,0.9612281253274652,0.9612281253274652,0.09070918086860913,0.038771874672534845,0.9901780951514638,0.9945179173270993,0.4,4962,495,370,9173,UNSW-NB15,6,No_TemporalBranch,test,100000,True,,
0.9430704619692021,0.9454899606786333,0.9393165845008309,0.9434286448635306,0.9728994340444057,0.9366093880972338,0.9366093880972338,0.04562946673996701,0.06339061190276614,0.9912906490905581,0.9951581827441341,0.5,5208,249,605,8939,UNSW-NB15,6,No_Calibration_Raw0.5,val,100000,True,,
0.9414,0.9418621491438566,0.9373290842088016,0.9416800551538281,0.9668103448275862,0.9401655663837367,0.9401655663837367,0.056441268096023456,0.05983443361626323,0.9903666651554183,0.9946984041175803,0.5,5149,308,571,8972,UNSW-NB15,6,No_Calibration_Raw0.5,test,100000,True,,
0.9269382041197254,0.9215509628658163,0.921154154108761,0.9269723703024138,0.9436974789915966,0.9413243922883487,0.9413243922883487,0.09822246655671614,0.0586756077116513,0.9777684187477468,0.9779088863104716,0.615,4921,536,560,8984,UNSW-NB15,6,Full_DistilledStudent,val,100000,True,,25.848925828933716
0.9226666666666666,0.915291550637066,0.9162699450043675,0.9225740947178636,0.9364781839008643,0.9423661322435293,0.9423661322435293,0.11178303096939711,0.05763386775647071,0.9751155380127842,0.9735618063167331,0.615,4847,610,550,8993,UNSW-NB15,6,Full_DistilledStudent,test,100000,True,,25.848925828933716
0.9056062929138058,0.8873654976244205,0.8956625633940297,0.9044382106726574,0.9028548770816812,0.9543168482816429,0.9543168482816429,0.17958585303280192,0.04568315171835708,0.9689174727477693,0.9682018429207906,0.53,4477,980,436,9108,UNSW-NB15,6,No_FocalLoss,val,100000,True,,21.97754979133606
0.8988666666666667,0.8779520110846901,0.8876528641269295,0.8973214856034785,0.893585719890153,0.9547312165985539,0.9547312165985539,0.19882719442917354,0.045268783401446085,0.9655966509506434,0.9628604934178522,0.53,4372,1085,432,9111,UNSW-NB15,6,No_FocalLoss,test,100000,True,,21.97754979133606
0.9240717285514299,0.9210638811305518,0.918476366313844,0.9242952582896745,0.9476936188345584,0.9321039396479464,0.9321039396479464,0.08997617738684259,0.06789606035205364,0.979620550502204,0.9866485423810571,0.59,4966,491,648,8896,UNSW-NB15,6,No_ContrastiveLearning,val,100000,True,,11.577720165252686
0.9184666666666667,0.9145014864865877,0.9123749644597967,0.9186684398623935,0.9419889502762431,0.9290579482343079,0.9290579482343079,0.1000549752611325,0.07094205176569213,0.9776419728101641,0.985490838952247,0.59,4911,546,677,8866,UNSW-NB15,6,No_ContrastiveLearning,test,100000,True,,11.577720165252686
0.9226718218785415,0.9110962645392977,0.9155331387035919,0.9222233010828671,0.9269708698309228,0.9535834031852473,0.9535834031852473,0.131390874106652,0.04641659681475272,0.975079628877818,0.9709618248557534,0.48500000000000004,4740,717,443,9101,UNSW-NB15,6,No_HardClassMining,val,100000,True,,21.316197395324707
0.9180666666666667,0.9049286015781005,0.9102722171551159,0.9174760445028192,0.9208341769588986,0.9531593838415593,0.9531593838415593,0.14330218068535824,0.04684061615844074,0.9716052171367273,0.9651082036070786,0.48500000000000004,4675,782,447,9096,UNSW-NB15,6,No_HardClassMining,test,100000,True,,21.316197395324707
0.921805212985801,0.9142211488554655,0.915311112729855,0.9217004694332858,0.93549058370617,0.9420578373847444,0.9420578373847444,0.11361553967381345,0.05794216261525566,0.9775020099225814,0.9873507940445031,0.5650000000000001,4837,620,553,8991,UNSW-NB15,6,PlainKD_NoHardClassExtras,val,100000,True,,9.894152402877808
0.9195333333333333,0.9103182280118973,0.9125921690954963,0.9193017969818936,0.9304006608839323,0.9441475427014565,0.9441475427014565,0.12351108667766172,0.055852457298543434,0.9763839305251267,0.9865610375874828,0.5650000000000001,4783,674,533,9010,UNSW-NB15,6,PlainKD_NoHardClassExtras,test,100000,True,,9.894152402877808
0.9969120553359684,0.9968775289548684,0.9963791178142752,0.9969135995850652,0.998570535155901,0.996967264293997,0.996967264293997,0.0032122063842601888,0.003032735706003033,0.9999361233377227,0.9999717925605756,0.335,4965,16,34,11177,ToN-IoT-Network,6,Full_AegisGraphX_backbone,val,100000,True,,
0.9960721559499564,0.9946587173773002,0.9940150867873362,0.9960747081449473,0.9979814661895586,0.9970666422220185,0.9970666422220185,0.007749207467418105,0.002933357777981483,0.9998880553075878,0.9999709792604216,0.335,2817,22,32,10877,ToN-IoT-Network,6,Full_AegisGraphX_backbone,test,100000,True,,
0.9973443675889329,0.9976917638914415,0.9968879417904015,0.9973465021395145,0.9993739939187981,0.9967888680759968,0.9967888680759968,0.0014053402931138326,0.003211131924003211,0.9999232119069679,0.9999677495891803,0.18000000000000002,4974,7,36,11175,ToN-IoT-Network,6,No_ExpertEnsemble_BestSingleExpert,val,100000,True,LightGBM,
0.9968722723305208,0.996726303880406,0.9952422670159371,0.9968769312247964,0.9990813889399228,0.9969749747914566,0.9969749747914566,0.003522367030644593,0.0030250252085434045,0.9999178577163264,0.9999787030415168,0.18000000000000002,2829,10,33,10876,ToN-IoT-Network,6,No_ExpertEnsemble_BestSingleExpert,test,100000,True,LightGBM,
0.9972208498023716,0.9978256953624738,0.9967449977961593,0.9972238474163664,0.9997314715359829,0.9962536794219963,0.9962536794219963,0.0006022886970487854,0.0037463205780037465,0.9995306041290685,0.9998095342446716,0.7000000000000001,4978,3,42,11169,ToN-IoT-Network,6,No_MoERouter_EqualWeight,val,100000,True,,
0.9967995344777422,0.9973318933463814,0.9951385438494165,0.9968065620637755,0.9995402298850574,0.9964249702080851,0.9964249702080851,0.0017611835153222965,0.0035750297919149325,0.9995373684589324,0.9997892746076742,0.7000000000000001,2834,5,39,10870,ToN-IoT-Network,6,No_MoERouter_EqualWeight,test,100000,True,,
0.9972826086956522,0.9976471648369414,0.9968157448431056,0.9972848677142936,0.9993739379304176,0.9966996699669967,0.9966996699669967,0.0014053402931138326,0.0033003300330033004,0.9999401525636863,0.9999734820493189,0.525,4974,7,37,11174,ToN-IoT-Network,6,No_GraphBranch,val,100000,True,,
0.9968722723305208,0.9968565885166573,0.9952434990414287,0.9968773337764161,0.9991730981256891,0.9968833073608947,0.9968833073608947,0.0031701303275801338,0.003116692639105326,0.9999017456882001,0.9999744853442982,0.525,2830,9,34,10875,ToN-IoT-Network,6,No_GraphBranch,test,100000,True,,
0.9972826086956522,0.9976471648369414,0.9968157448431056,0.9972848677142936,0.9993739379304176,0.9966996699669967,0.9966996699669967,0.0014053402931138326,0.0033003300330033004,0.9999403316403959,0.9999735610498873,0.525,4974,7,37,11174,ToN-IoT-Network,6,No_TemporalBranch,val,100000,True,,
0.9968722723305208,0.9968565885166573,0.9952434990414287,0.9968773337764161,0.9991730981256891,0.9968833073608947,0.9968833073608947,0.0031701303275801338,0.003116692639105326,0.9999013905132313,0.9999743929442538,0.525,2830,9,34,10875,ToN-IoT-Network,6,No_TemporalBranch,test,100000,True,,
0.9966650197628458,0.9968664799218925,0.9960916172044153,0.9966676084877146,0.9988375212375927,0.9963428775309964,0.9963428775309964,0.0026099176872114035,0.003657122469003657,0.9999361233377227,0.9999717925605756,0.5,4968,13,41,11170,ToN-IoT-Network,6,No_Calibration_Raw0.5,val,100000,True,,
0.9967267966249637,0.9962437825410903,0.9950183954841763,0.9967308283752647,0.9988062442607897,0.9970666422220185,0.9970666422220185,0.004579077139837971,0.002933357777981483,0.9998880553075878,0.9999709792604216,0.5,2826,13,32,10877,ToN-IoT-Network,6,No_Calibration_Raw0.5,test,100000,True,,
0.8595602766798419,0.8036401137631357,0.8229874320652174,0.8539451524387379,0.8620857304918564,0.948978681651949,0.948978681651949,0.34169845412567756,0.05102131834805102,0.8609594435843092,0.9287895557619861,0.775,3279,1702,572,10639,ToN-IoT-Network,6,Full_DistilledStudent,val,100000,True,,28.391691207885742
0.9461012510910678,0.9457128137216102,0.9220099262590984,0.94745384608556,0.9851145038167939,0.946374553121276,0.946374553121276,0.054948925678055656,0.05362544687872399,0.9651169586328682,0.9772581460556669,0.775,2683,156,585,10324,ToN-IoT-Network,6,Full_DistilledStudent,test,100000,True,,28.391691207885742
0.8548666007905138,0.7965131651555906,0.8163145568802053,0.848692453019491,0.8573272038067586,0.9481758986709482,0.9481758986709482,0.35514956835976713,0.051824101329051825,0.720724535054633,0.8086299569891747,0.5750000000000001,3212,1769,581,10630,ToN-IoT-Network,6,No_FocalLoss,val,100000,True,,27.90063166618347
0.9448647075938318,0.937246847023009,0.9192603270779167,0.9459494708086625,0.9796805594934316,0.9502245852048767,0.9502245852048767,0.07573089115885875,0.04977541479512329,0.9597007179474529,0.9731313470034659,0.5750000000000001,2624,215,543,10366,ToN-IoT-Network,6,No_FocalLoss,test,100000,True,,27.90063166618347
0.8458498023715415,0.7915078278638024,0.8076210290737864,0.840617047035135,0.8572014099516354,0.9327446258139327,0.9327446258139327,0.34972897008632803,0.06725537418606725,0.8520602533673987,0.9269597521950246,0.53,3239,1742,754,10457,ToN-IoT-Network,6,No_ContrastiveLearning,val,100000,True,,18.522934198379517
0.933081175443701,0.9346423166887903,0.9046626864093013,0.9352165375294192,0.9827936201063315,0.9319827665230543,0.9319827665230543,0.06269813314547376,0.06801723347694565,0.9585854524013718,0.9822633296385599,0.53,2661,178,742,10167,ToN-IoT-Network,6,No_ContrastiveLearning,test,100000,True,,18.522934198379517
0.8850049407114624,0.8241346552274613,0.8514454775140234,0.878612246708416,0.86873866056638,0.9823387744179823,0.9823387744179823,0.33406946396305964,0.017661225582017662,0.9037369835183704,0.952616111904631,0.68,3317,1664,198,11013,ToN-IoT-Network,6,No_HardClassMining,val,100000,True,,46.02184295654297
0.9782513820192028,0.9722249784158556,0.9671713372806934,0.9783665245900425,0.9900240162571587,0.982491520762673,0.982491520762673,0.03804156393096161,0.017508479237326978,0.9775004245148093,0.9852890600401807,0.68,2731,108,191,10718,ToN-IoT-Network,6,No_HardClassMining,test,100000,True,,46.02184295654297
0.9330533596837944,0.9490886347515797,0.9252287106366239,0.9345352328901314,0.9954985810744691,0.9074123628579074,0.9074123628579074,0.009235093354748043,0.09258763714209259,0.9504344678541279,0.9779214262588445,0.975,4935,46,1038,10173,ToN-IoT-Network,6,PlainKD_NoHardClassExtras,val,100000,True,,16.162034511566162
0.9267529822519639,0.9490249171707756,0.8997308444834454,0.9302855105605009,0.9962910986367282,0.9110825923549363,0.9110825923549363,0.013032758013384995,0.08891740764506371,0.9706633709443176,0.9925428180395551,0.975,2802,37,970,9939,ToN-IoT-Network,6,PlainKD_NoHardClassExtras,test,100000,True,,16.162034511566162
0.9954970280385054,0.9667068846602263,0.9521271923534421,0.9955672456071623,0.9984812568625641,0.996905832812516,0.996905832812516,0.06349206349206349,0.003094167187483991,0.9990309459485612,0.9999770039690126,0.34,2183,148,302,97301,CICIoT2023,6,Full_AegisGraphX_backbone,val,100000,True,,
0.9953259335621991,0.968948855015139,0.9516586381574688,0.9954119253928718,0.9985617866718717,0.9966471854813903,0.9966471854813903,0.058749475451112046,0.0033528145186096587,0.9990720954448568,0.9999774592993537,0.34,2243,140,327,97203,CICIoT2023,6,Full_AegisGraphX_backbone,test,100000,True,,
0.9964176356395221,0.966550049385618,0.9611429518515828,0.9964383819667373,0.9984520282530472,0.9978791635503007,0.9978791635503007,0.06477906477906478,0.002120836449699292,0.9994823605214678,0.9999876732104407,0.51,2180,151,207,97396,CICIoT2023,6,No_ExpertEnsemble_BestSingleExpert,val,100000,True,XGBoost,
0.9965169697636944,0.9728340105516023,0.96334918617471,0.9965518659556721,0.9987272913886893,0.9977032707884753,0.9977032707884753,0.052035249685270665,0.0022967292115246593,0.9995012197845748,0.9999878589049411,0.51,2259,124,224,97306,CICIoT2023,6,No_ExpertEnsemble_BestSingleExpert,test,100000,True,XGBoost,
0.9959573318390138,0.9604518330991902,0.9560592593959896,0.9959766050557022,0.9981651752308907,0.9976947429894573,0.9976947429894573,0.07679107679107679,0.002305257010542709,0.9991947434751448,0.9999808716426963,0.35000000000000003,2152,179,225,97378,CICIoT2023,6,No_MoERouter_EqualWeight,val,100000,True,,
0.9962367259515779,0.9659355983690999,0.960096368077805,0.9962602912056997,0.9983892149218205,0.9977545370655183,0.9977545370655183,0.0658833403273185,0.002245462934481698,0.9992077800480084,0.9999807741190887,0.35000000000000003,2226,157,219,97311,CICIoT2023,6,No_MoERouter_EqualWeight,test,100000,True,,
0.9951367902815859,0.9424440606678858,0.9461807732324395,0.9951162446977981,0.9973065145478939,0.9977152341628843,0.9977152341628843,0.11282711282711283,0.0022847658371156626,0.9989448628015064,0.9999748699244929,0.14,2068,263,223,97380,CICIoT2023,6,No_GraphBranch,val,100000,True,,
0.9956161860818913,0.953540864730217,0.952984526536555,0.9956188746174046,0.9977851605758582,0.9977237772992925,0.9977237772992925,0.09064204783885858,0.0022762227007074747,0.9990575137064683,0.9999770930923382,0.14,2167,216,222,97308,CICIoT2023,6,No_GraphBranch,test,100000,True,,
0.9959072988172194,0.9769670354027392,0.956968100242512,0.9959929082814916,0.9989732427048894,0.9968341137055213,0.9968341137055213,0.0429000429000429,0.0031658862944786534,0.9991082691409525,0.9999786634583907,0.305,2231,100,309,97294,CICIoT2023,6,No_TemporalBranch,val,100000,True,,
0.9959965169697637,0.9797316783727176,0.9588772752405998,0.9960833273112321,0.9990853783861553,0.9968112375679278,0.9968112375679278,0.03734788082249266,0.003188762432072183,0.999137801472278,0.9999789595197341,0.305,2294,89,311,97219,CICIoT2023,6,No_TemporalBranch,test,100000,True,,
0.994556407228771,0.9840224228818841,0.9450603029920355,0.9947745253004491,0.9993517518135515,0.9950718727907953,0.9950718727907953,0.02702702702702703,0.004928127209204635,0.9990309459485612,0.9999770039690126,0.5,2268,63,481,97122,CICIoT2023,6,No_Calibration_Raw0.5,val,100000,True,,
0.9947053936925125,0.9864392887880802,0.947667847459517,0.9949154448100388,0.9994542103040975,0.9951194504255101,0.9951194504255101,0.022240872849349558,0.004880549574489901,0.9990720954448568,0.9999774592993537,0.5,2330,53,476,97054,CICIoT2023,6,No_Calibration_Raw0.5,test,100000,True,,
0.970820741689515,0.50098133688802,0.4990277091293885,0.9625115800106876,0.9767195980304296,0.993811665625032,0.993811665625032,0.9918489918489919,0.006188334374967982,0.200556590729024,0.9432057803039507,0.01,19,2312,604,96999,CICIoT2023,6,Full_DistilledStudent,val,100000,True,,41.600964069366455
0.9705143474823096,0.5020263388619592,0.5005324928022196,0.9619215241298904,0.976244184407162,0.9939813390751564,0.9939813390751564,0.9899286613512379,0.006018660924843638,0.18977304679464432,0.941241218822056,0.01,24,2359,587,96943,CICIoT2023,6,Full_DistilledStudent,test,100000,True,,41.600964069366455
0.9733824324053876,0.5167398140462494,0.5242794466211441,0.9649367172305948,0.9774411891902764,0.9957275903404609,0.9957275903404609,0.9622479622479623,0.004272409659539154,0.4321094722875405,0.9583598829941679,0.01,88,2243,417,97186,CICIoT2023,6,No_FocalLoss,val,100000,True,,40.66578269004822
0.9731366288671144,0.520973107083614,0.5310639068599073,0.9646514428701717,0.9771309562137798,0.9957859120270686,0.9957859120270686,0.9538396978598406,0.004214087972931406,0.4270517063107948,0.9567198207011559,0.01,110,2273,411,97119,CICIoT2023,6,No_FocalLoss,test,100000,True,,40.66578269004822
0.9813076630576181,0.8057597365610438,0.7992412959642664,0.9815066259671854,0.9909537533718294,0.9898978515004662,0.9898978515004662,0.3783783783783784,0.010102148499533826,0.9247924707183132,0.9948697475470799,0.635,1449,882,986,96617,CICIoT2023,6,No_ContrastiveLearning,val,100000,True,,25.613502502441406
0.9820944221472682,0.8145878524782437,0.8103309260644604,0.982215458687419,0.9911658783333163,0.9904849789808264,0.9904849789808264,0.36130927402433904,0.009515021019173588,0.9293632409993908,0.9951839802405761,0.635,1522,861,928,96602,CICIoT2023,6,No_ContrastiveLearning,test,100000,True,,25.613502502441406
0.97968659315148,0.7448385241690776,0.7616895848479466,0.9789841127313347,0.988060585633892,0.9911785498396566,0.9911785498396566,0.5015015015015015,0.008821450160343433,0.9798646178675481,0.9993790567539171,0.5800000000000001,1162,1169,861,96742,CICIoT2023,6,No_HardClassMining,val,100000,True,,39.675731897354126
0.9800226196791209,0.7525281481549368,0.7703196003644954,0.9793153285980442,0.9881555818991947,0.9914180252230083,0.9914180252230083,0.4863617289131347,0.008581974776991694,0.9812891211927475,0.9994384020998759,0.5800000000000001,1224,1159,837,96693,CICIoT2023,6,No_HardClassMining,test,100000,True,,39.675731897354126
0.9852702783837333,0.8988675409277235,0.8557604116806429,0.9860607899573747,0.9953929399639269,0.9894982736186387,0.9894982736186387,0.19176319176319176,0.010501726381361228,0.9897806360107723,0.9995968550153572,0.395,1884,447,1025,96578,CICIoT2023,6,PlainKD_NoHardClassExtras,val,100000,True,,24.24349069595337
0.9856875481669052,0.8995336403802543,0.8610617045493311,0.9863723996224215,0.9953097618802186,0.9900030759766226,0.9900030759766226,0.19093579521611415,0.009996924023377422,0.9920278615758027,0.9997250215106458,0.395,1928,455,975,96555,CICIoT2023,6,PlainKD_NoHardClassExtras,test,100000,True,,24.24349069595337
0.94760349310046,0.940924013086693,0.9429767274665434,0.9474778893528508,0.9534811758638474,0.965027664683161,0.965027664683161,0.08317963850977499,0.034972335316838916,0.9913718142427708,0.9952329852312831,0.405,4971,451,335,9244,UNSW-NB15,7,Full_AegisGraphX_backbone,val,100000,True,,
0.9447333333333333,0.9376771117014053,0.9398374839897433,0.9445926019780491,0.9509328935161323,0.9631447066193359,0.9631447066193359,0.08779048321652527,0.03685529338066402,0.9909996292068252,0.9950679713273938,0.405,4946,476,353,9225,UNSW-NB15,7,Full_AegisGraphX_backbone,test,100000,True,,
0.946936870875275,0.9400418635240797,0.9422321219852403,0.9468005969060238,0.95259198186128,0.9649232696523645,0.9649232696523645,0.08483954260420509,0.035076730347635456,0.9911928774632229,0.9951451432280287,0.42000000000000004,4962,460,336,9243,UNSW-NB15,7,No_ExpertEnsemble_BestSingleExpert,val,100000,True,XGBoost,
0.9448,0.9374092032344811,0.93986764607456,0.9446392622091337,0.95019551348014,0.9640843599916475,0.9640843599916475,0.08926595352268536,0.03591564000835248,0.9909871320750037,0.9950494296591472,0.42000000000000004,4938,484,344,9234,UNSW-NB15,7,No_ExpertEnsemble_BestSingleExpert,test,100000,True,XGBoost,
0.9460702619825345,0.9407239547009514,0.9414831527967444,0.9460232987218229,0.9557264601953855,0.9600167032049275,0.9600167032049275,0.07856879380302471,0.03998329679507256,0.9905358645835872,0.9947546969426866,0.465,4996,426,383,9196,UNSW-NB15,7,No_MoERouter_EqualWeight,val,100000,True,,
0.9434666666666667,0.9376455896601235,0.938627530948515,0.9434023286799105,0.9530828316379489,0.9586552516182919,0.9586552516182919,0.083364072298045,0.04134474838170808,0.9902944077780608,0.9946342830824899,0.465,4970,452,396,9182,UNSW-NB15,7,No_MoERouter_EqualWeight,test,100000,True,,
0.9479368042130525,0.9431859696005214,0.9435586195376955,0.947914798019136,0.9582291666666667,0.960329888297317,0.960329888297317,0.07395794909627444,0.039670111702682954,0.9914046037553945,0.9952602131802072,0.385,5021,401,380,9199,UNSW-NB15,7,No_GraphBranch,val,100000,True,,
0.9444,0.938696542603974,0.939645660687036,0.9443390179755582,0.9539036544850499,0.959281687199833,0.959281687199833,0.08188860199188491,0.04071831280016705,0.9910558085320789,0.9950988737846244,0.385,4978,444,390,9188,UNSW-NB15,7,No_GraphBranch,test,100000,True,,
0.9475368308779415,0.9427527263719215,0.9431250109810069,0.947514655622356,0.9579166666666666,0.9600167032049275,0.9600167032049275,0.07451125046108448,0.03998329679507256,0.9913857444907939,0.9952546056613892,0.385,5018,404,383,9196,UNSW-NB15,7,No_TemporalBranch,val,100000,True,,
0.945,0.939726564296222,0.9403429072337414,0.9449611075526559,0.9552689066888589,0.9587596575485487,0.9587596575485487,0.07930652895610475,0.041240342451451244,0.9910546724291859,0.9950970565250046,0.385,4992,430,395,9183,UNSW-NB15,7,No_TemporalBranch,test,100000,True,,
0.94627024865009,0.9462031246191324,0.9422955941704816,0.9464923527866188,0.9686932364568864,0.946445349201378,0.946445349201378,0.05403909996311324,0.05355465079862198,0.9913718142427708,0.9952329852312831,0.5,5129,293,513,9066,UNSW-NB15,7,No_Calibration_Raw0.5,val,100000,True,,
0.9446,0.9441750040572352,0.9404788028351916,0.9448182240201279,0.9668054221368343,0.9457089162664439,0.9457089162664439,0.05735890815197344,0.05429108373355607,0.9909996292068252,0.9950679713273938,0.5,5111,311,520,9058,UNSW-NB15,7,No_Calibration_Raw0.5,test,100000,True,,
0.9272048530097994,0.9148266705544286,0.9201009146947703,0.9267029874816193,0.9288529560384032,0.9594947280509448,0.9594947280509448,0.1298413869420878,0.040505271949055226,0.9745189867066348,0.9672817457844967,0.52,4718,704,388,9191,UNSW-NB15,7,Full_DistilledStudent,val,100000,True,,34.90775275230408
0.9193333333333333,0.9048232689893436,0.9111747907654905,0.9186334143712879,0.9197431781701445,0.9571935685946962,0.9571935685946962,0.14754703061600885,0.042806431405303824,0.9719771652561402,0.9655669927315212,0.52,4622,800,410,9168,UNSW-NB15,7,Full_DistilledStudent,test,100000,True,,34.90775275230408
0.9072728484767683,0.8922962609288909,0.8980135303391916,0.9065292350953654,0.911788372560853,0.9463409541705815,0.9463409541705815,0.1617484323127997,0.05365904582941852,0.9675671864430171,0.9630519971587319,0.5,4545,877,514,9065,UNSW-NB15,7,No_FocalLoss,val,100000,True,,34.286739349365234
0.9040666666666667,0.8896676756544087,0.8946849548360929,0.9033939998143964,0.9111021315284372,0.9416370849864272,0.9416370849864272,0.16230173367760975,0.05836291501357277,0.9689552278410062,0.9688221557393235,0.5,4542,880,559,9019,UNSW-NB15,7,No_FocalLoss,test,100000,True,,34.286739349365234
0.9255382974468369,0.9228862672938687,0.9198998567811217,0.9257890522201615,0.9500106360348862,0.9324564150746425,0.9324564150746425,0.0866838804869052,0.06754358492535756,0.9758096477720902,0.9706834592435739,0.605,4952,470,647,8932,UNSW-NB15,7,No_ContrastiveLearning,val,100000,True,,18.63457226753235
0.9253333333333333,0.9228861881391013,0.9197151708354119,0.9255995164355534,0.9503727369542067,0.9317185216120276,0.9317185216120276,0.08594614533382516,0.06828147838797244,0.977359298663273,0.9754224915278393,0.605,4956,466,654,8924,UNSW-NB15,7,No_ContrastiveLearning,test,100000,True,,18.63457226753235
0.9248716752216519,0.9164414240868486,0.9182612520656634,0.9247027731766442,0.9362097440132122,0.9468629293245642,0.9468629293245642,0.11398008115086684,0.05313707067543585,0.9762172350843242,0.9695254290945139,0.645,4804,618,509,9070,UNSW-NB15,7,No_HardClassMining,val,100000,True,,28.16533637046814
0.9246666666666666,0.9161619994917961,0.9180304783089399,0.9244925211427526,0.9359133126934984,0.9468573814992691,0.9468573814992691,0.11453338251567687,0.05314261850073084,0.9781868725968055,0.9749269690451752,0.645,4801,621,509,9069,UNSW-NB15,7,No_HardClassMining,test,100000,True,,28.16533637046814
0.9247383507766149,0.9119749167737476,0.9173612256525061,0.9242034186781466,0.9265953150242326,0.9580331976197933,0.9580331976197933,0.13408336407229804,0.041966802380206704,0.9751150030061224,0.9681317883383541,0.5650000000000001,4695,727,402,9177,UNSW-NB15,7,PlainKD_NoHardClassExtras,val,100000,True,,16.590372562408447
0.9220666666666667,0.9091643566549711,0.9144452482302937,0.9215202124968933,0.9247398727144156,0.9557318855711004,0.9557318855711004,0.13740317226115825,0.04426811442889956,0.9771976350728135,0.9738526058884793,0.5650000000000001,4677,745,424,9154,UNSW-NB15,7,PlainKD_NoHardClassExtras,test,100000,True,,16.590372562408447
0.9959505833905284,0.9966759309059008,0.9935098103501548,0.9959634223757436,0.9994884474379743,0.995499320652174,0.995499320652174,0.0021474588403722263,0.004500679347826087,0.9997419317111979,0.9999254254395504,0.41500000000000004,2788,6,53,11723,ToN-IoT-Network,7,Full_AegisGraphX_backbone,val,100000,True,,
0.9986385783892233,0.997248554156673,0.9979389814488977,0.9986376319415116,0.9986424110779256,0.9996376155100561,0.9996376155100561,0.005140507196710075,0.0003623844899438304,0.9999558196428041,0.9999880175698486,0.41500000000000004,2903,15,4,11034,ToN-IoT-Network,7,Full_AegisGraphX_backbone,test,100000,True,,
0.9968428277282086,0.9921775614379416,0.9948794551841776,0.9968341229064662,0.9963608666215301,0.9997452445652174,0.9997452445652174,0.015390121689334287,0.0002547554347826087,0.999894946055795,0.9999749283438999,0.035,2751,43,3,11773,ToN-IoT-Network,7,No_ExpertEnsemble_BestSingleExpert,val,100000,True,XGBoost,
0.9969905417024936,0.9929293421032532,0.9954272727987606,0.9969828786196321,0.9962989709333815,0.999909403877514,0.999909403877514,0.01405071967100754,9.05961224859576e-05,0.9999630226244411,0.9999901034672034,0.035,2877,41,1,11037,ToN-IoT-Network,7,No_ExpertEnsemble_BestSingleExpert,test,100000,True,XGBoost,
0.9961564859299932,0.9968033086232921,0.9938373252045726,0.9961679026979411,0.9994885782475281,0.9957540760869565,0.9957540760869565,0.0021474588403722263,0.004245923913043478,0.9997414150275434,0.9999220839771195,0.47000000000000003,2788,6,50,11726,ToN-IoT-Network,7,No_MoERouter_EqualWeight,val,100000,True,,
0.9989968472341645,0.99785320099883,0.9984815466699644,0.9989962134081323,0.998913830557567,0.9998188077550281,0.9998188077550281,0.00411240575736806,0.0001811922449719152,0.9999715295941332,0.9999923613037018,0.47000000000000003,2906,12,2,11036,ToN-IoT-Network,7,No_MoERouter_EqualWeight,test,100000,True,,
0.9958819492107069,0.9963604803383026,0.9933971341477563,0.9958941814620798,0.9993181043300375,0.9955842391304348,0.9955842391304348,0.002863278453829635,0.004415760869565217,0.9997872783001618,0.9999468339585821,0.34,2786,8,52,11724,ToN-IoT-Network,7,No_GraphBranch,val,100000,True,,
0.9984952708512468,0.996779801498245,0.9977208795363178,0.998493842963143,0.9983714828553334,0.9997282116325421,0.9997282116325421,0.00616860863605209,0.0002717883674578728,0.9999707844581016,0.9999922005836664,0.34,2900,18,3,11035,ToN-IoT-Network,7,No_GraphBranch,test,100000,True,,
0.9959505833905284,0.996402939577433,0.9935063050965137,0.9959623413015524,0.9993181624477968,0.9956691576086957,0.9956691576086957,0.002863278453829635,0.004330842391304348,0.9997688752441177,0.9999420122562721,0.34500000000000003,2786,8,51,11725,ToN-IoT-Network,7,No_TemporalBranch,val,100000,True,,
0.9984952708512468,0.996779801498245,0.9977208795363178,0.998493842963143,0.9983714828553334,0.9997282116325421,0.9997282116325421,0.00616860863605209,0.0002717883674578728,0.9996330205045292,0.999268313720417,0.34500000000000003,2900,18,3,11035,ToN-IoT-Network,7,No_TemporalBranch,test,100000,True,,
0.9958819492107069,0.9966334716667704,0.9934006974516154,0.9958952803148525,0.9994884038199181,0.9954144021739131,0.9954144021739131,0.0021474588403722263,0.004585597826086957,0.9997419317111979,0.9999254254395504,0.5,2788,6,54,11722,ToN-IoT-Network,7,No_Calibration_Raw0.5,val,100000,True,,
0.998566924620235,0.9974553604527248,0.9978318766027701,0.9985663818823437,0.9988228902571532,0.9993658271425983,0.9993658271425983,0.004455106237148732,0.0006341728574017033,0.9999558196428041,0.9999880175698486,0.5,2905,13,7,11031,ToN-IoT-Network,7,No_Calibration_Raw0.5,test,100000,True,,
0.9794097460535347,0.9665148872973142,0.9667697314355695,0.9794041195168697,0.9870967741935484,0.9874320652173914,0.9874320652173914,0.05440229062276306,0.012567934782608696,0.981908352233824,0.986970441045391,0.52,2642,152,148,11628,ToN-IoT-Network,7,Full_DistilledStudent,val,100000,True,,29.566441535949707
0.9825164803668673,0.9710478636887885,0.973434632449943,0.9824719615045295,0.9871818017692724,0.9907591955064323,0.9907591955064323,0.04866346812885538,0.009240804493567675,0.98504356748281,0.986930301446987,0.52,2776,142,102,10936,ToN-IoT-Network,7,Full_DistilledStudent,test,100000,True,,29.566441535949707
0.9485243651338366,0.938263020184946,0.920304705504828,0.9495398822969565,0.9808967201674809,0.9549082880434783,0.9549082880434783,0.07838224767358626,0.045091711956521736,0.9646968142866313,0.982971063784722,0.875,2575,219,531,11245,ToN-IoT-Network,7,No_FocalLoss,val,100000,True,,28.436421632766724
0.9544998566924621,0.9447647735947635,0.9330057531883795,0.9550844528029463,0.9805968770211586,0.961496647943468,0.961496647943468,0.07196710075394105,0.03850335205653198,0.9671498863481268,0.9800626044466438,0.875,2708,210,425,10613,ToN-IoT-Network,7,No_FocalLoss,test,100000,True,,28.436421632766724
0.9280713795470145,0.9354378547489185,0.8943917496898501,0.9311577238484608,0.9866630375612412,0.9234884510869565,0.9234884510869565,0.05261274158911954,0.07651154891304347,0.9564087525724767,0.9798184832447564,0.8,2647,147,901,10875,ToN-IoT-Network,7,No_ContrastiveLearning,val,100000,True,,18.865899562835693
0.9331470335339639,0.9385769777059025,0.9060909334909333,0.9354188646549179,0.98539725237775,0.9292444283384671,0.9292444283384671,0.0520904729266621,0.07075557166153289,0.9607995110914118,0.978708573188396,0.8,2766,152,781,10257,ToN-IoT-Network,7,No_ContrastiveLearning,test,100000,True,,18.865899562835693
0.9794097460535347,0.9622835217060627,0.9664848408581243,0.9793154662411013,0.9845465293024827,0.9900645380434783,0.9900645380434783,0.0654974946313529,0.00993546195652174,0.9756326213878342,0.9842560527617806,0.28,2611,183,117,11659,ToN-IoT-Network,7,No_HardClassMining,val,100000,True,,29.092280387878418
0.9804385210662081,0.9668350198038529,0.9702127349840497,0.9803672394462151,0.9851284362325372,0.9902156187715165,0.9902156187715165,0.05654557916381083,0.009784381228483421,0.9780812647839645,0.9848061395581178,0.28,2753,165,108,10930,ToN-IoT-Network,7,No_HardClassMining,test,100000,True,,29.092280387878418
0.9773507206588882,0.9526835090138807,0.9626541706765218,0.9770966665125846,0.9795542148483325,0.9926970108695652,0.9926970108695652,0.08732999284180387,0.007302989130434783,0.9755022651411409,0.9848844124008522,0.12,2550,244,86,11690,ToN-IoT-Network,7,PlainKD_NoHardClassExtras,val,100000,True,,32.34938955307007
0.9771424476927486,0.9575663348037765,0.9648870800138033,0.976956647697616,0.9801128728836335,0.9912121761188621,0.9912121761188621,0.07607950651130911,0.008787823881137887,0.978009731724949,0.9859089059694086,0.12,2696,222,97,10941,ToN-IoT-Network,7,PlainKD_NoHardClassExtras,test,100000,True,,32.34938955307007
0.9956862038593963,0.969599048537048,0.9540271998318821,0.9957576000222882,0.998624639481058,0.9969567177637512,0.9969567177637512,0.05775862068965517,0.003043282236248873,0.9990289578215852,0.9999768097673009,0.385,2186,134,297,97295,CICIoT2023,7,Full_AegisGraphX_backbone,val,100000,True,,
0.9956659693514969,0.9738708728160992,0.9546785295476699,0.9957535438202916,0.9988187803650482,0.996740467404674,0.996740467404674,0.0489987217724755,0.0032595325953259533,0.9989368543025012,0.9999714448960304,0.385,2232,115,318,97242,CICIoT2023,7,Full_AegisGraphX_backbone,test,100000,True,,
0.9962867323244455,0.9678025120770215,0.9597733264369159,0.996318570170086,0.9985232132418546,0.9976739896712845,0.9976739896712845,0.06206896551724138,0.0023260103287154684,0.9995010764378651,0.9999881839520052,0.5650000000000001,2176,144,227,97365,CICIoT2023,7,No_ExpertEnsemble_BestSingleExpert,val,100000,True,XGBoost,
0.9964867326613751,0.9711724339761505,0.9624230178387907,0.9965193202651771,0.9986662426002113,0.9977347273472734,0.9977347273472734,0.055389859394972304,0.0022652726527265274,0.9995525417546463,0.9999892603054882,0.5650000000000001,2217,130,221,97339,CICIoT2023,7,No_ExpertEnsemble_BestSingleExpert,test,100000,True,XGBoost,
0.9963567939787012,0.9760437366262356,0.9611026884153826,0.9964138718425833,0.998922391674706,0.9973460939421264,0.9973460939421264,0.04525862068965517,0.0026539060578735963,0.9992469704978644,0.9999822271392291,0.465,2215,105,259,97333,CICIoT2023,7,No_MoERouter_EqualWeight,val,100000,True,,
0.9964266768094328,0.9777948954926277,0.9623182024873074,0.9964844500742337,0.9989938295054364,0.9973452234522345,0.9973452234522345,0.041755432466979124,0.0026547765477654777,0.9993562568774388,0.9999845989621434,0.465,2249,98,259,97301,CICIoT2023,7,No_MoERouter_EqualWeight,test,100000,True,,
0.9956561774361438,0.950227442328512,0.951938958496193,0.9956479193824035,0.997684663456613,0.9978686777604722,0.9978686777604722,0.09741379310344828,0.00213132223952783,0.999136990277609,0.9999795450190179,0.13,2094,226,208,97384,CICIoT2023,7,No_GraphBranch,val,100000,True,,
0.9958161089813526,0.9546118517214145,0.9544228907879848,0.9958169784863089,0.9978679349720166,0.9978474784747847,0.9978474784747847,0.08862377503195569,0.002152521525215252,0.9989418374158175,0.9999701151630113,0.13,2139,208,210,97350,CICIoT2023,7,No_GraphBranch,test,100000,True,,
0.9958563535911602,0.9743148109935523,0.9560812860175918,0.9959358351211972,0.9988501262807745,0.9969054840560702,0.9969054840560702,0.04827586206896552,0.0030945159439298305,0.9992024545892682,0.9999811077274495,0.29500000000000004,2208,112,302,97290,CICIoT2023,7,No_TemporalBranch,val,100000,True,,
0.9959862672285226,0.9777773061071046,0.9580613175657642,0.996068898478972,0.9990036259796822,0.9968839688396884,0.9968839688396884,0.04132935662547933,0.003116031160311603,0.9989793679892487,0.9999714660107477,0.29500000000000004,2250,97,304,97256,CICIoT2023,7,No_TemporalBranch,test,100000,True,,
0.9952358075106094,0.9782050394181547,0.9505225253459986,0.9953732709596731,0.999054470709147,0.9960652512501025,0.9960652512501025,0.039655172413793106,0.003934748749897532,0.9990289578215852,0.9999768097673009,0.5,2228,92,384,97208,CICIoT2023,7,No_Calibration_Raw0.5,val,100000,True,,
0.9955158297216411,0.9841896405223107,0.9541573770450431,0.9956544248842014,0.9993315645502971,0.9960742107421074,0.9960742107421074,0.027694929697486152,0.003925789257892579,0.9989368543025012,0.9999714448960304,0.5,2282,65,383,97177,CICIoT2023,7,No_Calibration_Raw0.5,test,100000,True,,
0.983585555288654,0.8971308240358876,0.8434230865495715,0.9846857409630896,0.9953639648941662,0.987796130830396,0.987796130830396,0.1935344827586207,0.012203869169604066,0.9073018832274268,0.9941477172798481,0.855,1871,449,1191,96401,CICIoT2023,7,Full_DistilledStudent,val,100000,True,,47.748483657836914
0.984135245778574,0.9001872183187107,0.8490828728728055,0.9851398147993419,0.9954468959393745,0.9882738827388274,0.9882738827388274,0.18789944610140605,0.011726117261172612,0.9095792361310916,0.9941146193728405,0.855,1906,441,1144,96416,CICIoT2023,7,Full_DistilledStudent,test,100000,True,,47.748483657836914
0.9772499799823845,0.570301957339635,0.6075314396340216,0.9707647600022604,0.9799885188281148,0.9970694319206492,0.9970694319206492,0.8564655172413793,0.0029305680793507666,0.7480918866830519,0.9837774295804849,0.015,333,1987,286,97306,CICIoT2023,7,No_FocalLoss,val,100000,True,,34.625943183898926
0.9765882270511576,0.5615832097818209,0.595049347319184,0.969651943383369,0.9793502008598209,0.9970479704797048,0.9970479704797048,0.873881550916063,0.002952029520295203,0.7407687323571147,0.9833097454135463,0.015,296,2051,288,97272,CICIoT2023,7,No_FocalLoss,test,100000,True,,34.625943183898926
0.9815737849307391,0.7444070458008147,0.7730066612683851,0.9804870781540789,0.9880723002110285,0.9931244364292156,0.9931244364292156,0.5043103448275862,0.00687556357078449,0.8899836710223563,0.9939560432412974,0.045000000000000005,1150,1170,671,96921,CICIoT2023,7,No_ContrastiveLearning,val,100000,True,,18.56314516067505
0.9823836167635901,0.753543412830805,0.784470859247259,0.9813003753319748,0.988356918559602,0.9936654366543666,0.9936654366543666,0.48657861099275673,0.006334563345633456,0.9032118152455492,0.9945453272807547,0.045000000000000005,1205,1142,618,96942,CICIoT2023,7,No_ContrastiveLearning,test,100000,True,,18.56314516067505
0.9836355993274081,0.9335545805054682,0.8529436132857089,0.9851383164268906,0.9971401630935975,0.9860746782523158,0.9860746782523158,0.11896551724137931,0.013925321747684237,0.9916309782670144,0.9996627097694116,0.62,2044,276,1359,96233,CICIoT2023,7,No_HardClassMining,val,100000,True,,32.67929697036743
0.9838449758275196,0.932888825213348,0.8552983847725153,0.985275622324898,0.9970677221485411,0.9863571135711358,0.9863571135711358,0.12057946314443971,0.01364288642886429,0.9914222167892749,0.999626847801362,0.62,2064,283,1331,96229,CICIoT2023,7,No_HardClassMining,test,100000,True,,32.67929697036743
0.9862278805348706,0.8957482736007192,0.8613530350145535,0.9868231497837127,0.9952439777640519,0.990634478235921,0.990634478235921,0.19913793103448277,0.009365521764079022,0.9929545061459248,0.9997990695080289,0.42500000000000004,1858,462,914,96678,CICIoT2023,7,PlainKD_NoHardClassExtras,val,100000,True,,19.75086808204651
0.986867787041949,0.9034575731355949,0.8690534109501707,0.9874247525934619,0.9955515281324656,0.990979909799098,0.990979909799098,0.18406476352790796,0.009020090200902008,0.9931282801856567,0.9997472318740256,0.42500000000000004,1915,432,880,96680,CICIoT2023,7,PlainKD_NoHardClassExtras,test,100000,True,,19.75086808204651
0.946136924205053,0.9437151548542058,0.9419134251822139,0.9462434252928972,0.9627322635135135,0.9524754543555463,0.9524754543555463,0.06504514464713469,0.04752454564445373,0.9912372465982107,0.9952015816146393,0.48500000000000004,5074,353,455,9119,UNSW-NB15,8,Full_AegisGraphX_backbone,val,100000,True,,
0.9448,0.9421057275852533,0.940450243339868,0.9449008577025291,0.9612869198312236,0.9518487570503447,0.9518487570503447,0.06763730187983782,0.04815124294965532,0.9908318665608286,0.9949701062417919,0.48500000000000004,5059,367,461,9113,UNSW-NB15,8,Full_AegisGraphX_backbone,test,100000,True,,
0.9460702619825345,0.9447404233311235,0.9419644457676827,0.9462318191619158,0.9653817563980036,0.9495508669312722,0.9495508669312722,0.06007002026902524,0.0504491330687278,0.9912026514134523,0.9951737630263001,0.52,5101,326,483,9091,UNSW-NB15,8,No_ExpertEnsemble_BestSingleExpert,val,100000,True,XGBoost,
0.9449333333333333,0.9432082805663544,0.9407040749327438,0.9450832471358505,0.9637404580152672,0.9494464173804052,0.9494464173804052,0.06302985624769628,0.050553582619594736,0.9905947375906196,0.9948270660252587,0.52,5084,342,484,9090,UNSW-NB15,8,No_ExpertEnsemble_BestSingleExpert,test,100000,True,XGBoost,
0.9442703819745351,0.94137490367719,0.9398631464688402,0.9443637142211467,0.9604763912310287,0.9518487570503447,0.9518487570503447,0.06909894969596463,0.04815124294965532,0.9903646395986241,0.9946750316646319,0.495,5052,375,461,9113,UNSW-NB15,8,No_MoERouter_EqualWeight,val,100000,True,,
0.9443333333333334,0.9409815955502412,0.9398740667729092,0.9444021053757585,0.9594154137314689,0.9531021516607479,0.9531021516607479,0.07113896056026539,0.04689784833925214,0.9901604326621484,0.9945644809803837,0.495,5040,386,449,9125,UNSW-NB15,8,No_MoERouter_EqualWeight,test,100000,True,,
0.945870275314979,0.9428278340750657,0.9415576419909732,0.9459464739896608,0.961060829299095,0.9538332985168164,0.9538332985168164,0.06817763036668509,0.04616670148318362,0.9913871077420886,0.9952891598482075,0.42000000000000004,5057,370,442,9132,UNSW-NB15,8,No_GraphBranch,val,100000,True,,
0.9456666666666667,0.9424253324310042,0.9413142088861328,0.9457337914745427,0.9604668278835033,0.9541466471694172,0.9541466471694172,0.06929598230740877,0.04585335283058283,0.9909825156918799,0.9950561135672684,0.42000000000000004,5050,376,439,9135,UNSW-NB15,8,No_GraphBranch,test,100000,True,,
0.945870275314979,0.9431869984925161,0.9415986571309864,0.945965036378957,0.9619358920286799,0.952893252559014,0.952893252559014,0.06651925557398194,0.047106747440986,0.9913939401707891,0.995291931166228,0.42500000000000004,5066,361,451,9123,UNSW-NB15,8,No_TemporalBranch,val,100000,True,,
0.9452666666666667,0.9424313768760784,0.9409329942207719,0.9453573292701373,0.9612182527136685,0.9526843534572801,0.9526843534572801,0.06782159970512348,0.047315646542719865,0.990979926590407,0.9950544078148346,0.42500000000000004,5058,368,453,9121,UNSW-NB15,8,No_TemporalBranch,test,100000,True,,
0.945203653089794,0.943861965463016,0.9410386072780419,0.9453707981436893,0.9648396005948587,0.9487152705243368,0.9487152705243368,0.06099133959830477,0.05128472947566325,0.9912372465982107,0.9952015816146393,0.5,5096,331,491,9083,UNSW-NB15,8,No_Calibration_Raw0.5,val,100000,True,,
0.9444,0.9428703306373055,0.9401572741459467,0.9445635903308774,0.9639065817409767,0.948401921871736,0.948401921871736,0.06266126059712496,0.05159807812826405,0.9908318665608286,0.9949701062417919,0.5,5086,340,494,9080,UNSW-NB15,8,No_Calibration_Raw0.5,test,100000,True,,
0.9115392307179522,0.8979339466968171,0.9029530375153964,0.910933078575683,0.9169784609161695,0.9471485272613328,0.9471485272613328,0.15128063386769855,0.05285147273866722,0.9673111975730906,0.9639545295417881,0.605,4606,821,506,9068,UNSW-NB15,8,Full_DistilledStudent,val,100000,True,,36.05824637413025
0.9086666666666666,0.8935184375979576,0.8995096344001083,0.9078981878103743,0.9120956399437412,0.948297472320869,0.948297472320869,0.1612605971249539,0.05170252767913098,0.9667736180531328,0.9639021589461823,0.605,4551,875,495,9079,UNSW-NB15,8,Full_DistilledStudent,test,100000,True,,36.05824637413025
0.9163389107392841,0.9024124593629275,0.9080740276966675,0.9156939632186174,0.9190931989924433,0.9527888030081471,0.9527888030081471,0.14796388428229224,0.04721119699185294,0.9727632062282188,0.9704364373597549,0.44,4624,803,452,9122,UNSW-NB15,8,No_FocalLoss,val,100000,True,,28.31375002861023
0.9141333333333334,0.8997172277695513,0.9055828323864021,0.9134400494727714,0.9168008048289739,0.9518487570503447,0.9518487570503447,0.15241430151124216,0.04815124294965532,0.9720606498848744,0.9679743433634534,0.44,4599,827,461,9113,UNSW-NB15,8,No_FocalLoss,test,100000,True,,28.31375002861023
0.920738617425505,0.9136411902529611,0.9140870649201518,0.920695591091618,0.9366732632017498,0.939314810946313,0.939314810946313,0.11203243044039064,0.06068518905368707,0.9752671854924326,0.9721453706355121,0.595,4819,608,581,8993,UNSW-NB15,8,No_ContrastiveLearning,val,100000,True,,14.056869983673096
0.9185333333333333,0.910270559371427,0.9115167380788862,0.918407087774778,0.9327461139896374,0.9401504073532484,0.9401504073532484,0.1196092886103944,0.05984959264675162,0.9735589792695554,0.9696358213715924,0.595,4777,649,573,9001,UNSW-NB15,8,No_ContrastiveLearning,test,100000,True,,14.056869983673096
0.923671755216319,0.9162982447894841,0.9171794931424877,0.923589829052054,0.9377791627713722,0.9429705452266556,0.9429705452266556,0.11037405564768749,0.05702945477334447,0.9811043506634903,0.9893455160134316,0.675,4828,599,546,9028,UNSW-NB15,8,No_HardClassMining,val,100000,True,,26.818418741226196
0.9206,0.9114902860377707,0.9135805828412833,0.9203914699463961,0.9320688588805278,0.9444328389387926,0.9444328389387926,0.12145226686325102,0.05556716106120744,0.9802543571786565,0.9889212670482881,0.675,4767,659,532,9042,UNSW-NB15,8,No_HardClassMining,test,100000,True,,26.818418741226196
0.921005266315579,0.9054296791233583,0.912806274033422,0.9201978438147491,0.9183205345566969,0.9617714643827031,0.9617714643827031,0.15091210613598674,0.03822853561729685,0.9796005619759214,0.9885944882895835,0.535,4608,819,366,9208,UNSW-NB15,8,PlainKD_NoHardClassExtras,val,100000,True,,11.566000938415527
0.9164,0.9006943873901019,0.907771628391582,0.9155725188518518,0.9154184142200918,0.957489032797159,0.957489032797159,0.1561002580169554,0.042510967202841025,0.9780632554641976,0.9877909619648947,0.535,4579,847,407,9167,UNSW-NB15,8,PlainKD_NoHardClassExtras,test,100000,True,,11.566000938415527
0.9986088891980246,0.9970530022844617,0.997828427626932,0.9986078025825411,0.9986091794158554,0.9996519317786287,0.9996519317786287,0.005545927209705373,0.0003480682213713888,0.9999593116091309,0.9999896047991264,0.375,2869,16,4,11488,ToN-IoT-Network,8,Full_AegisGraphX_backbone,val,100000,True,,
0.9982732283987514,0.9967428606661032,0.9975529421401164,0.9982718176287504,0.9981929265983994,0.999569151227919,0.999569151227919,0.00608342989571263,0.00043084877208099956,0.9999832752794152,0.9999950235238031,0.375,3431,21,5,11600,ToN-IoT-Network,8,Full_AegisGraphX_backbone,test,100000,True,,
0.9989566668985185,0.99804935510861,0.9983728029812666,0.9989563279157518,0.9991302078803166,0.9995649147232858,0.9995649147232858,0.0034662045060658577,0.000435085276714236,0.999981450437076,0.999995323656465,0.28500000000000003,2875,10,5,11487,ToN-IoT-Network,8,No_ExpertEnsemble_BestSingleExpert,val,100000,True,LightGBM,
0.9982732283987514,0.9970481367413155,0.9975544401040788,0.9982723478544727,0.9984502798105898,0.9993106419646705,0.9993106419646705,0.005214368482039398,0.0006893580353295993,0.9999719673713183,0.9999918142728785,0.28500000000000003,3434,18,8,11597,ToN-IoT-Network,8,No_ExpertEnsemble_BestSingleExpert,test,100000,True,LightGBM,
0.9987480002782222,0.9973996227350682,0.9980460935461424,0.9987471857177811,0.9987828203790645,0.9996519317786287,0.9996519317786287,0.004852686308492201,0.0003480682213713888,0.9999568081721834,0.9999888840563969,0.44,2871,14,4,11488,ToN-IoT-Network,8,No_MoERouter_EqualWeight,val,100000,True,,
0.9983396426911071,0.9966841868515739,0.9976463385158905,0.9983380307504159,0.998107364074329,0.9997414907367514,0.9997414907367514,0.006373117033603708,0.00025850926324859976,0.999681756025767,0.9998450555731838,0.44,3430,22,3,11602,ToN-IoT-Network,8,No_MoERouter_EqualWeight,test,100000,True,,
0.9989566668985185,0.9976599500157144,0.9983715327108753,0.9989559200342734,0.9988698600365122,0.9998259658893143,0.9998259658893143,0.004506065857885615,0.0001740341106856944,0.9999243238156482,0.999980370382051,0.34,2872,13,2,11490,ToN-IoT-Network,8,No_GraphBranch,val,100000,True,,
0.9984724712758185,0.9971773913729398,0.9978359578556462,0.9984714579676552,0.9984506799793424,0.999569151227919,0.999569151227919,0.005214368482039398,0.00043084877208099956,0.9999820521282082,0.99999462644654,0.34,3434,18,5,11600,ToN-IoT-Network,8,No_GraphBranch,test,100000,True,,
0.9990262224386173,0.9978332602410176,0.9984802949803331,0.9990255888916076,0.9989567031820553,0.9998259658893143,0.9998259658893143,0.004159445407279029,0.0001740341106856944,0.9999084284991262,0.9999760247415772,0.29000000000000004,2873,12,2,11490,ToN-IoT-Network,8,No_TemporalBranch,val,100000,True,,
0.9984060569834629,0.9969307891122569,0.9977411773601074,0.9984047547342311,0.9982789777127614,0.9996553209823352,0.9996553209823352,0.005793742757821553,0.00034467901766479966,0.9999811534865052,0.9999943585969412,0.29000000000000004,3432,20,4,11601,ToN-IoT-Network,8,No_TemporalBranch,test,100000,True,,
0.9982611114975308,0.9969652613437364,0.9972880049687778,0.9982605465262532,0.9986953118204749,0.9991298294465716,0.9991298294465716,0.005199306759098787,0.000870170553428472,0.9999593116091309,0.9999896047991264,0.5,2870,15,10,11482,ToN-IoT-Network,8,No_Calibration_Raw0.5,val,100000,True,,
0.9983396426911071,0.9972947390019985,0.9976492192176005,0.9983390504160686,0.998622115053393,0.9992244722102542,0.9992244722102542,0.004634994206257242,0.0007755277897457993,0.9999832752794152,0.9999950235238031,0.5,3436,16,9,11596,ToN-IoT-Network,8,No_Calibration_Raw0.5,test,100000,True,,
0.9496417889684914,0.9416308745560924,0.9244951033643913,0.950581342124725,0.9814881058844571,0.955012182387748,0.955012182387748,0.07175043327556326,0.044987817612252,0.9620573817910251,0.9813693321229026,0.855,2678,207,517,10975,ToN-IoT-Network,8,Full_DistilledStudent,val,100000,True,,58.77613615989685
0.9483296805472538,0.9419561208233755,0.9289957013179715,0.9490580575170728,0.9786895393049784,0.9537268418785007,0.9537268418785007,0.06981460023174971,0.046273158121499354,0.964371053153159,0.9775208461381454,0.855,3211,241,537,11068,ToN-IoT-Network,8,Full_DistilledStudent,test,100000,True,,58.77613615989685
0.8857898031578215,0.7457982072978504,0.787381804195775,0.8739780261635016,0.8888362545397126,0.9796380090497737,0.9796380090497737,0.4880415944540728,0.020361990950226245,0.9232027283240063,0.9762529651198919,0.05,1477,1408,234,11258,ToN-IoT-Network,8,No_FocalLoss,val,100000,True,,173.5998890399933
0.8813840738526931,0.7663420240306776,0.804376934639941,0.8708360439869897,0.8806109000697728,0.9788022404136149,0.9788022404136149,0.4461181923522596,0.02119775958638518,0.9300888581908446,0.9755046729089198,0.05,1912,1540,246,11359,ToN-IoT-Network,8,No_FocalLoss,test,100000,True,,173.5998890399933
0.9623008972664673,0.9465639875467584,0.9418580181131372,0.9624975325850096,0.9798422436459246,0.9728506787330317,0.9728506787330317,0.07972270363951472,0.027149321266968326,0.9777553490605477,0.9899140013602131,0.45,2655,230,312,11180,ToN-IoT-Network,8,No_ContrastiveLearning,val,100000,True,,143.67700958251953
0.9636713820814239,0.9502805883906476,0.9487732431770302,0.9637319287050503,0.9777912201866574,0.975010771219302,0.975010771219302,0.07444959443800696,0.024989228780697974,0.9792011624429675,0.9873669588536303,0.45,3195,257,290,11315,ToN-IoT-Network,8,No_ContrastiveLearning,test,100000,True,,143.67700958251953
0.9853237810391597,0.9758925054336647,0.9770690059833811,0.9853055987152484,0.9900095560767961,0.9916463626870867,0.9916463626870867,0.03986135181975736,0.008353637312913331,0.9792017022164767,0.9838574433962691,0.24500000000000002,2770,115,96,11396,ToN-IoT-Network,8,No_HardClassMining,val,100000,True,,65.10146856307983
0.9836620840804942,0.9739337990627167,0.9767470741037219,0.9836132385587972,0.9869673325902426,0.9919000430848772,0.9919000430848772,0.0440324449594438,0.008099956915122792,0.9793813276232973,0.9808031729443758,0.24500000000000002,3300,152,94,11511,ToN-IoT-Network,8,No_HardClassMining,test,100000,True,,65.10146856307983
0.9839326702371843,0.9716474907418076,0.9747900526020884,0.9838788155941502,0.9877848046435069,0.9921684650191438,0.9921684650191438,0.048873483535528596,0.007831534980856248,0.9829601000409599,0.9883415819558042,0.54,2744,141,90,11402,ToN-IoT-Network,8,PlainKD_NoHardClassExtras,val,100000,True,,24.507502555847168
0.981603241017467,0.9698506831923548,0.9737545083443082,0.9815260309923849,0.9846825260996064,0.9915553640672125,0.9915553640672125,0.0518539976825029,0.008444635932787591,0.9839277057727245,0.9857689405975326,0.54,3273,179,98,11507,ToN-IoT-Network,8,PlainKD_NoHardClassExtras,test,100000,True,,24.507502555847168
0.9954968477934554,0.9648007793654026,0.9516571006527019,0.9955604223831596,0.9983996224750454,0.9969881678020796,0.9969881678020796,0.06738660907127429,0.0030118321979204017,0.9990932929637514,0.9999786328138617,0.3,2159,156,294,97321,CICIoT2023,8,Full_AegisGraphX_backbone,val,100000,True,,
0.9959464328609176,0.9716391766921295,0.9564466417129656,0.9960116092391268,0.998727578705414,0.9971211671054924,0.9971211671054924,0.053842813721233174,0.0028788328945076784,0.9992040251230188,0.9999813397078864,0.3,2179,124,281,97328,CICIoT2023,8,Full_AegisGraphX_backbone,test,100000,True,,
0.9952166516561594,0.9655008010156708,0.9490245026924012,0.995301144159993,0.9984400816904588,0.9966603493315577,0.9966603493315577,0.06565874730021598,0.00333965066844235,0.9991422378367699,0.9999797608070663,0.5650000000000001,2163,152,326,97289,CICIoT2023,8,No_ExpertEnsemble_BestSingleExpert,val,100000,True,XGBoost,
0.9958963888221635,0.9673738514721556,0.9555905212042948,0.9959480499821208,0.9985228799737401,0.9972748414592917,0.9972748414592917,0.06252713851498046,0.0027251585407083363,0.9992390661675948,0.9999821462442046,0.5650000000000001,2159,144,266,97343,CICIoT2023,8,No_ExpertEnsemble_BestSingleExpert,test,100000,True,XGBoost,
0.9952266586610627,0.9522217080391085,0.947783842742774,0.9952500680271527,0.9977964086585766,0.9973159862726015,0.9973159862726015,0.09287257019438445,0.002684013727398453,0.998978107341742,0.9999759023051575,0.36000000000000004,2100,215,262,97353,CICIoT2023,8,No_MoERouter_EqualWeight,val,100000,True,,
0.9954660100888783,0.9512546617945987,0.9498243048326046,0.9954731946664234,0.9977560095907535,0.9976026800807303,0.9976026800807303,0.09509335649153278,0.0023973199192697395,0.9991043202947744,0.9999789902950277,0.36000000000000004,2084,219,234,97375,CICIoT2023,8,No_MoERouter_EqualWeight,test,100000,True,,
0.994676273391374,0.9711282997990187,0.9445044654487269,0.9948262354341426,0.998725996856089,0.9958203145008452,0.9958203145008452,0.05356371490280778,0.004179685499154843,0.9986371969308173,0.999966547668108,0.22,2191,124,408,97207,CICIoT2023,8,No_GraphBranch,val,100000,True,,
0.995085675394347,0.9760743132963967,0.9485873495093216,0.9952271028881721,0.9989621866009042,0.9960044668012171,0.9960044668012171,0.04385584020842379,0.003995533198782899,0.9990566098462434,0.9999778658301077,0.22,2202,101,390,97219,CICIoT2023,8,No_GraphBranch,test,100000,True,,
0.9947463224256979,0.9713750155020124,0.9451802953376277,0.9948918578500522,0.9987363359907948,0.9958817804640681,0.9958817804640681,0.0531317494600432,0.004118219535931978,0.9981651436435002,0.9999435911743979,0.22,2192,123,402,97213,CICIoT2023,8,No_TemporalBranch,val,100000,True,,
0.9951557370486027,0.9769581132111513,0.9493304113897056,0.9952956013287355,0.9990032778799618,0.996035201671977,0.996035201671977,0.04211897524967434,0.003964798328023031,0.9990809788753392,0.9999784388786646,0.22,2206,97,387,97222,CICIoT2023,8,No_TemporalBranch,test,100000,True,,
0.9941959371560092,0.9847992327596325,0.9415813125126492,0.994453362456892,0.9994029912198537,0.9946524611996107,0.9946524611996107,0.025053995680345574,0.005347538800389284,0.9990932929637514,0.9999786328138617,0.5,2257,58,522,97093,CICIoT2023,8,No_Calibration_Raw0.5,val,100000,True,,
0.9949055168548323,0.9891252184499066,0.9481673378247866,0.9951178399658936,0.999598674597131,0.9951848702476206,0.9951848702476206,0.01693443334780721,0.004815129752379391,0.9992040251230188,0.9999813397078864,0.5,2264,39,470,97139,CICIoT2023,8,No_Calibration_Raw0.5,test,100000,True,,
0.9789052336635645,0.627154901418264,0.6756303965915338,0.974743388674043,0.9826462235069385,0.9959944680633099,0.9959944680633099,0.7416846652267819,0.004005531936690058,0.8943876154713237,0.9946218763179018,0.11,598,1717,391,97224,CICIoT2023,8,Full_DistilledStudent,val,100000,True,,73.98280262947083
0.9796420850348306,0.631113159232561,0.6826714691248741,0.9755003382861537,0.982911769758582,0.996485979776455,0.996485979776455,0.734259661311333,0.00351402022354496,0.903165401199475,0.9952465225583222,0.11,612,1691,343,97266,CICIoT2023,8,Full_DistilledStudent,test,100000,True,,73.98280262947083
0.9823776643650556,0.712222212511377,0.7605222511521019,0.9803409392694872,0.9865784076834048,0.9955027403575271,0.9955027403575271,0.5710583153347732,0.00449725964247298,0.8069454126710379,0.9902779046625312,0.525,993,1322,439,97176,CICIoT2023,8,No_FocalLoss,val,100000,True,,52.30862498283386
0.9822744014732965,0.7147107999244124,0.7606650136221952,0.980349688407532,0.9867640485961562,0.9952053601614606,0.9952053601614606,0.5657837603126357,0.004794639838539479,0.8148855037983367,0.9906578917910863,0.525,1000,1303,468,97141,CICIoT2023,8,No_FocalLoss,test,100000,True,,52.30862498283386
0.9820974682277595,0.7795541704202464,0.7928185083452296,0.9816714097408752,0.9897577430236124,0.9919377144906009,0.9919377144906009,0.432829373650108,0.008062285509399171,0.9443246106464225,0.9975718423185786,0.7000000000000001,1313,1002,787,96828,CICIoT2023,8,No_ContrastiveLearning,val,100000,True,,23.07740354537964
0.9818740491632637,0.7797974783321941,0.7908255241618745,0.9815159019571553,0.9898249273939542,0.9916401151533157,0.9916401151533157,0.4320451584889275,0.008359884846684219,0.9456473295158538,0.9976925751649278,0.7000000000000001,1308,995,816,96793,CICIoT2023,8,No_ContrastiveLearning,test,100000,True,,23.07740354537964
0.9870309216451516,0.8927811899106874,0.8663451661969894,0.9874655825306301,0.9950962754310034,0.9916098960200789,0.9916098960200789,0.2060475161987041,0.00839010397992112,0.9930932214968466,0.9997757864387251,0.675,1838,477,819,96796,CICIoT2023,8,No_HardClassMining,val,100000,True,,42.49183630943298
0.9864380654976379,0.8771028958498436,0.8573220803868075,0.9867926267277283,0.9943809836873896,0.9917220748086755,0.9917220748086755,0.23751628310898829,0.008277925191324571,0.9924940565570645,0.9997671614047244,0.675,1756,547,808,96801,CICIoT2023,8,No_HardClassMining,test,100000,True,,42.49183630943298
0.987110977684379,0.9021000317618395,0.8692199133203424,0.987635335587809,0.9955449466525367,0.9912411002407416,0.9912411002407416,0.18704103671706263,0.008758899759258311,0.9939250498028077,0.9998213909547702,0.125,1882,433,855,96760,CICIoT2023,8,PlainKD_NoHardClassExtras,val,100000,True,,51.78297400474548
0.9867083033069101,0.8988637381894008,0.8649494714507,0.987270456702713,0.995420444371263,0.9909537030396787,0.9909537030396787,0.1932262266608771,0.009046296960321281,0.9944014268702676,0.9998574002392571,0.125,1858,445,883,96726,CICIoT2023,8,PlainKD_NoHardClassExtras,test,100000,True,,51.78297400474548
0.944670355309646,0.9410174665057796,0.9401301200722199,0.9447253085320793,0.9591237815742585,0.9541236575956626,0.9541236575956626,0.07208872458410351,0.0458763424043374,0.990415093786901,0.9947466617895317,0.41000000000000003,5020,390,440,9151,UNSW-NB15,9,Full_AegisGraphX_backbone,val,100000,True,,
0.9443333333333334,0.9411935112258887,0.9398267514889276,0.944417866050025,0.9601639688879546,0.9524554269627776,0.9524554269627776,0.07006840451100019,0.0475445730372224,0.9911687134895041,0.9951466518147474,0.41000000000000003,5030,379,456,9135,UNSW-NB15,9,Full_AegisGraphX_backbone,test,100000,True,,
0.9459369375374975,0.9422497138510361,0.941484348693536,0.9459832065854167,0.9597821533305404,0.9554790949848817,0.9554790949848817,0.0709796672828096,0.04452090501511834,0.9904363417567802,0.9947303298094775,0.48500000000000004,5026,384,427,9164,UNSW-NB15,9,No_ExpertEnsemble_BestSingleExpert,val,100000,True,XGBoost,
0.9444,0.9411247244698635,0.9398822025638573,0.9444769080302845,0.9598781640583972,0.9528724846209988,0.9528724846209988,0.07062303568127196,0.047127515379001145,0.990964926580523,0.9950010364047335,0.48500000000000004,5027,382,452,9139,UNSW-NB15,9,No_ExpertEnsemble_BestSingleExpert,test,100000,True,XGBoost,
0.9438037464169056,0.9377209475688757,0.9389043953373957,0.9437264732242675,0.9528887968523504,0.9595454071525389,0.9595454071525389,0.08410351201478743,0.04045459284746116,0.989637658996005,0.9942422620416184,0.465,4955,455,388,9203,UNSW-NB15,9,No_MoERouter_EqualWeight,val,100000,True,,
0.9432666666666667,0.9370139712580655,0.9383020298100522,0.9431814919332865,0.9521937086092715,0.9594411427379835,0.9594411427379835,0.08541320022185246,0.040558857262016475,0.9906260527761446,0.9948373530952077,0.465,4947,462,389,9202,UNSW-NB15,9,No_MoERouter_EqualWeight,test,100000,True,,
0.9450036664222385,0.9398680043347786,0.9403113197425681,0.9449757756312276,0.9558028286189684,0.9582942341778751,0.9582942341778751,0.07855822550831792,0.04170576582212491,0.9904673801744588,0.9947630077319715,0.47000000000000003,4985,425,400,9191,UNSW-NB15,9,No_GraphBranch,val,100000,True,,
0.9442666666666667,0.9392469819268654,0.9395303609570668,0.9442486150012656,0.9556573331945456,0.957251590032322,0.957251590032322,0.07875762617859124,0.04274840996767803,0.9909663722878794,0.9950105974943315,0.47000000000000003,4983,426,410,9181,UNSW-NB15,9,No_GraphBranch,test,100000,True,,
0.945070328644757,0.9399201365420562,0.9403812505705849,0.9450413493174623,0.9558074243527087,0.9583984985924304,0.9583984985924304,0.07855822550831792,0.041601501407569595,0.9904674187195288,0.9947650765109861,0.47000000000000003,4985,425,399,9192,UNSW-NB15,9,No_TemporalBranch,val,100000,True,,
0.9443333333333334,0.939258807813042,0.9395953536871448,0.9443119047179377,0.9555671175858481,0.9574601188614326,0.9574601188614326,0.07894250323534849,0.04253988113856741,0.9909700732987122,0.9950165715468777,0.47000000000000003,4982,427,408,9183,UNSW-NB15,9,No_TemporalBranch,test,100000,True,,
0.9433371108592761,0.9452527120793119,0.9393438248042958,0.9436815564218256,0.9720272167620694,0.9383797309978105,0.9383797309978105,0.04787430683918669,0.06162026900218955,0.990415093786901,0.9947466617895317,0.5,5151,259,591,9000,UNSW-NB15,9,No_Calibration_Raw0.5,val,100000,True,,
0.9438,0.9467417890906114,0.9399436906914559,0.9441865440269811,0.9749185667752444,0.9361901782921489,0.9361901782921489,0.04270660011092623,0.06380982170785111,0.9911687134895041,0.9951466518147474,0.5,5178,231,612,8979,UNSW-NB15,9,No_Calibration_Raw0.5,test,100000,True,,
0.9146723551763216,0.9207811119905811,0.9096973671388804,0.9156049005056914,0.965289441271974,0.8988635178813471,0.8988635178813471,0.05730129390018484,0.1011364821186529,0.973692382588344,0.9797851333545303,0.645,5100,310,970,8621,UNSW-NB15,9,Full_DistilledStudent,val,100000,True,,38.815078258514404
0.9122,0.9196127435749439,0.9073049564314292,0.9132437647295908,0.967140921409214,0.8930247106662496,0.8930247106662496,0.05379922351636162,0.10697528933375039,0.9722084928213592,0.9773715335614768,0.645,5118,291,1026,8565,UNSW-NB15,9,Full_DistilledStudent,test,100000,True,,38.815078258514404
0.8487434171055263,0.7965808691951848,0.8183273634975134,0.8390457603914693,0.8170245930031175,0.9837347513293713,0.9837347513293713,0.3905730129390019,0.016265248670628715,0.8595669056653737,0.8340831041891072,0.275,3297,2113,156,9435,UNSW-NB15,9,No_FocalLoss,val,100000,True,,29.04266667366028
0.8528,0.8021432091106395,0.8238612673479633,0.8437661653661899,0.8213073374532162,0.9838390157439266,0.9838390157439266,0.3795525975226474,0.016160984256073402,0.8658042386173533,0.8404527760065358,0.275,3356,2053,155,9436,UNSW-NB15,9,No_FocalLoss,test,100000,True,,29.04266667366028
0.9071395240317313,0.8937786136918642,0.8981528537732095,0.9065849157909114,0.9154672613014393,0.9417161922635804,0.9417161922635804,0.15415896487985212,0.05828380773641956,0.9677139265843613,0.9745974396570048,0.6,4576,834,559,9032,UNSW-NB15,9,No_ContrastiveLearning,val,100000,True,,16.283130884170532
0.9070666666666667,0.8954857093851794,0.8984559949948858,0.9067000034498739,0.9191981180321162,0.9370242936085914,0.9370242936085914,0.14605287483823257,0.0629757063914086,0.9684373844578634,0.9734624571577876,0.6,4619,790,604,8987,UNSW-NB15,9,No_ContrastiveLearning,test,100000,True,,16.283130884170532
0.9212052529831345,0.9155760242726014,0.9147395203920047,0.9212835116685754,0.9406770778744367,0.9357731206339276,0.9357731206339276,0.10462107208872458,0.06422687936607235,0.9775729749721077,0.9875296119954191,0.63,4844,566,616,8975,UNSW-NB15,9,No_HardClassMining,val,100000,True,,43.87363147735596
0.9239333333333334,0.9191144949915782,0.9177817219385906,0.9240517777155377,0.9441757779646762,0.9363987071212595,0.9363987071212595,0.09816971713810316,0.06360129287874049,0.9784540738963484,0.9879814650554308,0.63,4878,531,610,8981,UNSW-NB15,9,No_HardClassMining,test,100000,True,,43.87363147735596
0.9224051729884675,0.9159503547206436,0.9158833257527391,0.9224114184730121,0.9395014081568791,0.9391095818996976,0.9391095818996976,0.10720887245841035,0.060890418100302365,0.9782767019527511,0.9879477955967598,0.56,4830,580,584,9007,UNSW-NB15,9,PlainKD_NoHardClassExtras,val,100000,True,,30.758119583129883
0.9234,0.9174882477003278,0.9170341102449877,0.9234413667926319,0.9413425345043914,0.9386925242414764,0.9386925242414764,0.10371602884082086,0.06130747575852362,0.9788520289413648,0.9882160885173628,0.56,4848,561,588,9003,UNSW-NB15,9,PlainKD_NoHardClassExtras,test,100000,True,,30.758119583129883
0.9989224863627181,0.9979112465853237,0.9982965811745204,0.9989220691389508,0.9990778001341382,0.9995806072806576,0.9995806072806576,0.0037581141100102495,0.0004193927193423922,0.9999790805134868,0.9999948356196918,0.405,2916,11,5,11917,ToN-IoT-Network,9,Full_AegisGraphX_backbone,val,100000,True,,
0.9986433152442032,0.998104709246528,0.9983920714562955,0.9986429232882158,0.9985863226718501,0.9994694021931376,0.9994694021931376,0.0032599837000814994,0.0005305978068623983,0.9998931705244196,0.9999587355991675,0.405,4892,16,6,11302,ToN-IoT-Network,9,Full_AegisGraphX_backbone,test,100000,True,,
0.9989224863627181,0.998426782972134,0.9982983374611456,0.9989226251704354,0.9994127516778524,0.9992450931051837,0.9992450931051837,0.0023915271609156134,0.000754906894816306,0.9999800835025663,0.9999950966933828,0.775,2920,7,9,11913,ToN-IoT-Network,9,No_ExpertEnsemble_BestSingleExpert,val,100000,True,HistGradientBoosting,
0.9985816477553034,0.9982334667827899,0.9983196630701172,0.9985815250075202,0.9988506763327734,0.999115670321896,0.999115670321896,0.0026487367563162185,0.0008843296781039972,0.9998965579323147,0.9999600931263537,0.775,4895,13,10,11298,ToN-IoT-Network,9,No_ExpertEnsemble_BestSingleExpert,test,100000,True,HistGradientBoosting,
0.9989898309650481,0.9984687222440682,0.9984044858206902,0.9989898960467853,0.9994128009395185,0.9993289716490522,0.9993289716490522,0.0023915271609156134,0.0006710283509478275,0.9999487615864582,0.9999870093036778,0.56,2920,7,8,11914,ToN-IoT-Network,9,No_MoERouter_EqualWeight,val,100000,True,,
0.9986433152442032,0.9982776832666951,0.9983926284529346,0.9986431586628222,0.9988507779349364,0.9992041032897064,0.9992041032897064,0.0026487367563162185,0.0007958967102935974,0.9997748094474951,0.9999101743634629,0.56,4895,13,9,11299,ToN-IoT-Network,9,No_MoERouter_EqualWeight,test,100000,True,,
0.9988551417603879,0.9982559596034972,0.9981917505967822,0.9988552155196901,0.9993289153594497,0.9992450931051837,0.9992450931051837,0.0027331738981892723,0.000754906894816306,0.9999826626173418,0.9999957362569744,0.64,2919,8,9,11913,ToN-IoT-Network,9,No_GraphBranch,val,100000,True,,
0.998766650222003,0.9984814322479503,0.9985389217426266,0.9987665790790853,0.999027409372237,0.9992041032897064,0.9992041032897064,0.002241238793806031,0.0007958967102935974,0.9998871524699682,0.9999566204380779,0.64,4897,11,9,11299,ToN-IoT-Network,9,No_GraphBranch,test,100000,True,,
0.9988551417603879,0.9982559596034972,0.9981917505967822,0.9988552155196901,0.9993289153594497,0.9992450931051837,0.9992450931051837,0.0027331738981892723,0.000754906894816306,0.9999826912741727,0.9999957439772404,0.635,2919,8,9,11913,ToN-IoT-Network,9,No_TemporalBranch,val,100000,True,,
0.998766650222003,0.9984814322479503,0.9985389217426266,0.9987665790790853,0.999027409372237,0.9992041032897064,0.9992041032897064,0.002241238793806031,0.0007958967102935974,0.9998803776541783,0.9999535431856221,0.635,4897,11,9,11299,ToN-IoT-Network,9,No_TemporalBranch,test,100000,True,,
0.9987877971580578,0.9980851362348604,0.9980851362348604,0.9987877971580578,0.9992450931051837,0.9992450931051837,0.9992450931051837,0.0030748206354629312,0.000754906894816306,0.9999790805134868,0.9999948356196918,0.5,2918,9,9,11913,ToN-IoT-Network,9,No_Calibration_Raw0.5,val,100000,True,,
0.998766650222003,0.9983084582277831,0.9985384156569933,0.998766365284968,0.9987628137150937,0.9994694021931376,0.9994694021931376,0.0028524857375713123,0.0005305978068623983,0.9998931705244196,0.9999587355991675,0.5,4894,14,6,11302,ToN-IoT-Network,9,No_Calibration_Raw0.5,test,100000,True,,
0.9453835275102701,0.9393082424438958,0.9178360557717427,0.946655491487962,0.9820390455531454,0.949337359503439,0.949337359503439,0.07072087461564742,0.05066264049656098,0.9480175261738597,0.9799664804460795,0.925,2720,207,604,11318,ToN-IoT-Network,9,Full_DistilledStudent,val,100000,True,,38.06869912147522
0.8550814010853478,0.7926527987628897,0.8137636972940795,0.8483844493579858,0.8570062171209948,0.9508312698974177,0.9508312698974177,0.36552567237163813,0.04916873010258224,0.9507770533529717,0.9693266618879677,0.925,3114,1794,556,10752,ToN-IoT-Network,9,Full_DistilledStudent,test,100000,True,,38.06869912147522
0.9358879385817227,0.9221818886880427,0.9031754816346235,0.9372675393613247,0.9745630731960547,0.9448079181345412,0.9448079181345412,0.10044414075845576,0.05519208186545881,0.9244395597921049,0.9624699486727804,0.8300000000000001,2633,294,658,11264,ToN-IoT-Network,9,No_FocalLoss,val,100000,True,,42.6546425819397
0.8457696102614701,0.7810175211150827,0.8014853715796809,0.8384900885875737,0.8504018461048779,0.9450831269897417,0.9450831269897417,0.3830480847595762,0.05491687301025822,0.9331984874719241,0.9537176213933691,0.8300000000000001,3028,1880,621,10687,ToN-IoT-Network,9,No_FocalLoss,test,100000,True,,42.6546425819397
0.9638359485487238,0.9556971986285758,0.944286364225335,0.9642782367797782,0.9855838949074469,0.9691326958563999,0.9691326958563999,0.05773829859924838,0.030867304143600068,0.9791003010285452,0.9825405514467821,0.8250000000000001,2758,169,368,11554,ToN-IoT-Network,9,No_ContrastiveLearning,val,100000,True,,45.903621196746826
0.8646398618648249,0.7995063537681958,0.8239899817535974,0.8573736892746876,0.8587512794268168,0.9645383799080297,0.9645383799080297,0.36552567237163813,0.035461620091970285,0.7726273532034355,0.863184296682511,0.8250000000000001,3114,1794,401,10907,ToN-IoT-Network,9,No_ContrastiveLearning,test,100000,True,,45.903621196746826
0.9765640783891171,0.9643970256043626,0.9630838464470349,0.9765971292196894,0.9863025210084033,0.9844824693843315,0.9844824693843315,0.05568841817560642,0.015517530615668513,0.9809414164395183,0.9923222393565588,0.03,2764,163,185,11737,ToN-IoT-Network,9,No_HardClassMining,val,100000,True,,38.96003699302673
0.8803034040453873,0.8133896089893444,0.8423688548711542,0.8728881653318823,0.8641063515509602,0.9829324372125928,0.9829324372125928,0.3561532192339038,0.017067562787407144,0.8103506176181536,0.8977994790122401,0.03,3160,1748,193,11115,ToN-IoT-Network,9,No_HardClassMining,test,100000,True,,38.96003699302673
0.9763620445821267,0.9700709921401764,0.9632020768153122,0.9765324720926205,0.9900059286863725,0.9804562992786445,0.9804562992786445,0.040314314998291766,0.019543700721355476,0.9810886838932047,0.9903540347497601,0.555,2809,118,233,11689,ToN-IoT-Network,9,PlainKD_NoHardClassExtras,val,100000,True,,16.1184298992157
0.8788233843117909,0.8140581535772902,0.8414751916752341,0.8718434336869179,0.8655606854996478,0.9781570569508312,0.9781570569508312,0.350040749796251,0.02184294304916873,0.8352547233439107,0.9117349209784373,0.555,3190,1718,247,11061,ToN-IoT-Network,9,PlainKD_NoHardClassExtras,test,100000,True,,16.1184298992157
0.9951260521022027,0.9609753592743449,0.9484101679256773,0.9951923805803988,0.9981936304948016,0.9968124795014759,0.9968124795014759,0.07486176095278604,0.0031875204985241062,0.9989018336405004,0.9999736865931572,0.195,2175,176,311,97257,CICIoT2023,9,Full_AegisGraphX_backbone,val,100000,True,,
0.9952253208143981,0.9592511267316752,0.9495303434962314,0.9952757944425492,0.9980908978938293,0.9970163944511089,0.9970163944511089,0.07851414098775855,0.0029836055488911446,0.9988159304131706,0.9999714259930815,0.195,2183,186,291,97242,CICIoT2023,9,Full_AegisGraphX_backbone,test,100000,True,,
0.9962669762507631,0.9682011936505948,0.9600841573428878,0.9962993054313455,0.9985228193633762,0.9976529189898328,0.9976529189898328,0.06125053168864313,0.002347081010167268,0.9994498400156023,0.9999867866632175,0.545,2207,144,229,97339,CICIoT2023,9,No_ExpertEnsemble_BestSingleExpert,val,100000,True,XGBoost,
0.996386458729555,0.9672593870091319,0.9614623802076148,0.996408859377167,0.9984610965200262,0.9978366296535531,0.9978366296535531,0.06331785563528915,0.002163370346446844,0.9994794761091285,0.9999874004771037,0.545,2219,150,211,97322,CICIoT2023,9,No_ExpertEnsemble_BestSingleExpert,test,100000,True,XGBoost,
0.9960668141194368,0.9764007340790901,0.958783337409376,0.9961393943365359,0.9989320517954879,0.9970379632666448,0.9970379632666448,0.04423649510846448,0.0029620367333551985,0.9991882462386996,0.999980575892126,0.445,2247,104,289,97279,CICIoT2023,9,No_MoERouter_EqualWeight,val,100000,True,,
0.9962162919661268,0.9754095589696331,0.9604273705603489,0.9962758108342207,0.9988703465982028,0.9972522120718116,0.9972522120718116,0.04643309413254538,0.002747787928188408,0.9991013291571278,0.9999783387752965,0.445,2259,110,268,97265,CICIoT2023,9,No_MoERouter_EqualWeight,test,100000,True,,
0.9949158818643101,0.9585846829343048,0.9461747031857975,0.9949845725655176,0.9980807520988567,0.9967099868809446,0.9967099868809446,0.07954062101233518,0.003290013119055428,0.998859578867021,0.9999726733980139,0.195,2164,187,321,97247,CICIoT2023,9,No_GraphBranch,val,100000,True,,
0.99505515405097,0.9554571818635731,0.9475308816807677,0.995098140729527,0.9979065543320985,0.9970266473911394,0.9970266473911394,0.08611228366399325,0.0029733526088605907,0.9988294336520456,0.9999717360018513,0.195,2165,204,290,97243,CICIoT2023,9,No_GraphBranch,test,100000,True,,
0.9930944064692401,0.8798204402528446,0.917401811416215,0.9927509643070774,0.9942654231546295,0.9986880944571991,0.9986880944571991,0.23904721395151,0.0013119055428009183,0.9982822698909446,0.9999587339051595,0.095,1789,562,128,97440,CICIoT2023,9,No_TemporalBranch,val,100000,True,,
0.9928730155552441,0.8771147181118601,0.9152341259198444,0.992510846903666,0.9940905704283571,0.9986363589759364,0.9986363589759364,0.24440692275221612,0.0013636410240636502,0.9982438215530189,0.9999574836480238,0.095,1790,579,133,97400,CICIoT2023,9,No_TemporalBranch,test,100000,True,,
0.9915331418448944,0.9857021224926931,0.920237710463752,0.9920991762647008,0.9995042244210788,0.9918210888816005,0.9918210888816005,0.020416843896214378,0.008178911118399475,0.9989018336405004,0.9999736865931572,0.5,2303,48,798,96770,CICIoT2023,9,No_Calibration_Raw0.5,val,100000,True,,
0.9916918580208605,0.984006846107486,0.9217737347013151,0.992221899697728,0.9994112604191413,0.992074477356382,0.992074477356382,0.024060785141409878,0.007925522643618057,0.9988159304131706,0.9999714259930815,0.5,2312,57,773,96760,CICIoT2023,9,No_Calibration_Raw0.5,test,100000,True,,
0.9810546542699586,0.8145035236535705,0.8020207328986255,0.9814296121763859,0.9913011328040752,0.9892792718924237,0.9892792718924237,0.36027222458528285,0.010720728107576254,0.9015400760881499,0.9953146009291598,0.125,1504,847,1046,96522,CICIoT2023,9,Full_DistilledStudent,val,100000,True,,32.62315058708191
0.9810214009729535,0.8119421926170635,0.8017455641988711,0.9813308876806476,0.9911059988291961,0.9894394717685296,0.9894394717685296,0.3655550865344027,0.010560528231470374,0.9064127928784887,0.9955774866309218,0.125,1503,866,1030,96503,CICIoT2023,9,Full_DistilledStudent,test,100000,True,,32.62315058708191
0.9822856513776159,0.7655292058019036,0.7896600720207361,0.9814758177367968,0.988914973971624,0.9929895047556576,0.9929895047556576,0.46193109315185027,0.007010495244342408,0.9245615731022534,0.9966943407877243,0.36000000000000004,1265,1086,684,96884,CICIoT2023,9,No_FocalLoss,val,100000,True,,31.27008628845215
0.9820724309823627,0.7574963479473391,0.7853570620891437,0.9810954257833928,0.9884397192065953,0.9932535654598956,0.9932535654598956,0.4782608695652174,0.006746434540104375,0.9189083871763082,0.9963945540917526,0.36000000000000004,1236,1133,658,96875,CICIoT2023,9,No_FocalLoss,test,100000,True,,31.27008628845215
0.9826459432140033,0.7312602553653993,0.7750759340755105,0.9809808332820684,0.9872684008216559,0.9950598556903902,0.9950598556903902,0.5325393449595917,0.004940144309609708,0.9417871647397066,0.9975667369121012,0.42500000000000004,1099,1252,482,97086,CICIoT2023,9,No_ContrastiveLearning,val,100000,True,,16.737455129623413
0.9818922544093212,0.7250725828303279,0.7673753131605788,0.9801682479288626,0.98687744140625,0.9946787241241426,0.9946787241241426,0.5445335584634867,0.0053212758758574025,0.943333971837446,0.9976492967800167,0.42500000000000004,1079,1290,519,97014,CICIoT2023,9,No_ContrastiveLearning,test,100000,True,,16.737455129623413
0.9795634463915772,0.6358688955552154,0.6887489682557524,0.9754503770405162,0.9827763963854691,0.9965357494260413,0.9965357494260413,0.7247979583156103,0.003464250573958675,0.9803755317409575,0.9991778242063355,0.66,647,1704,338,97230,CICIoT2023,9,No_HardClassMining,val,100000,True,,29.959636688232422
0.9799203219154772,0.6429250470223244,0.6977966469293236,0.9759395038423039,0.9829718388189493,0.9966985533101617,0.9966985533101617,0.7108484592655129,0.003301446689838311,0.9818885579686493,0.9992620816691833,0.66,685,1684,322,97211,CICIoT2023,9,No_HardClassMining,test,100000,True,,29.959636688232422
0.984207207838349,0.8981003587860772,0.849179259177702,0.9851698263018763,0.9953351084690486,0.9884593309281732,0.9884593309281732,0.1922586133560187,0.01154066907182683,0.9909362715271994,0.9997527440747602,0.335,1899,452,1126,96442,CICIoT2023,9,PlainKD_NoHardClassExtras,val,100000,True,,14.106235027313232
0.9844948049088106,0.8932112345372064,0.8506261216329178,0.9853285205255117,0.9950486879022941,0.9890396071073381,0.9890396071073381,0.20261713803292528,0.010960392892661971,0.9912392219646695,0.999779471146746,0.335,1889,480,1069,96464,CICIoT2023,9,PlainKD_NoHardClassExtras,test,100000,True,,14.106235027313232
