accuracy,balanced_accuracy,macro_f1,weighted_f1,attack_recall,minority_recall,precision_attack,fpr,fnr,roc_auc,pr_auc,model,family,train_time_sec,inference_latency_sec_per_sample,peak_memory_MB,seed,eval_split,dataset,row_cap,post_determinism_fix
0.8077333333333333,0.7676875658382427,0.779565706326611,0.8014715259122194,0.9117370892018779,0.6236380424746075,0.8108935696390461,0.3763619575253924,0.08826291079812207,0.8718818020809099,0.9157396313925754,LogisticRegression,classical_tree,0.8920254707336426,1.6878445943196614e-07,3.459299,0,test,UNSW-NB15,100000,True
0.8914,0.8676213844057471,0.8784208587633053,0.8894641191095645,0.9531559728742828,0.7820867959372114,0.8856145792943001,0.21791320406278855,0.046844027125717266,0.9591899084393852,0.9718177955138566,LinearSVM,classical_tree,13.005856990814209,6.634712219238281e-07,27.810065,0,test,UNSW-NB15,100000,True
0.7516666666666667,0.7729062174421311,0.7468122942838562,0.756558434310972,0.6965049556598852,0.8493074792243768,0.8910838227442606,0.15069252077562326,0.30349504434011476,0.8596836777995011,0.904182754173056,GaussianNB,classical_tree,0.03432655334472656,6.156762440999349e-07,30.200867,0,test,UNSW-NB15,100000,True
0.9208666666666666,0.9139775763434614,0.9141938094426241,0.9208459286451719,0.9387584767866458,0.889196675900277,0.9374869764534278,0.11080332409972299,0.0612415232133542,0.9810654439960097,0.9872264230992545,kNN,classical_tree,0.0042417049407958984,0.0001384013017018636,6.69738,0,test,UNSW-NB15,100000,True
0.9326,0.940432231224631,0.9287214988400923,0.9333437765871101,0.9122587376108503,0.9686057248384118,0.9809288759255105,0.03139427516158818,0.08774126238914971,0.9813370865045271,0.9853191419563955,DecisionTree,classical_tree,0.4871501922607422,1.2157758076985677e-07,16.317,0,test,UNSW-NB15,100000,True
0.9413333333333334,0.9440119531181137,0.9373281080928328,0.9417325883810415,0.934376630151278,0.9536472760849493,0.9727381340284567,0.046352723915050784,0.06562336984872195,0.9904509151967308,0.9947689290128509,RandomForest,classical_tree,1.633915901184082,6.725740432739258e-06,205.287687,0,test,UNSW-NB15,100000,True
0.9252,0.922630726391797,0.9195167385194574,0.9254623482469695,0.9318727177882108,0.9133887349953832,0.9501116902457185,0.0866112650046168,0.06812728221178925,0.9839451551482555,0.9909548252460453,ExtraTrees,classical_tree,1.0384669303894043,6.603844960530599e-06,190.984907,0,test,UNSW-NB15,100000,True
0.9362666666666667,0.92968323947997,0.9307548031636228,0.936185916303437,0.9533646322378717,0.9060018467220683,0.9472374831553851,0.09399815327793166,0.04663536776212832,0.9881216948419427,0.9934552568664899,GradientBoosting,classical_tree,34.92499136924744,1.4338970184326171e-06,19.178057,0,test,UNSW-NB15,100000,True
0.9420666666666667,0.9405686401160631,0.9376244135145649,0.9422519917419605,0.9459572248304643,0.935180055401662,0.9627309407517519,0.06481994459833795,0.054042775169535734,0.9906344410294056,0.9948765861034513,HistGradientBoosting,classical_tree,3.488239288330078,3.501288096110026e-06,62.013368,0,test,UNSW-NB15,100000,True
0.9447333333333333,0.9421731786017222,0.9403481283231063,0.9448443921275437,0.9513823682837768,0.9329639889196676,0.9617169373549884,0.06703601108033241,0.04861763171622326,0.9910231293028167,0.9950905463723672,XGBoost,classical_tree,0.8319675922393799,3.070990244547526e-07,0.565342,0,test,UNSW-NB15,100000,True
0.9428666666666666,0.9473809926347869,0.9391502768572466,0.9433308394429714,0.9311424100156495,0.9636195752539243,0.9784038588028942,0.03638042474607572,0.06885758998435054,0.9909348681260298,0.9950187233524589,LightGBM,classical_tree,1.341475009918213,9.111245473225912e-07,4.193155,0,test,UNSW-NB15,100000,True
0.9424666666666667,0.9392747786606785,0.937848112684843,0.9425581567308701,0.95075639019301,0.9277931671283471,0.9588594276094277,0.07220683287165282,0.04924360980699009,0.9901706796987252,0.9946260641949132,CatBoost,classical_tree,2.609917402267456,8.234182993570964e-07,0.843707,0,test,UNSW-NB15,100000,True
0.9053419530452534,0.8571185698594694,0.8501154798338791,0.906252075417683,0.9352748085178015,0.7789623312011372,0.9469916482018067,0.22103766879886283,0.06472519148219846,0.8702394157843533,0.9432145908155203,LogisticRegression,classical_tree,3.2937111854553223,2.713380276893182e-07,3.478729,0,test,ToN-IoT-Network,100000,True
0.7963252807077237,0.5307058859633081,0.5213505126421267,0.7451964654209711,0.9611985523104116,0.10021321961620469,0.8185206422018348,0.8997867803837953,0.03880144768958842,0.8256959697526413,0.9311847620299999,LinearSVM,classical_tree,119.20552229881287,1.27225799923975e-06,27.099219,0,test,ToN-IoT-Network,100000,True
0.8085062946580469,0.5013559901384058,0.45054620464624734,0.7241845265530839,0.9991583200067334,0.0035536602700781805,0.8089267461669506,0.9964463397299218,0.0008416799932665601,0.7770849271863056,0.8958402306584713,GaussianNB,classical_tree,0.089111328125,1.5199245259485183e-06,34.073991,0,test,ToN-IoT-Network,100000,True
0.9890438924804356,0.9788509805871026,0.9821852098888882,0.989005529592503,0.995370760037034,0.9623312011371713,0.9911163258464633,0.037668798862828715,0.00462923996296608,0.9943251805230104,0.9974857746520912,kNN,classical_tree,0.010230302810668945,6.881564926557616e-05,6.39841,0,test,ToN-IoT-Network,100000,True
0.9972099353521606,0.9954269767231514,0.9954941652096246,0.9972097461406318,0.9983166400134669,0.9925373134328358,0.998232620770914,0.007462686567164179,0.0016833599865331201,0.9951063516809402,0.9977988611168707,DecisionTree,classical_tree,0.5763058662414551,4.4526434058273434e-07,15.946382,0,test,ToN-IoT-Network,100000,True
0.9986389928547125,0.9971243347991248,0.9977993441551389,0.9986380678258487,0.9995791600033668,0.9946695095948828,0.9987385417542679,0.005330490405117271,0.00042083999663328003,0.9999419139109125,0.9999859689957489,RandomForest,classical_tree,2.9373779296875,1.906099348662053e-05,215.939359,0,test,ToN-IoT-Network,100000,True
0.9943518203470568,0.9908118694466393,0.9908784320097279,0.9943514373090842,0.9965491120276071,0.9850746268656716,0.996465241541828,0.014925373134328358,0.0034508879723928964,0.9990737332611416,0.999723760784938,ExtraTrees,classical_tree,2.159013032913208,1.9723487249155683e-05,191.057226,0,test,ToN-IoT-Network,100000,True
0.9953045253487581,0.9932994316356941,0.9924313703644201,0.9953086507093497,0.9965491120276071,0.9900497512437811,0.9976407145264578,0.009950248756218905,0.0034508879723928964,0.9991661116783129,0.9997692110987708,GradientBoosting,classical_tree,25.204806804656982,1.6895351299585717e-06,18.836081,0,test,ToN-IoT-Network,100000,True
0.99891119428377,0.9974282698116186,0.9982389965144235,0.9989103058188255,0.9998316640013467,0.9950248756218906,0.9988228369629194,0.004975124378109453,0.00016833599865331202,0.9997866786882736,0.9999395945556967,HistGradientBoosting,classical_tree,24.899767637252808,2.3762033520283524e-06,56.389431,0,test,ToN-IoT-Network,100000,True
0.9987070432119769,0.9974376168264691,0.997910229013018,0.9987064285217199,0.99949499200404,0.9953802416488984,0.9989064602960969,0.004619758351101635,0.0005050079959599361,0.9998381994341302,0.9999579128488908,XGBoost,classical_tree,0.3433670997619629,2.6376120043920393e-07,0.570798,0,test,ToN-IoT-Network,100000,True
0.9988431439265056,0.9979285818673176,0.9981312200481567,0.9988429084500299,0.9994108240047134,0.9964463397299218,0.9991585324806462,0.0035536602700781805,0.000589175995286592,0.9997653226287431,0.9999284475353138,LightGBM,classical_tree,0.6083550453186035,7.792450449587578e-07,4.171561,0,test,ToN-IoT-Network,100000,True
0.9980265396393331,0.9962031827467924,0.996809482697623,0.9980253327737011,0.9991583200067334,0.9932480454868514,0.9984020185029436,0.006751954513148543,0.0008416799932665601,0.9998148543298393,0.9999546039084349,CatBoost,classical_tree,4.272194862365723,6.117760709208994e-07,0.853164,0,test,ToN-IoT-Network,100000,True
0.7717250973288363,0.8669775784410225,0.518276234163964,0.8509357353268981,0.7669267762476544,0.9670283806343907,0.998944865904477,0.03297161936560935,0.2330732237523456,0.969222935929313,0.9981526721930071,LogisticRegression,classical_tree,2.6398684978485107,1.7621008246171585e-07,41.707426,0,test,CICIoT2023,100000,True
0.9859286021677559,0.7902550752250097,0.8293437439808873,0.984973168025587,0.9957856095485168,0.5847245409015025,0.9898580121703854,0.4152754590984975,0.00421439045148324,0.9894610324105386,0.999533542546121,LinearSVM,classical_tree,17.10235857963562,5.193434740000728e-07,42.897456,0,test,CICIoT2023,100000,True
0.9542429367787908,0.974727388481125,0.7434028771674437,0.9648439506733297,0.9532110373963065,0.9962437395659433,0.9999031935376308,0.0037562604340567614,0.04678896260369349,0.985899614930955,0.9994785721566379,GaussianNB,classical_tree,0.07283949851989746,7.434000055670093e-07,74.344428,0,test,CICIoT2023,100000,True
0.9868993885046888,0.8878477183679474,0.8674195397807585,0.987243264342309,0.9918890928293839,0.7838063439065108,0.9946735218508997,0.21619365609348914,0.008110907170616162,0.9884234448901974,0.9995399084464172,kNN,classical_tree,0.02634572982788086,2.626789144824984e-05,99.959725,0,test,CICIoT2023,100000,True
0.991332979713568,0.9892498434126502,0.9203941243231815,0.9919376555586309,0.9914379172092737,0.9870617696160268,0.9996794838656313,0.01293823038397329,0.00856208279072629,0.9904915671020939,0.9995462345001527,DecisionTree,classical_tree,0.33734893798828125,9.824127281867845e-08,24.906753,0,test,CICIoT2023,100000,True
0.9933446091333981,0.9847844077773049,0.9360362025617163,0.993677269109374,0.9937758272407534,0.9757929883138564,0.9994019015406191,0.024207011686143573,0.006224172759246536,0.9989770573704997,0.9999750387103548,RandomForest,classical_tree,1.924433708190918,1.7972722120005094e-06,311.923658,0,test,CICIoT2023,100000,True
0.989041123309881,0.9923503983316158,0.9038588516730834,0.9900147436689329,0.9888744193677389,0.9958263772954925,0.9998963171864632,0.004173622704507512,0.011125580632261108,0.9985590103593901,0.9999648743534307,ExtraTrees,classical_tree,1.3157353401184082,1.6973940618585625e-06,249.310981,0,test,CICIoT2023,100000,True
0.9960167735866051,0.9647801309727424,0.9580665221455978,0.9960455192402137,0.9975903120289573,0.9319699499165276,0.998327364521657,0.06803005008347246,0.002409687971042728,0.9994340682649118,0.9999861485844038,GradientBoosting,classical_tree,36.88058161735535,4.1615458437410965e-06,28.968072,0,test,CICIoT2023,100000,True
0.9953662466597945,0.9599686851834122,0.9514225650093833,0.9954092498206998,0.9971493904002133,0.922787979966611,0.9981012008621575,0.07721202003338898,0.002850609599786717,0.9992428993720364,0.9999815007150413,HistGradientBoosting,classical_tree,4.556140899658203,1.3103489306990519e-06,91.727016,0,test,CICIoT2023,100000,True
0.995856643881544,0.9614412328091364,0.9562403872958197,0.9958799791822015,0.9975903120289573,0.9252921535893155,0.9981634809730473,0.07470784641068448,0.002409687971042728,0.9993721356121342,0.9999846301325559,XGBoost,classical_tree,1.232865333557129,2.2917952808742854e-07,1.613256,0,test,CICIoT2023,100000,True
0.9956764979633503,0.9833327939574101,0.9563879683264498,0.9957966375037691,0.9962983091168237,0.9703672787979967,0.9992697952341283,0.02963272120200334,0.0037016908831762766,0.9993209469682569,0.9999834045298546,LightGBM,classical_tree,1.5420665740966797,3.424175559742454e-07,4.905725,0,test,CICIoT2023,100000,True
0.9959267006275083,0.9665659752674756,0.957349093210438,0.9959668907097398,0.9974057401843668,0.9357262103505843,0.9984192806700608,0.0642737896494157,0.0025942598156332352,0.9993726063713372,0.9999846604092578,CatBoost,classical_tree,5.106462717056274,1.801543364199709e-07,3.200408,0,test,CICIoT2023,100000,True
0.8128,0.7691307129367041,0.7829085801229487,0.805367422725505,0.9257637368366176,0.6124976890367906,0.8090205011389522,0.3875023109632095,0.07423626316338233,0.8725592869647951,0.9145037246325015,LogisticRegression,classical_tree,1.182861328125,1.4945665995279948e-07,3.437419,1,test,UNSW-NB15,100000,True
0.8942,0.8726873959126846,0.8820908631830966,0.8926255854981142,0.9498488165988948,0.7955259752264744,0.8917384494909946,0.2044740247735256,0.0501511834011052,0.961987120135332,0.9745950776264546,LinearSVM,classical_tree,41.213908672332764,6.721814473470052e-07,27.79639,1,test,UNSW-NB15,100000,True
0.7332666666666666,0.7584887743426036,0.7293033977125765,0.7384352934514222,0.6680221040558857,0.8489554446293215,0.8869047619047619,0.1510445553706785,0.33197789594411425,0.8482739670955849,0.8885068336037235,GaussianNB,classical_tree,0.04863572120666504,1.145776112874349e-06,30.221339,1,test,UNSW-NB15,100000,True
0.9233333333333333,0.9173958091719492,0.9169585809235308,0.9233732138825766,0.9386925242414764,0.896099094102422,0.9412441191845269,0.10390090589757811,0.06130747575852362,0.9814318166147589,0.9874852274000241,kNN,classical_tree,0.005614280700683594,2.7137819925944012e-05,6.511172,1,test,UNSW-NB15,100000,True
0.9301333333333334,0.9381909216170433,0.9261347270626479,0.9309261801927358,0.9092899593368783,0.9670918838972083,0.979997752556467,0.032908116102791644,0.09071004066312167,0.9794472170220128,0.9832905096242874,DecisionTree,classical_tree,0.6168997287750244,2.1273295084635416e-07,16.316474,1,test,UNSW-NB15,100000,True
0.9408666666666666,0.9444479719703944,0.9369087270717578,0.9413143973900727,0.9316025440517152,0.9572933998890738,0.9747981671394284,0.04270660011092623,0.06839745594828485,0.9909203506036957,0.9950332286359218,RandomForest,classical_tree,2.2247469425201416,1.0792811711629231e-05,214.292803,1,test,UNSW-NB15,100000,True
0.9226,0.9221830955983241,0.9170530060440709,0.9230332918712674,0.9236784485455114,0.920687742651137,0.9538113695090439,0.079312257348863,0.07632155145448859,0.9837548273855294,0.9908460116804212,ExtraTrees,classical_tree,1.615569829940796,9.940497080485026e-06,174.187804,1,test,UNSW-NB15,100000,True
0.9364,0.9313219033396591,0.93107858555495,0.936417874232781,0.9495360233552289,0.9131077833240895,0.9509240889631408,0.08689221667591052,0.05046397664477114,0.9883719733321352,0.9935937959117629,GradientBoosting,classical_tree,41.22165584564209,1.3308366139729818e-06,19.177139,1,test,UNSW-NB15,100000,True
0.9444666666666667,0.9422651273468674,0.940078988984504,0.9445996265964292,0.9501616098425607,0.934368644851174,0.9625052809463456,0.06563135514882604,0.049838390157439266,0.9910079701075525,0.9950863623878909,HistGradientBoosting,classical_tree,2.1991770267486572,2.5039196014404297e-06,63.40009,1,test,UNSW-NB15,100000,True
0.946,0.94414937557297,0.9417583781268128,0.9461404094197152,0.9507871963298926,0.9375115548160473,0.9642592788410701,0.06248844518395267,0.04921280367010739,0.9912905577055151,0.9952381329672522,XGBoost,classical_tree,0.49845290184020996,3.3882459004720053e-07,0.564046,1,test,UNSW-NB15,100000,True
0.9422666666666667,0.9482432718369904,0.9386457469855272,0.9428012590894034,0.9268063809821708,0.9696801626918099,0.9818844581906551,0.030319837308190052,0.07319361901782921,0.9914851499157085,0.9953523877872255,LightGBM,classical_tree,0.6137561798095703,7.412592569986979e-07,4.137569,1,test,UNSW-NB15,100000,True
0.9416,0.9388142528008989,0.9369440083524907,0.9417210831978989,0.9488061724533416,0.9288223331484563,0.959409594095941,0.07117766685154372,0.05119382754665833,0.9904346122079886,0.9947618167548917,CatBoost,classical_tree,9.134214878082275,5.667686462402344e-07,0.843036,1,test,UNSW-NB15,100000,True
0.8541234439834025,0.7693826933575779,0.7802217844896768,0.8510001403956757,0.9219674864526887,0.6167979002624672,0.8938010183463995,0.38320209973753283,0.07803251354731137,0.8590595065432021,0.8933742782954562,LogisticRegression,classical_tree,2.819976806640625,2.3124623595431632e-07,3.451825,1,test,ToN-IoT-Network,100000,True
0.803228734439834,0.5625535744394323,0.5566253084711915,0.7402647892020784,0.9959149645685702,0.12919218431029456,0.8000267881060809,0.8708078156897054,0.0040850354314297625,0.8207829134599803,0.9007524610316964,LinearSVM,classical_tree,106.36297273635864,8.417764887275537e-07,26.79016,1,test,ToN-IoT-Network,100000,True
0.7782676348547718,0.549004366673146,0.5427147786973479,0.7249863022605361,0.961817423926636,0.13619130941965588,0.7957100489688944,0.8638086905803442,0.0381825760733639,0.7719630676289128,0.8732813328959228,GaussianNB,classical_tree,0.041350603103637695,1.007976992001672e-06,34.063385,1,test,ToN-IoT-Network,100000,True
0.9919605809128631,0.9863965628723255,0.9883287679525402,0.9919445408277291,0.9964151729887453,0.9763779527559056,0.9932685115931189,0.023622047244094488,0.0035848270112546895,0.9970106505201508,0.9984861640313528,kNN,classical_tree,0.007066249847412109,2.9159099234584952e-05,6.679732,1,test,ToN-IoT-Network,100000,True
0.9979901452282157,0.9968334356287998,0.9970922489293592,0.9979896214291849,0.9989162150896207,0.994750656167979,0.9985,0.005249343832020997,0.0010837849103793246,0.9961820754759413,0.9977978172608086,DecisionTree,classical_tree,0.2560243606567383,1.4568822017843792e-07,15.822678,1,test,ToN-IoT-Network,100000,True
0.9988329875518672,0.9976877212982809,0.9983103949634347,0.9988322564827298,0.9997498957899125,0.9956255468066492,0.9987507287415675,0.004374453193350831,0.00025010421008753647,0.9999840752155528,0.999995429884108,RandomForest,classical_tree,2.3093557357788086,9.63823800265047e-06,200.193813,1,test,ToN-IoT-Network,100000,True
0.9966934647302904,0.9941253956427601,0.9952082807446616,0.9966898326278452,0.9987494789495623,0.989501312335958,0.9970039946737683,0.010498687664041995,0.0012505210504376823,0.9992229677695735,0.9997269158018045,ExtraTrees,classical_tree,1.9309742450714111,1.1480154461880442e-05,171.727287,1,test,ToN-IoT-Network,100000,True
0.9968231327800829,0.9950418122842328,0.9954029187721349,0.9968219731512419,0.9982492705293873,0.9918343540390785,0.9976670554907515,0.008165645960921552,0.0017507294706127553,0.9993979458973076,0.9997571576248405,GradientBoosting,classical_tree,14.744372367858887,1.3210250381612184e-06,18.695099,1,test,ToN-IoT-Network,100000,True
0.9982494813278008,0.9971043028402886,0.9974669144254622,0.9982488423486434,0.9991663192997082,0.9950422863808691,0.9985835694050992,0.004957713619130942,0.0008336807002917883,0.9999858743515057,0.9999959590873395,HistGradientBoosting,classical_tree,3.434770345687866,4.86281773856072e-06,56.693364,1,test,ToN-IoT-Network,100000,True
0.9983791493775933,0.9972918019817483,0.9976545503939465,0.9983785577302254,0.9992496873697374,0.9953339165937591,0.9986668888518581,0.004666083406240887,0.0007503126302626094,0.99995954375371,0.999988308061261,XGBoost,classical_tree,0.4189586639404297,2.95349052832829e-07,0.566398,1,test,ToN-IoT-Network,100000,True
0.9989626556016598,0.9985000068683231,0.9985000068683231,0.9989626556016598,0.9993330554397666,0.9976669582968796,0.9993330554397666,0.0023330417031204435,0.0006669445602334305,0.9999821545163601,0.9999948416213753,LightGBM,classical_tree,0.4853060245513916,8.085271134910742e-07,4.142825,1,test,ToN-IoT-Network,100000,True
0.9978604771784232,0.9967500675587706,0.9969052972324806,0.9978601427706932,0.9987494789495623,0.994750656167979,0.9984997499583264,0.005249343832020997,0.0012505210504376823,0.999921445834277,0.9999759859216717,CatBoost,classical_tree,10.086918354034424,7.675952931162728e-07,0.846564,1,test,ToN-IoT-Network,100000,True
0.7604280323126358,0.860969030212754,0.5111083697257266,0.843510122846398,0.7553689003753615,0.9665691600501463,0.9989150041365468,0.03343083994985374,0.24463109962463847,0.9689329392816989,0.9982948576715437,LogisticRegression,classical_tree,4.990715265274048,1.561048743276119e-07,41.707152,1,test,CICIoT2023,100000,True
0.9854152694221163,0.7921786574039109,0.825944387188448,0.984566399088334,0.9951387606916497,0.5892185541161722,0.9899709228179361,0.4107814458838278,0.004861239308350256,0.9896538860115707,0.9995532688208417,LinearSVM,classical_tree,22.857316493988037,3.6387239774892366e-07,42.899076,1,test,CICIoT2023,100000,True
0.9529624921170382,0.9742735280494788,0.739530123819963,0.9640152819073202,0.9518901400939429,0.9966569160050146,0.9999138144640876,0.003343083994985374,0.04810985990605706,0.984540452251488,0.9994263117205808,GaussianNB,classical_tree,0.1109156608581543,1.4719475587579784e-06,74.3296,1,test,CICIoT2023,100000,True
0.986426290553459,0.8899162625276827,0.8643534044527693,0.9868694003553841,0.9912825877381904,0.788549937317175,0.9947922027129948,0.2114500626828249,0.00871741226180953,0.9817510431858817,0.9992136562726405,kNN,classical_tree,0.04774737358093262,3.6437203167453764e-05,99.947475,1,test,CICIoT2023,100000,True
0.9921220432636964,0.9880155713670269,0.9263642574850157,0.9926159023175191,0.9923286772096076,0.9837024655244463,0.9995970949512898,0.0162975344755537,0.0076713227903923865,0.9904079064934201,0.9995378368998353,DecisionTree,classical_tree,0.6272976398468018,2.26108515627395e-07,24.906755,1,test,CICIoT2023,100000,True
0.9932231553869408,0.984910971737087,0.9349763270332714,0.9935699873738589,0.9936414169384448,0.9761805265357292,0.9994120256233044,0.02381947346427079,0.006358583061555186,0.9989709977794803,0.9999748922310014,RandomForest,classical_tree,3.2856523990631104,3.139837056502507e-06,302.928492,1,test,CICIoT2023,100000,True
0.9890189090981891,0.9902984079439336,0.903299013998816,0.9899822280690154,0.9889545258753307,0.9916422900125366,0.9997926365229293,0.008357709987463435,0.011045474124669252,0.9986684544379706,0.9999675208320665,ExtraTrees,classical_tree,2.300679922103882,3.7508438828697943e-06,248.219292,1,test,CICIoT2023,100000,True
0.9964263906545611,0.971673411609314,0.9625288199240205,0.9964609960300859,0.9976719381371403,0.9456748850814877,0.9986654210596557,0.05432511491851233,0.0023280618628597214,0.9994753438255312,0.9999871688920849,GradientBoosting,classical_tree,47.56983280181885,7.100119080170875e-06,28.972854,1,test,CICIoT2023,100000,True
0.9960460064665312,0.959045845338445,0.9578327671250415,0.9960512301480395,0.9979078210571657,0.9201838696197242,0.9980408849866145,0.07981613038027581,0.0020921789428342873,0.9994033733704721,0.9999853995840366,HistGradientBoosting,classical_tree,39.78171372413635,1.1758043760795083e-06,91.415819,1,test,CICIoT2023,100000,True
0.9957757334908257,0.957888318019565,0.9551055564682673,0.9957885654935043,0.9976821939162718,0.9180944421228583,0.9979892486355616,0.08190555787714167,0.002317806083728181,0.9993282421811427,0.9999835633121381,XGBoost,classical_tree,0.689568281173706,2.3217285670685596e-07,1.612856,1,test,CICIoT2023,100000,True
0.9955354908457542,0.9838535507654509,0.9550948483249053,0.9956677292683934,0.9961233154882776,0.9715837860426243,0.9993003827317997,0.028416213957375678,0.0038766845117223555,0.9992639710604798,0.9999817752451012,LightGBM,classical_tree,0.6541895866394043,3.502544795279854e-07,4.906103,1,test,CICIoT2023,100000,True
0.9962862491116027,0.9669138793726144,0.9608089210853039,0.9963105108143393,0.9977642401493242,0.9360635185959048,0.9984298190700013,0.06393648140409527,0.0022357598506758556,0.9994844767404201,0.9999873926989534,CatBoost,classical_tree,32.482659101486206,1.6689109609409117e-06,3.199352,1,test,CICIoT2023,100000,True
0.7921333333333334,0.7730063887152141,0.773840818868575,0.7918074469996902,0.841479937467431,0.7045328399629972,0.8348671285285907,0.2954671600370028,0.15852006253256903,0.8780632161273482,0.9190781355204876,LogisticRegression,classical_tree,1.5990231037139893,2.553462982177734e-07,3.437143,2,test,UNSW-NB15,100000,True
0.8914666666666666,0.8681830605768596,0.878572378738658,0.8896253792334118,0.9515372589890568,0.7848288621646623,0.8870105897211698,0.21517113783533764,0.0484627410109432,0.9613296221291636,0.9740025207689751,LinearSVM,classical_tree,41.239203214645386,1.1161645253499349e-06,27.796118,2,test,UNSW-NB15,100000,True
0.7424666666666667,0.7656529307441675,0.7379792776494977,0.7475575557859919,0.68264721208963,0.848658649398705,0.8889793702497285,0.1513413506012951,0.31735278791036997,0.8541725835274019,0.8991690457516417,GaussianNB,classical_tree,0.04316902160644531,1.0020891825358073e-06,30.232137,2,test,UNSW-NB15,100000,True
0.9198666666666667,0.9141352433115653,0.9132659995271434,0.9199496136679367,0.9346534653465347,0.8936170212765957,0.9397464109818715,0.10638297872340426,0.06534653465346535,0.9804301885955672,0.987054800116427,kNN,classical_tree,0.00834035873413086,3.888394037882487e-05,6.511172,2,test,UNSW-NB15,100000,True
0.9328,0.940403260833411,0.9288554207388782,0.9335348621613301,0.9131839499739448,0.967622571692877,0.980418484950207,0.032377428307123035,0.08681605002605523,0.9808217932655527,0.985385968521169,DecisionTree,classical_tree,0.690746545791626,2.0229021708170574e-07,16.316428,2,test,UNSW-NB15,100000,True
0.9375333333333333,0.9395787005547042,0.9331840837061813,0.9379458699454725,0.9322563835330901,0.9469010175763182,0.9689124783362218,0.05309898242368177,0.06774361646690985,0.9902860002149979,0.9946794547268409,RandomForest,classical_tree,3.2696714401245117,1.529256502787272e-05,215.698892,2,test,UNSW-NB15,100000,True
0.9225333333333333,0.9191686041382754,0.9165001844181813,0.9227697513711791,0.9312141740489839,0.907123034227567,0.946805128748543,0.09287696577243293,0.06878582595101615,0.9830726765163978,0.9904871367977627,ExtraTrees,classical_tree,2.4082608222961426,1.3199122746785482e-05,176.143775,2,test,UNSW-NB15,100000,True
0.9353333333333333,0.930304916172517,0.9299226708472763,0.9353618924923289,0.9483064095883272,0.9123034227567067,0.9504857411469758,0.08769657724329324,0.05169359041167275,0.9879017411454374,0.993298498549579,GradientBoosting,classical_tree,39.407663106918335,1.6058603922526041e-06,19.178545,2,test,UNSW-NB15,100000,True
0.9434666666666667,0.9412675909004795,0.9389928514010321,0.9436076436125065,0.9491401771756123,0.9333950046253469,0.9619731699588042,0.0666049953746531,0.0508598228243877,0.9906364082048207,0.9948745684691225,HistGradientBoosting,classical_tree,3.6764237880706787,4.042991002400716e-06,61.517377,2,test,UNSW-NB15,100000,True
0.9433333333333334,0.9412845593435141,0.9388680034286084,0.943483132264523,0.9486190724335591,0.933950046253469,0.9622581668252458,0.06604995374653098,0.05138092756644085,0.9907283173908705,0.9949366749464471,XGBoost,classical_tree,0.6922335624694824,3.528912862141927e-07,0.564046,2,test,UNSW-NB15,100000,True
0.9438,0.9484359385838774,0.9401063946311268,0.9442610809386647,0.9318394997394476,0.9650323774283072,0.9792990142387733,0.03496762257169288,0.06816050026055237,0.9910350123575579,0.9951109826064455,LightGBM,classical_tree,0.6561503410339355,7.110595703125e-07,4.140725,2,test,UNSW-NB15,100000,True
0.9409333333333333,0.9374695520090011,0.9361288009394919,0.9410220898870358,0.9498697238144868,0.9250693802035153,0.9574535140245825,0.07493061979648474,0.05013027618551329,0.9900516235955842,0.9945206129397729,CatBoost,classical_tree,15.579160690307617,9.30627187093099e-07,0.843036,2,test,UNSW-NB15,100000,True
0.8642399730367375,0.7655596274240342,0.7874986486486486,0.8578699696663297,0.9446327683615819,0.5864864864864865,0.8875459371171907,0.4135135135135135,0.05536723163841808,0.8753739397807194,0.9397117811625582,LogisticRegression,classical_tree,4.302538156509399,2.5195066158241963e-07,3.474564,2,test,ToN-IoT-Network,100000,True
0.80438153016515,0.5661846983880883,0.5614789051518808,0.7413293679254952,0.9984354628422425,0.13393393393393394,0.7993180711154408,0.8660660660660661,0.0015645371577574967,0.8181346666092428,0.8935813509332515,LinearSVM,classical_tree,130.9515082836151,1.0759130567262017e-06,26.966861,2,test,ToN-IoT-Network,100000,True
0.22467138523761376,0.4998103057425091,0.18376631293769097,0.08307406179289455,0.0005215123859191656,0.9990990990990991,0.6666666666666666,0.0009009009009009009,0.9994784876140809,0.7509317922877244,0.8602335806671274,GaussianNB,classical_tree,0.05599260330200195,1.4241150745768558e-06,34.314684,2,test,ToN-IoT-Network,100000,True
0.9900235928547354,0.981298573671455,0.9855458070424292,0.9899791241086279,0.9971316818774446,0.9654654654654654,0.9900750841460257,0.03453453453453453,0.0028683181225554106,0.9954197744028253,0.9974622819090985,kNN,classical_tree,0.008852243423461914,4.6534629875777104e-05,6.452564,2,test,ToN-IoT-Network,100000,True
0.9983147960903269,0.9976332264467858,0.9975801392155126,0.9983148859676055,0.9988700564971752,0.9963963963963964,0.9989568845618915,0.0036036036036036037,0.0011299435028248588,0.9969645003543307,0.9982790419145413,DecisionTree,classical_tree,0.4283943176269531,2.3462573888127476e-07,15.927303,2,test,ToN-IoT-Network,100000,True
0.9989888776541962,0.9981745108863753,0.9985468428987335,0.9989884994773093,0.9996523250760538,0.9966966966966967,0.9990444753300903,0.003303303303303303,0.0003476749239461104,0.9999790664197444,0.9999938800592953,RandomForest,classical_tree,3.3992459774017334,1.6127815542295e-05,217.704763,2,test,ToN-IoT-Network,100000,True
0.9964273677114931,0.9940691669505228,0.9948611162172827,0.9964244991190129,0.998348544111256,0.9897897897897898,0.9970486111111111,0.01021021021021021,0.0016514558887440244,0.9992239958341652,0.9997348112838416,ExtraTrees,classical_tree,2.5139262676239014,1.5744883322257726e-05,179.416875,2,test,ToN-IoT-Network,100000,True
0.9966970003370408,0.995096530689751,0.9952550478600698,0.9966964713742833,0.9980008691873099,0.9921921921921922,0.9977407021202641,0.007807807807807808,0.001999130812690135,0.9988655931028814,0.9993842889880056,GradientBoosting,classical_tree,16.94550609588623,1.7554100250048713e-06,18.816466,2,test,ToN-IoT-Network,100000,True
0.9984496124031008,0.9971866912544879,0.9977708727092958,0.998448700341455,0.9994784876140809,0.9948948948948949,0.9985237929836749,0.005105105105105105,0.0005215123859191656,0.9999676599676599,0.9999905901242286,HistGradientBoosting,classical_tree,2.86384916305542,4.12403874257457e-06,58.136231,2,test,ToN-IoT-Network,100000,True
0.9987192450286485,0.9977872918550885,0.9981593343383959,0.9987187660045918,0.9994784876140809,0.9960960960960961,0.998870743571925,0.003903903903903904,0.0005215123859191656,0.9999702440380407,0.9999912340347816,XGBoost,classical_tree,0.6163513660430908,3.0170758243839787e-07,0.570118,2,test,ToN-IoT-Network,100000,True
0.9989214694978092,0.9980243607362251,0.9984498000910893,0.9989210083765514,0.9996523250760538,0.9963963963963964,0.9989576999913141,0.0036036036036036037,0.0003476749239461104,0.9999837125260855,0.9999952740295127,LightGBM,classical_tree,0.4483773708343506,7.082968397818714e-07,4.143627,2,test,ToN-IoT-Network,100000,True
0.9983822042467139,0.9973566134583084,0.9976751970558451,0.9983816857229215,0.9992177314211212,0.9954954954954955,0.9986968986187126,0.0045045045045045045,0.0007822685788787483,0.9995380778431626,0.9998382068955012,CatBoost,classical_tree,18.91572618484497,9.548153827437094e-07,0.852144,2,test,ToN-IoT-Network,100000,True
0.7016734391576755,0.8336843470225002,0.47831206147344335,0.8030516327123541,0.6949180361502636,0.9724506578947368,0.9990119305696884,0.027549342105263157,0.30508196384973635,0.9733043200485595,0.9985671746409034,LogisticRegression,classical_tree,4.45151948928833,2.5977779504265267e-07,41.707426,2,test,CICIoT2023,100000,True
0.9860480012811017,0.7994032121922103,0.8353904203166439,0.9852031865237424,0.9955991875423155,0.6032072368421053,0.9901548695137627,0.39679276315789475,0.004400812457684496,0.9908503182503868,0.9996070524696652,LinearSVM,classical_tree,20.70896577835083,5.743173649296891e-07,42.896063,2,test,CICIoT2023,100000,True
0.954090517845347,0.9728642463952859,0.744354491833149,0.9646376913431923,0.9531298085800456,0.9925986842105263,0.9998063079058657,0.007401315789473684,0.04687019141995445,0.9851530577777382,0.9994175636642434,GaussianNB,classical_tree,0.061570167541503906,8.092878301853266e-07,74.340616,2,test,CICIoT2023,100000,True
0.9869988189843265,0.886490477425522,0.8692367309046409,0.9872882034462116,0.9921421390615703,0.7808388157894737,0.9945192238480601,0.21916118421052633,0.007857860938429658,0.9870179263526654,0.9994592505677028,kNN,classical_tree,0.01696014404296875,2.7238047218166218e-05,99.956543,2,test,CICIoT2023,100000,True
0.9887303080649359,0.9892130009629309,0.9023151169782214,0.9897197598878794,0.9887056071890196,0.9897203947368421,0.9997406800406614,0.010279605263157895,0.011294392810980488,0.9912788049129717,0.9995789835665783,DecisionTree,classical_tree,0.3736915588378906,9.999530153182714e-08,24.906661,2,test,CICIoT2023,100000,True
0.9945353003583082,0.9885795759932468,0.9473191947319399,0.9947649166876044,0.9948400730391251,0.9823190789473685,0.9995568015501639,0.01768092105263158,0.005159926960874828,0.9990454757706957,0.9999763497072511,RandomForest,classical_tree,3.5891053676605225,4.427700320291808e-06,286.076475,2,test,CICIoT2023,100000,True
0.989200712612847,0.9922605524542183,0.906101372921563,0.9901352077566736,0.989044131224226,0.9954769736842105,0.9998859217008037,0.004523026315789474,0.010955868775773989,0.9987937634775218,0.999970106263129,ExtraTrees,classical_tree,3.5143721103668213,3.993665112299312e-06,249.085242,2,test,CICIoT2023,100000,True
0.9960466000760654,0.9663008383329068,0.9590310892144898,0.9960773907948962,0.9975687819289715,0.9350328947368421,0.9983778733714568,0.0649671052631579,0.0024312180710284975,0.9995257791013239,0.9999882083287063,GradientBoosting,classical_tree,54.70938968658447,4.792207712970312e-06,28.972386,2,test,CICIoT2023,100000,True
0.9953359889504975,0.9579181504088744,0.9515811301356214,0.9953682361616685,0.9972507745019593,0.9185855263157895,0.9979673962140188,0.08141447368421052,0.002749225498040664,0.9992643020162157,0.9999817162425194,HistGradientBoosting,classical_tree,4.2812066078186035,8.65068528636776e-07,86.707167,2,test,CICIoT2023,100000,True
0.9958864623576276,0.9680229384790606,0.957655414288847,0.9959319673602268,0.9973123243265424,0.938733552631579,0.9984697388285799,0.06126644736842105,0.002687675673457664,0.9994199671410322,0.9999855867079479,XGBoost,classical_tree,1.5106651782989502,2.0185186866906711e-07,1.613016,2,test,CICIoT2023,100000,True
0.9952258942690714,0.9819172841220889,0.9527766084387087,0.9953697385063328,0.9959069366652306,0.9679276315789473,0.9991972087565999,0.032072368421052634,0.004093063334769496,0.9980935245535208,0.9997936207730967,LightGBM,classical_tree,1.281585931777954,3.0639533974437745e-07,4.905771,2,test,CICIoT2023,100000,True
0.9954761094541306,0.9652066248532792,0.9535676141959759,0.9955326220370201,0.9970250918118216,0.9333881578947368,0.9983359697598455,0.06661184210526316,0.00297490818817833,0.9993244894097858,0.9999832247521794,CatBoost,classical_tree,16.371950149536133,2.5954871619890956e-07,3.199832,2,test,CICIoT2023,100000,True
0.8024,0.7685108855764423,0.7771400644118347,0.7982483670221431,0.8889698231009365,0.6480519480519481,0.8182950191570881,0.35194805194805195,0.11103017689906347,0.8676725311257792,0.913390169469756,LogisticRegression,classical_tree,1.7991337776184082,2.2670427958170572e-07,3.437097,3,test,UNSW-NB15,100000,True
0.8935333333333333,0.8710415866280293,0.8809597018402049,0.8918439531019489,0.9509885535900104,0.7910946196660482,0.8903068679980516,0.20890538033395176,0.04901144640998959,0.9621764395853886,0.9741218282044504,LinearSVM,classical_tree,45.150306224823,9.681224822998047e-07,27.795608,3,test,UNSW-NB15,100000,True
0.7092,0.7403792431739511,0.706410977355927,0.7144613710344415,0.6295525494276795,0.8512059369202226,0.8829538820782253,0.14879406307977736,0.3704474505723205,0.8449553553329383,0.8907893235809498,GaussianNB,classical_tree,0.050913333892822266,1.3521671295166016e-06,30.280521,3,test,UNSW-NB15,100000,True
0.9224666666666667,0.914845292955892,0.9156401600634754,0.9223914743042693,0.9419354838709677,0.8877551020408163,0.9373511442476959,0.11224489795918367,0.05806451612903226,0.9814677332478732,0.9877868225095551,kNN,classical_tree,0.014048576354980469,2.6738039652506512e-05,6.51108,3,test,UNSW-NB15,100000,True
0.9329333333333333,0.9393486994646502,0.9287808168803491,0.9336189227421916,0.9165452653485953,0.9621521335807051,0.9773635153129161,0.03784786641929499,0.08345473465140478,0.9810938956984743,0.9850932424170143,DecisionTree,classical_tree,0.6007187366485596,2.013365427652995e-07,16.316474,3,test,UNSW-NB15,100000,True
0.9424666666666667,0.9442225457016598,0.9383160551814993,0.9428176178819379,0.9379812695109261,0.9504638218923933,0.971231548324534,0.04953617810760668,0.06201873048907388,0.9905776295950223,0.9948329907750735,RandomForest,classical_tree,3.4296038150787354,1.3067499796549479e-05,218.011619,3,test,UNSW-NB15,100000,True
0.924,0.9217448969938935,0.9181504490476973,0.9243063355860308,0.9297606659729448,0.9137291280148423,0.950531914893617,0.0862708719851577,0.07023933402705515,0.983483384461532,0.9906430390268877,ExtraTrees,classical_tree,2.2741222381591797,1.2799231211344401e-05,177.575554,3,test,UNSW-NB15,100000,True
0.9358,0.9288765567716065,0.9300838003613658,0.9357080396887233,0.9534859521331945,0.9042671614100185,0.9466887075111066,0.09573283858998145,0.04651404786680541,0.9882455852457339,0.9935290314008127,GradientBoosting,classical_tree,40.36958956718445,1.8354256947835286e-06,19.17132,3,test,UNSW-NB15,100000,True
0.9452,0.9414675112311504,0.9406053388256841,0.9452528628323028,0.9547346514047866,0.928200371057514,0.959527295544865,0.07179962894248608,0.04526534859521332,0.9910783448749853,0.9951595313105079,HistGradientBoosting,classical_tree,3.5073909759521484,3.186146418253581e-06,63.573121,3,test,UNSW-NB15,100000,True
0.9445333333333333,0.9403361912355521,0.939834294390489,0.9445647200438296,0.9552549427679501,0.925417439703154,0.9580463368816531,0.07458256029684601,0.044745057232049947,0.9910073767469337,0.9951099698904154,XGBoost,classical_tree,0.7554996013641357,2.978006998697917e-07,0.564046,3,test,UNSW-NB15,100000,True
0.9470666666666666,0.9507047583010122,0.9433996900603145,0.9474527653035848,0.9377731529656608,0.9636363636363636,0.9787141615986099,0.03636363636363636,0.06222684703433923,0.991491006392151,0.9953863260453497,LightGBM,classical_tree,0.908862829208374,7.146040598551432e-07,4.145287,3,test,UNSW-NB15,100000,True
0.9432666666666667,0.9386144032866197,0.9384179176621652,0.9432793386170228,0.9551508844953174,0.922077922077922,0.956245442233566,0.07792207792207792,0.044849115504682624,0.9903434019525886,0.9943818787006775,CatBoost,classical_tree,23.991554975509644,9.120464324951172e-07,0.843036,3,test,UNSW-NB15,100000,True
0.8630648330058939,0.8250369841670709,0.8204831647401294,0.86399811415788,0.9014429383471797,0.7486310299869622,0.9144783534421576,0.2513689700130378,0.09855706165282029,0.9251577962624186,0.9618239231178902,LogisticRegression,classical_tree,3.5406010150909424,1.99353530973723e-07,3.455901,3,test,ToN-IoT-Network,100000,True
0.7933202357563851,0.590866350194313,0.5937956759576459,0.7354875704138614,0.9976388281591605,0.18409387222946544,0.7847561395060879,0.8159061277705345,0.002361171840839528,0.8817663467168035,0.93983654450981,LinearSVM,classical_tree,73.55917978286743,1.1062653297369356e-06,26.82085,3,test,ToN-IoT-Network,100000,True
0.25199738048461034,0.49944194526172253,0.20272754727891176,0.10408404560259214,0.0022737210319195454,0.9966101694915255,0.6666666666666666,0.003389830508474576,0.9977262789680804,0.7618271974296076,0.8653624371152624,GaussianNB,classical_tree,0.040413856506347656,9.951438479120621e-07,34.325871,3,test,ToN-IoT-Network,100000,True
0.9880812049770792,0.981037084501767,0.9840566397119082,0.9880434353343404,0.995190205509401,0.966883963494133,0.9889632397670983,0.033116036505867016,0.004809794490599038,0.9953542869424084,0.9971976492484017,kNN,classical_tree,0.0073201656341552734,4.482239621405361e-05,6.620052,3,test,ToN-IoT-Network,100000,True
0.9962671905697446,0.9948214184931667,0.9950358987520451,0.9962663810419223,0.9977262789680804,0.991916558018253,0.9972902097902098,0.008083441981747066,0.0022737210319195454,0.9928334461148525,0.9950767881014477,DecisionTree,classical_tree,0.3038811683654785,1.6840751762864787e-07,15.841936,3,test,ToN-IoT-Network,100000,True
0.9982973149967256,0.9968701275675849,0.9977327199993147,0.998295833120092,0.99973764757324,0.9940026075619296,0.9979921431689218,0.005997392438070404,0.0002623524267599475,0.999982965905016,0.9999942275538038,RandomForest,classical_tree,2.8438093662261963,1.4530901980696743e-05,198.078432,3,test,ToN-IoT-Network,100000,True
0.9960052390307793,0.9930867684189704,0.9946727215933375,0.9959987832045145,0.9989505902929602,0.9872229465449804,0.995728730822873,0.012777053455019557,0.00104940970703979,0.9995972474088279,0.9998483099578679,ExtraTrees,classical_tree,2.2233543395996094,1.177765921821919e-05,172.99565,3,test,ToN-IoT-Network,100000,True
0.9971840209561231,0.995693532231666,0.9962525496727791,0.9971824303707187,0.9986882378662003,0.9926988265971317,0.9975541579315165,0.007301173402868318,0.0013117621337997377,0.9998220883412793,0.9999386927728243,GradientBoosting,classical_tree,14.54177713394165,1.4399576593085527e-06,18.719439,3,test,ToN-IoT-Network,100000,True
0.9986247544204322,0.9980419342021025,0.998171437796801,0.9986245755502663,0.9992129427197202,0.996870925684485,0.9989508655359328,0.0031290743155149934,0.0007870572802798426,0.9999807311776956,0.9999935063633676,HistGradientBoosting,classical_tree,3.189349412918091,3.164830985378423e-06,61.248137,3,test,ToN-IoT-Network,100000,True
0.9985592665356909,0.9979982087976426,0.99808452948463,0.9985591416377558,0.9991254919108001,0.996870925684485,0.9989507738043193,0.0031290743155149934,0.0008745080891998251,0.9999849725989365,0.999994962013543,XGBoost,classical_tree,0.3734009265899658,2.8874098122627346e-07,0.567086,3,test,ToN-IoT-Network,100000,True
0.9990176817288802,0.9986508973969417,0.9986941105766729,0.9990176391593297,0.9993878443375601,0.9979139504563234,0.9993004547044421,0.0020860495436766623,0.0006121556624398776,0.9999593872514507,0.9999856787332988,LightGBM,classical_tree,0.44002747535705566,7.074177460336342e-07,4.164731,3,test,ToN-IoT-Network,100000,True
0.998166339227243,0.9970426348347242,0.9975600118052605,0.9981653833773922,0.9993003935286401,0.9947848761408083,0.9982528173320521,0.005215123859191656,0.0006996064713598601,0.9999762845263945,0.9999920525551098,CatBoost,classical_tree,23.33145308494568,1.1044229333823852e-06,0.847596,3,test,ToN-IoT-Network,100000,True
0.6876376155971016,0.8226794537929637,0.4693429840611199,0.7933717358592086,0.6808347005742412,0.9645242070116862,0.9987214199759326,0.03547579298831385,0.31916529942575883,0.9669816927241328,0.9981622129013317,LogisticRegression,classical_tree,2.581634283065796,1.211325588445466e-07,41.707564,3,test,CICIoT2023,100000,True
0.9863785579887105,0.7943532579593279,0.8345362708300944,0.9854409955198107,0.996052091878589,0.5926544240400667,0.9900520838641946,0.4073455759599332,0.003947908121410992,0.9901782272135264,0.9995676276631007,LinearSVM,classical_tree,17.371674299240112,7.540241693342232e-07,42.896245,3,test,CICIoT2023,100000,True
0.9525501421193803,0.972231748018642,0.7379929278563236,0.9637197319922604,0.9515586546349467,0.9929048414023373,0.9998168360035771,0.0070951585976627716,0.048441345365053325,0.983725873704602,0.9992058189116055,GaussianNB,classical_tree,0.06883096694946289,7.593048082264102e-07,74.34238,3,test,CICIoT2023,100000,True
0.9862084150686576,0.8714130554615911,0.8579994252825766,0.9864568925715083,0.9919913863822806,0.7508347245409015,0.9938666063943453,0.2491652754590985,0.008008613617719443,0.9848924722945407,0.9993698166503402,kNN,classical_tree,0.024566173553466797,3.124763540005807e-05,99.957843,3,test,CICIoT2023,100000,True
0.9893410464790424,0.9853796524423396,0.9049203708572793,0.9902153006796309,0.989540607054963,0.9812186978297162,0.999533896110622,0.018781302170283808,0.010459392945036915,0.9866650336526149,0.9993648548593763,DecisionTree,classical_tree,0.5204801559448242,1.3775714590368214e-07,24.906661,3,test,CICIoT2023,100000,True
0.9936046278874254,0.9873602658108058,0.9385146001905298,0.9939232491711434,0.9939191960623461,0.9808013355592654,0.999525641157848,0.019198664440734557,0.006080803937653815,0.9989940208318211,0.9999754536857492,RandomForest,classical_tree,3.5296926498413086,2.9948094746449812e-06,293.889253,3,test,CICIoT2023,100000,True
0.9892109371872373,0.9924373888118152,0.9050846395387642,0.9901571411601082,0.9890484003281378,0.9958263772954925,0.9998963322344551,0.004173622704507512,0.010951599671862182,0.9987347529242749,0.9999691287691276,ExtraTrees,classical_tree,2.799881935119629,2.695166027628491e-06,256.808738,3,test,CICIoT2023,100000,True
0.9962668641658994,0.9734575399798132,0.961159738782227,0.9963152786114401,0.9974159146841673,0.9494991652754591,0.9987575598886937,0.0505008347245409,0.00258408531583265,0.9995292434341622,0.9999884690238015,GradientBoosting,classical_tree,39.495816469192505,3.316873564694001e-06,28.96733,3,test,CICIoT2023,100000,True
0.9947155610712999,0.9557678507109881,0.9448996698553687,0.9947784837581963,0.9966776045939294,0.9148580968280468,0.9979055441478439,0.08514190317195326,0.0033223954060705497,0.999088256884252,0.9999777041189207,HistGradientBoosting,classical_tree,2.863158702850342,1.326960365090465e-06,90.87677,3,test,CICIoT2023,100000,True
0.9954061411585732,0.9605998118959546,0.9518614189099093,0.995449672592279,0.9971595570139459,0.9240400667779632,0.9981318963305107,0.07595993322203673,0.0028404429860541427,0.999204323996379,0.9999805579655457,XGBoost,classical_tree,0.6469845771789551,1.7069611529715234e-07,1.613016,3,test,CICIoT2023,100000,True
0.9945654349653709,0.9833742849375703,0.9463834858989156,0.9947724733351467,0.9951292042657917,0.9716193656093489,0.9992997847867948,0.028380634390651086,0.0048707957342083675,0.9984637156746068,0.9998835330923532,LightGBM,classical_tree,0.7576265335083008,3.0317500849883823e-07,4.905817,3,test,CICIoT2023,100000,True
0.9953560991232635,0.9628132699289628,0.9515977086853045,0.9954122929258513,0.996995488105004,0.9286310517529215,0.9982443171317686,0.07136894824707847,0.003004511894995898,0.9991797282112244,0.9999799406012573,CatBoost,classical_tree,12.345436811447144,2.548785190375345e-07,3.199896,3,test,CICIoT2023,100000,True
0.7881333333333334,0.7723628561964117,0.7713314206208421,0.7885217690920578,0.8292275574112735,0.7154981549815498,0.8374446552814674,0.28450184501845016,0.1707724425887265,0.8720951937076782,0.9146647200969511,LogisticRegression,classical_tree,2.0343573093414307,2.2829373677571615e-07,3.437419,4,test,UNSW-NB15,100000,True
0.8875333333333333,0.8647626512799574,0.8745294289575736,0.8857317984343102,0.9468684759916492,0.7826568265682656,0.8850619572641233,0.21734317343173432,0.05313152400835073,0.9565373741420087,0.9702570518973562,LinearSVM,classical_tree,23.207286834716797,9.374141693115234e-07,27.796342,4,test,UNSW-NB15,100000,True
0.6814666666666667,0.7227052823764146,0.6806118761650737,0.6851942582354691,0.5740083507306889,0.8714022140221402,0.8875080697224016,0.12859778597785979,0.42599164926931105,0.8470012287283625,0.8898181368803383,GaussianNB,classical_tree,0.05349540710449219,1.6386508941650391e-06,30.184563,4,test,UNSW-NB15,100000,True
0.921,0.9154790885069601,0.9145976930826164,0.9210826204691067,0.9353862212943632,0.8955719557195572,0.9405899023827018,0.1044280442804428,0.06461377870563674,0.9805169614587587,0.9867352653110769,kNN,classical_tree,0.010040521621704102,2.6648839314778644e-05,6.511218,4,test,UNSW-NB15,100000,True
0.9317333333333333,0.9386236701615451,0.9277261417029874,0.9324458238044141,0.9137787056367432,0.9634686346863469,0.9778820375335121,0.036531365313653134,0.08622129436325679,0.9773325424277207,0.9817254190053057,DecisionTree,classical_tree,0.5352792739868164,1.662572224934896e-07,16.316474,4,test,UNSW-NB15,100000,True
0.9406666666666667,0.9426530517914782,0.9365655306768048,0.9410387151859356,0.9354906054279749,0.9498154981549816,0.9705436430582629,0.05018450184501845,0.06450939457202505,0.9896200571609057,0.9943210180366926,RandomForest,classical_tree,3.290940761566162,1.450328826904297e-05,206.684597,4,test,UNSW-NB15,100000,True
0.9196,0.9165061744563165,0.913511022205053,0.919875380905299,0.9276617954070981,0.9053505535055351,0.9454255319148936,0.09464944649446494,0.07233820459290188,0.9817922293523561,0.9896860710047635,ExtraTrees,classical_tree,2.510556221008301,1.4551925659179688e-05,171.557635,4,test,UNSW-NB15,100000,True
0.9332,0.9278343566316665,0.9276630048970653,0.9332133421568746,0.9471816283924843,0.9084870848708487,0.948171368861024,0.09151291512915129,0.05281837160751566,0.9870169441255999,0.9928074720665732,GradientBoosting,classical_tree,34.361244678497314,1.02845827738444e-06,19.164255,4,test,UNSW-NB15,100000,True
0.9412,0.9385439376314431,0.9365813450714184,0.9413277888715418,0.9481210855949895,0.9289667896678967,0.9593367131389945,0.07103321033210332,0.05187891440501044,0.9902285569567594,0.9946772262254308,HistGradientBoosting,classical_tree,3.927431106567383,3.832753499348958e-06,62.640841,4,test,UNSW-NB15,100000,True
0.9422666666666667,0.9401000701029975,0.9377799709712671,0.9424136984024644,0.9479123173277662,0.9322878228782288,0.961155800169348,0.06771217712177122,0.05208768267223382,0.9903472602053787,0.9947214192082006,XGBoost,classical_tree,0.4593381881713867,2.751350402832031e-07,0.564046,4,test,UNSW-NB15,100000,True
0.9424,0.9470945774175905,0.9386983050516513,0.942876018286901,0.9301670146137787,0.9640221402214022,0.978585547990336,0.035977859778597784,0.06983298538622129,0.990301057707863,0.9946888783489944,LightGBM,classical_tree,0.5398783683776855,5.77386220296224e-07,4.141757,4,test,UNSW-NB15,100000,True
0.9398666666666666,0.9368190957483687,0.9351079622213807,0.939981475390359,0.9478079331941545,0.925830258302583,0.9576038810377557,0.07416974169741697,0.05219206680584551,0.9894778482231585,0.9942138671853302,CatBoost,classical_tree,26.637322425842285,1.0711828867594402e-06,0.843036,4,test,UNSW-NB15,100000,True
0.7700922685332485,0.6420755265289481,0.6574360176637761,0.7438283112455475,0.9331742243436754,0.3509768287142208,0.7870135679141196,0.6490231712857792,0.06682577565632458,0.8966353014968365,0.9502501234524958,LogisticRegression,classical_tree,4.166433572769165,2.2104732405407354e-07,3.429995,4,test,ToN-IoT-Network,100000,True
0.72663060769965,0.5219624361739738,0.4712971857561101,0.6328766454257195,0.98735967471051,0.05656519763743753,0.7289695229393722,0.9434348023625625,0.012640325289489968,0.8805278556595759,0.939550832232763,LinearSVM,classical_tree,68.18795442581177,8.228968329919663e-07,26.623191,4,test,ToN-IoT-Network,100000,True
0.7200763601654471,0.5008264687511157,0.42083316755557476,0.6039129926376239,0.999381242817997,0.002271694684234439,0.7202191361956937,0.9977283053157655,0.0006187571820030054,0.7757581422071637,0.8671912569942193,GaussianNB,classical_tree,0.04011273384094238,1.0895190480177925e-06,34.369963,4,test,ToN-IoT-Network,100000,True
0.8915685650652243,0.8107536560469106,0.8468619158425068,0.8832495795780151,0.9945195792451162,0.6269877328487051,0.8726440704258125,0.3730122671512949,0.005480420754883762,0.8141587382253103,0.8737857600411385,kNN,classical_tree,0.007605075836181641,2.445458531417628e-05,6.790392,4,test,ToN-IoT-Network,100000,True
0.8973592109449571,0.8177592528134536,0.8549696205570996,0.8894510776157724,0.998762485635994,0.6367560199909132,0.8760272910528765,0.36324398000908675,0.0012375143640060108,0.8397556850901446,0.8910590101305398,DecisionTree,classical_tree,0.2722296714782715,1.8201130725303503e-07,15.724128,4,test,ToN-IoT-Network,100000,True
0.9977728285077951,0.9978980047038719,0.9972424511407489,0.9977742906624635,0.9976133651551312,0.9981826442526125,0.9992916592881176,0.001817355747387551,0.002386634844868735,0.9992218245903106,0.9997359133363397,RandomForest,classical_tree,3.137911319732666,1.4509276299957556e-05,192.069898,4,test,ToN-IoT-Network,100000,True
0.8934775692014,0.8144387492438226,0.8501099231843632,0.8855664240271103,0.994166003712543,0.6347114947751022,0.8749124854142357,0.36528850522489775,0.005833996287456908,0.9632065381111974,0.9868833862310049,ExtraTrees,classical_tree,2.599731922149658,1.4905447114852822e-05,174.185411,4,test,ToN-IoT-Network,100000,True
0.8957047406936048,0.8166101323325909,0.8530028693874412,0.8878449747707822,0.9964642446742685,0.6367560199909132,0.8757768800497203,0.36324398000908675,0.0035357553257314594,0.9976020197339647,0.9991581612485496,GradientBoosting,classical_tree,16.335387706756592,1.2862617864071697e-06,18.580998,4,test,ToN-IoT-Network,100000,True
0.9976455615653834,0.9979483864060088,0.9970860846093423,0.9976475927771029,0.9972597896225581,0.9986369831894594,0.9994684620836286,0.0013630168105406633,0.002740210377441881,0.9990612617803123,0.9996797236526549,HistGradientBoosting,classical_tree,4.184313535690308,3.2620030984808753e-06,60.918976,4,test,ToN-IoT-Network,100000,True
0.8972319440025454,0.8186422880272715,0.8552113378577979,0.8895137721911724,0.9973481835057014,0.6399363925488414,0.8768262356232515,0.36006360745115856,0.0026518164942985947,0.998618127701892,0.9995290946297817,XGBoost,classical_tree,0.5763778686523438,3.81393869553559e-07,0.562894,4,test,ToN-IoT-Network,100000,True
0.9977728285077951,0.9981061680817921,0.997243593549378,0.9977747499242866,0.9973481835057014,0.9988641526578828,0.9995570517363572,0.0011358473421172195,0.0026518164942985947,0.9990075668135868,0.9996620614184191,LightGBM,classical_tree,0.5271973609924316,6.474850855167982e-07,4.152137,4,test,ToN-IoT-Network,100000,True
0.9973273942093541,0.9974498505275902,0.9966916271053378,0.9973294245296165,0.9971713957394148,0.9977283053157655,0.9991143388539545,0.002271694684234439,0.0028286042605851673,0.9989052973799547,0.9996140102891438,CatBoost,classical_tree,26.153652906417847,1.0322014920619731e-06,0.841308,4,test,ToN-IoT-Network,100000,True
0.7717571923361829,0.870079438805401,0.5176307471652213,0.8512275635211607,0.766887770270963,0.9732711073398388,0.9991584965137713,0.02672889266016122,0.23311222972903703,0.9745642028181511,0.998542992684302,LogisticRegression,classical_tree,4.367016792297363,2.231084108806119e-07,41.707566,4,test,CICIoT2023,100000,True
0.9867564916214538,0.8050479470058427,0.839826991746605,0.985996344646276,0.9957556309654402,0.6143402630462452,0.9907278958749847,0.3856597369537548,0.004244369034559826,0.9913563756358155,0.9996324167895383,LinearSVM,classical_tree,17.546916723251343,6.894563735527817e-07,42.899396,4,test,CICIoT2023,100000,True
0.9521011431660293,0.9705036604017265,0.7342829028609316,0.9635089842699381,0.951189756102562,0.989817564700891,0.9997413904573079,0.010182435299109036,0.048810243897438,0.9826128204904813,0.999130556782525,GaussianNB,classical_tree,0.05594277381896973,9.954306224380117e-07,74.329132,4,test,CICIoT2023,100000,True
0.9872870327734289,0.8877088192632219,0.8687682235612207,0.9875966378198247,0.9922186567699737,0.7831989817564701,0.9947478235844305,0.2168010182435299,0.007781343230026348,0.9874210223541997,0.9994948902830499,kNN,classical_tree,0.018549203872680664,2.5953517933598665e-05,99.946817,4,test,CICIoT2023,100000,True
0.9885983703377444,0.9887792210542083,0.8988916284889419,0.989634654474217,0.9885894136824515,0.9889690284259652,0.9997304414539573,0.01103097157403479,0.011410586317548517,0.9905745149770837,0.9995604611672224,DecisionTree,classical_tree,0.33283019065856934,1.1250288694737187e-07,24.906709,4,test,CICIoT2023,100000,True
0.9926024545035936,0.9864824724750385,0.9291502106651657,0.993035362586774,0.9929055474108324,0.9800593975392448,0.9995149438573315,0.019940602460755196,0.0070944525891676324,0.9989755143031638,0.9999753856174216,RandomForest,classical_tree,3.5433013439178467,2.6957208648353547e-06,280.694774,4,test,CICIoT2023,100000,True
0.989329115698012,0.9922585429595814,0.9046862518748857,0.9902677937289377,0.9891840354312545,0.9953330504879083,0.9998860068188649,0.004666949512091642,0.010815964568745451,0.9987303708240794,0.9999695133900165,ExtraTrees,classical_tree,2.564523220062256,2.716451047402335e-06,251.638856,4,test,CICIoT2023,100000,True
0.9962161404632726,0.9672181584100854,0.9596064988210576,0.9962469359222582,0.9976522693021396,0.9367840475180313,0.998471183345133,0.06321595248196861,0.002347730697860387,0.9995005766251175,0.9999879635266733,GradientBoosting,classical_tree,38.61257314682007,1.6921661874286577e-06,28.965659,4,test,CICIoT2023,100000,True
0.9952151194218103,0.9588392487256547,0.9491685751852512,0.9952654858563981,0.9970166391568673,0.9206618582944421,0.9980808111908207,0.07933814170555792,0.0029833608431326314,0.9992434564150534,0.9999818041467576,HistGradientBoosting,classical_tree,2.269237995147705,9.558294343958865e-07,88.909839,4,test,CICIoT2023,100000,True
0.9959158341508338,0.967064376923326,0.9566651387013806,0.9959612469503315,0.9973447063286208,0.9367840475180313,0.9984707126068705,0.06321595248196861,0.002655293671379215,0.9993447399339316,0.9999842437995133,XGBoost,classical_tree,0.5354626178741455,1.650992216711925e-07,1.612728,4,test,CICIoT2023,100000,True
0.9946845782698353,0.9809244341697079,0.946444565059468,0.9948743613638589,0.995366051198983,0.9664828171404327,0.9991869751358472,0.03351718285956724,0.0046339488010170085,0.9986575491679821,0.999954083908781,LightGBM,classical_tree,0.5881268978118896,3.105517863205822e-07,4.906149,4,test,CICIoT2023,100000,True
0.9957056197321268,0.9663357058250761,0.9545724170228187,0.9957597087751282,0.9971601685445095,0.9355112431056428,0.9984396813665106,0.06448875689435724,0.0028398314554905118,0.9992728882473306,0.999982515110721,CatBoost,classical_tree,12.290807723999023,2.666427489193274e-07,3.19932,4,test,CICIoT2023,100000,True
0.7858,0.7809814235643779,0.7733094078138543,0.7881235836074766,0.7982895285773884,0.7636733185513673,0.8568230157841711,0.23632668144863267,0.2017104714226116,0.880560485190129,0.9219068607780535,LogisticRegression,classical_tree,2.15024733543396,3.395875295003255e-07,3.437327,5,test,UNSW-NB15,100000,True
0.8874666666666666,0.8650146570870647,0.8744970936956916,0.885729141959232,0.9456612432206926,0.7843680709534369,0.885968340824702,0.2156319290465632,0.05433875677930747,0.9569615150867632,0.9699155628592692,LinearSVM,classical_tree,19.9842267036438,1.0657310485839843e-06,27.795374,5,test,UNSW-NB15,100000,True
0.7441333333333333,0.7693932363717766,0.7401725185875263,0.7491035997854151,0.6786608260325406,0.8601256467110125,0.8957874449339207,0.13987435328898742,0.3213391739674593,0.8617001137940041,0.9047848259345666,GaussianNB,classical_tree,0.03732752799987793,1.1016686757405598e-06,30.210679,5,test,UNSW-NB15,100000,True
0.9191333333333334,0.9146930013218667,0.9127440739954422,0.9193175026712326,0.930642469753859,0.8987435328898744,0.9421391616513568,0.10125646711012565,0.06935753024614101,0.9802307970883781,0.9864572322977462,kNN,classical_tree,0.010177135467529297,2.6716248194376628e-05,6.511172,5,test,UNSW-NB15,100000,True
0.9281333333333334,0.9365811569709734,0.9241044835973314,0.9289726770283337,0.9062369628702545,0.9669253510716925,0.9798150654036987,0.033074648928307464,0.09376303712974551,0.9804761803449186,0.9849276071950769,DecisionTree,classical_tree,0.5316774845123291,1.8475850423177084e-07,16.31652,5,test,UNSW-NB15,100000,True
0.9397333333333333,0.9430797180881128,0.9356972454843391,0.9401822648716196,0.9310596579057154,0.95509977827051,0.9735005452562705,0.04490022172949002,0.06894034209428453,0.9903652142321285,0.9946828025454898,RandomForest,classical_tree,4.136129140853882,1.698152224222819e-05,201.67616,5,test,UNSW-NB15,100000,True
0.926,0.9253758162226065,0.9206408202763094,0.9263822093286778,0.9276178556528994,0.9231337767923133,0.9553168635875403,0.07686622320768663,0.07238214434710054,0.9844494311224827,0.9912086187682485,ExtraTrees,classical_tree,3.0754168033599854,1.701375643412272e-05,173.783951,5,test,UNSW-NB15,100000,True
0.9378,0.9325539268875451,0.9325713327004113,0.937798748224252,0.9513975803087192,0.913710273466371,0.9512983627072688,0.08628972653362897,0.04860241969128077,0.9884975996264115,0.9936096026902062,GradientBoosting,classical_tree,34.89903450012207,1.2842496236165365e-06,19.179611,5,test,UNSW-NB15,100000,True
0.9442,0.9432740898406822,0.9399534776475493,0.9443990723689919,0.9465999165623696,0.9399482631189948,0.965429209658547,0.06005173688100517,0.05340008343763037,0.9907586792402798,0.9949120932386333,HistGradientBoosting,classical_tree,3.0642106533050537,2.826658884684245e-06,60.866618,5,test,UNSW-NB15,100000,True
0.946,0.9445613835476163,0.9418168976716205,0.946160168512822,0.9497288277012933,0.9393939393939394,0.9652321390714437,0.06060606060606061,0.050271172298706715,0.9909984641432488,0.9950446642014609,XGBoost,classical_tree,0.49106693267822266,2.7446746826171875e-07,0.564046,5,test,UNSW-NB15,100000,True
0.9428,0.9482147862211356,0.9391621036195967,0.9433038307964134,0.9287651230705048,0.9676644493717664,0.9807268722466961,0.03233555062823355,0.0712348769294952,0.9911307914919518,0.9951111292262627,LightGBM,classical_tree,0.5885183811187744,7.30276107788086e-07,4.142665,5,test,UNSW-NB15,100000,True
0.9434666666666667,0.9408494727796294,0.9389738100732554,0.9435836796393698,0.950250312891114,0.9314486326681448,0.9608732334950433,0.06855136733185514,0.04974968710888611,0.9901822222653902,0.9945684647020875,CatBoost,classical_tree,31.78658890724182,1.2374242146809897e-06,0.843036,5,test,UNSW-NB15,100000,True
0.8408850680008456,0.7384092167678963,0.7485651632966546,0.8372777313360463,0.9144027790148749,0.5624156545209177,0.8878318775404307,0.4375843454790823,0.08559722098512515,0.8877439580479246,0.9606488590963056,LogisticRegression,classical_tree,6.289083003997803,2.7568250753840737e-07,3.463634,5,test,ToN-IoT-Network,100000,True
0.8006482982171799,0.5274911869604879,0.4983728241967533,0.7251068693883641,0.9966153023960096,0.058367071524966264,0.8003576537911302,0.9416329284750338,0.00338469760399038,0.8338948051178435,0.935069416478761,LinearSVM,classical_tree,56.975788593292236,1.0171137184700581e-06,26.880764,5,test,ToN-IoT-Network,100000,True
0.20963991262067508,0.5002415795159323,0.1739685132245993,0.0740184375346114,0.0011579228645230248,0.9993252361673415,0.8666666666666667,0.0006747638326585695,0.998842077135477,0.7437111944684149,0.8752428122486346,GaussianNB,classical_tree,0.03761434555053711,2.0190060126101876e-06,34.3503,5,test,ToN-IoT-Network,100000,True
0.9881615108167148,0.9792334022942331,0.9819858098152556,0.9881273211132527,0.9945666696356996,0.9639001349527665,0.9905082941541737,0.03609986504723347,0.005433330364300348,0.9960961723875845,0.9982418792271642,kNN,classical_tree,0.01045536994934082,2.9294202346377038e-05,6.19837,5,test,ToN-IoT-Network,100000,True
0.9959129025438659,0.9950579874980873,0.993831730814484,0.9959179520931304,0.9965262314064309,0.9935897435897436,0.9983046310341751,0.00641025641025641,0.0034737685935690744,0.9955279241158441,0.9978014648295557,DecisionTree,classical_tree,0.2626173496246338,1.640251277407198e-07,15.876857,5,test,ToN-IoT-Network,100000,True
0.9973927136917765,0.9971106320590413,0.9960636103864393,0.9973954537786296,0.9975950832813753,0.9966261808367072,0.9991079393398751,0.0033738191632928477,0.002404916718624744,0.9998802169485626,0.9999686525791507,RandomForest,classical_tree,4.387788534164429,2.0977760434831124e-05,195.185371,5,test,ToN-IoT-Network,100000,True
0.9948558945810725,0.9921551567354918,0.992216268015851,0.9948555751683711,0.996793444375167,0.9875168690958165,0.9967046669041681,0.012483130904183536,0.003206555624832992,0.998494568051979,0.999522552898362,ExtraTrees,classical_tree,4.067305564880371,1.7931224276505233e-05,173.041173,5,test,ToN-IoT-Network,100000,True
0.9951377633711507,0.9934506978850268,0.9926555321736481,0.995141674765765,0.9963480894272735,0.99055330634278,0.9975031210986267,0.009446693657219974,0.003651910572726463,0.9991520075170628,0.9996432165653414,GradientBoosting,classical_tree,16.145742654800415,1.4084353691242468e-06,18.749104,5,test,ToN-IoT-Network,100000,True
0.996688041716581,0.9956720334041453,0.994996007809408,0.9966902972150031,0.9974169413022179,0.9939271255060729,0.99839514978602,0.006072874493927126,0.0025830586977821325,0.9999349397124029,0.9999826042815911,HistGradientBoosting,classical_tree,4.646015167236328,5.2070039732076e-06,59.879255,5,test,ToN-IoT-Network,100000,True
0.9970403777041787,0.9967637991217192,0.9955333223139367,0.9970440342743359,0.9972387993230605,0.9962887989203779,0.9990184705987329,0.003711201079622132,0.0027612006769395206,0.99994789166804,0.9999862004774936,XGBoost,classical_tree,0.4851963520050049,2.9780901509085314e-07,0.568326,5,test,ToN-IoT-Network,100000,True
0.9971108449016982,0.9965600236897579,0.9956369757388208,0.9971135253136094,0.9975060122917966,0.9956140350877193,0.9988405280057082,0.0043859649122807015,0.002493987708203438,0.9999647802969682,0.9999907000372676,LightGBM,classical_tree,0.46794962882995605,7.516292292189206e-07,4.164527,5,test,ToN-IoT-Network,100000,True
0.9962652385314636,0.9949081985819082,0.9943558023837806,0.9962673205432554,0.9972387993230605,0.9925775978407557,0.9980388661080406,0.007422402159244264,0.0027612006769395206,0.9998154872213181,0.9999471474615038,CatBoost,classical_tree,33.780102252960205,1.4355012792738218e-06,0.849456,5,test,ToN-IoT-Network,100000,True
0.7603138699281382,0.8623043252473279,0.5099416442883554,0.8437666040371529,0.7552861110826407,0.9693225394120153,0.9990239008717108,0.03067746058798466,0.24471388891735935,0.9717480104316809,0.9983939041984607,LogisticRegression,classical_tree,4.8162031173706055,2.562652527719249e-07,41.707564,5,test,CICIoT2023,100000,True
0.986108052925516,0.7862211814555944,0.8269380063366158,0.9851113713563933,0.9959617493619769,0.5764806135492118,0.9898743977100247,0.42351938645078824,0.004038250638023102,0.9923026423335657,0.9997572275633995,LinearSVM,classical_tree,27.649734258651733,6.60073984580108e-07,42.897905,5,test,CICIoT2023,100000,True
0.9530396140680986,0.9693017611893185,0.7360226939116081,0.9641261813862307,0.9522379493066303,0.9863655730720068,0.9996556881395324,0.013634426927993182,0.04776205069336968,0.9787677067587859,0.9987968220535521,GaussianNB,classical_tree,0.057363271713256836,7.833756722248419e-07,74.340754,5,test,CICIoT2023,100000,True
0.9867886382288769,0.8736853063234722,0.8609239701742508,0.98701375125959,0.9923642215093218,0.7550063911376225,0.9940963274022814,0.2449936088623775,0.0076357784906782005,0.9848266810406434,0.9993768238973407,kNN,classical_tree,0.04062485694885254,2.6545988100028476e-05,99.956555,5,test,CICIoT2023,100000,True
0.9916127869968172,0.9873889856964733,0.9209918528991212,0.9921794769678751,0.991821005052938,0.9829569663400085,0.9995868152754392,0.017043033659991477,0.00817899494706202,0.988234204754729,0.9994477878385474,DecisionTree,classical_tree,0.4708731174468994,9.8470495478162e-08,24.906753,5,test,CICIoT2023,100000,True
0.9940348699881898,0.9848867208461808,0.9408734078064372,0.9943042124184964,0.9944858404993492,0.9752876011930124,0.999402597670131,0.024712398806987643,0.005514159500650834,0.9989674865314604,0.999975346041957,RandomForest,classical_tree,4.38879132270813,3.3618417988762327e-06,288.992183,5,test,CICIoT2023,100000,True
0.9897511860199771,0.9924652784348001,0.9074749787993204,0.9906261861222412,0.9896173911260979,0.9953131657435024,0.9998860870915963,0.004686834256497656,0.010382608873902037,0.998658455230675,0.9999679475998846,ExtraTrees,classical_tree,3.4395411014556885,3.1421814363440938e-06,257.172398,5,test,CICIoT2023,100000,True
0.9959965570390535,0.960109917409447,0.9566915760685523,0.9960114227655931,0.9977656379718552,0.9224541968470388,0.9981339266489629,0.07754580315296122,0.002234362028144762,0.9994947743272125,0.999987886390504,GradientBoosting,classical_tree,36.60221982002258,2.3365421639929676e-06,28.971975,5,test,CICIoT2023,100000,True
0.9950557479432312,0.9544303662256951,0.9469951000088064,0.9950961605124424,0.9970584316418462,0.911802300809544,0.9978766399622514,0.0881976991904559,0.002941568358153884,0.9991124122329161,0.9999787201033776,HistGradientBoosting,classical_tree,2.3995912075042725,8.473029870569061e-07,91.191006,5,test,CICIoT2023,100000,True
0.995926496787237,0.9600740446245914,0.9559972179159856,0.9959445364290777,0.9976938924021441,0.9224541968470388,0.9981337927074361,0.07754580315296122,0.0023061075978558325,0.9993585957422051,0.9999846422676368,XGBoost,classical_tree,0.6154274940490723,1.84456193972324e-07,1.612984,5,test,CICIoT2023,100000,True
0.995025722121024,0.9820674527225234,0.9494480099427389,0.9951933879151047,0.995664517716031,0.9684703877290157,0.9992388240860746,0.031529612270984234,0.0043354822839689645,0.9991572592186211,0.9999797747200998,LightGBM,classical_tree,0.6398758888244629,3.1317464177640034e-07,4.905817,5,test,CICIoT2023,100000,True
0.9954661008467282,0.957551263572065,0.9512648214266639,0.9954972242555659,0.9973351645535888,0.9177673625905411,0.9980205128205129,0.08223263740945888,0.002664835446411184,0.9992572549612254,0.9999822252951394,CatBoost,classical_tree,15.548298120498657,4.044697197219003e-07,3.199832,5,test,CICIoT2023,100000,True
0.7915333333333333,0.7794738228637519,0.7768396622447236,0.7924380878274878,0.8237451535156659,0.735202492211838,0.8447238340855362,0.26479750778816197,0.17625484648433407,0.8807580460391551,0.9237539261586546,LogisticRegression,classical_tree,2.806948184967041,3.2666524251302086e-07,3.437419,6,test,UNSW-NB15,100000,True
0.8890666666666667,0.8664053915966254,0.8764815386219662,0.8872214787202632,0.9495965629257047,0.7832142202675463,0.8845290385553929,0.21678577973245372,0.050403437074295294,0.9602455642315042,0.9733577567332278,LinearSVM,classical_tree,37.145631551742554,1.4130433400472004e-06,27.795411,6,test,UNSW-NB15,100000,True
0.7296,0.75782956770365,0.726711935460032,0.7343647446106866,0.6541967934611758,0.8614623419461243,0.8919845692241749,0.13853765805387575,0.3458032065388243,0.8591865401112306,0.9039672574354575,GaussianNB,classical_tree,0.04748845100402832,1.747306187947591e-06,30.071133,6,test,UNSW-NB15,100000,True
0.9165333333333333,0.908470482006245,0.909593168101096,0.9164164393087287,0.9380697893744105,0.8788711746380795,0.9312389472589202,0.12112882536192048,0.061930210625589434,0.9791787991397444,0.9860714118318779,kNN,classical_tree,0.015804767608642578,3.167705535888672e-05,6.511264,6,test,UNSW-NB15,100000,True
0.9270666666666667,0.9328335152880249,0.9228824261427466,0.9277756164062662,0.9116629990569003,0.9540040315191497,0.971958440397721,0.04599596848085028,0.08833700094309965,0.9762338906345057,0.9803484606071707,DecisionTree,classical_tree,0.5959091186523438,2.307573954264323e-07,16.316474,6,test,UNSW-NB15,100000,True
0.9374666666666667,0.9379862578553473,0.933168537491624,0.9377852976938384,0.9360788012155506,0.9398937144951438,0.9645826584602095,0.060106285504856145,0.06392119878444934,0.9892011892353566,0.9940570546603664,RandomForest,classical_tree,5.302220821380615,2.1283642450968424e-05,202.333368,6,test,UNSW-NB15,100000,True
0.9195333333333333,0.9149474871904415,0.9134030046378443,0.9196792569680292,0.9317824583464319,0.8981125160344512,0.941151566469094,0.10188748396554884,0.06821754165356805,0.9820146078000275,0.9897402674133507,ExtraTrees,classical_tree,3.618096113204956,1.943376859029134e-05,174.302089,6,test,UNSW-NB15,100000,True
0.9311333333333334,0.9238287311210847,0.925344251532181,0.9310072125662984,0.9506444514303678,0.8970130108118014,0.9416649366825826,0.10298698918819864,0.04935554856963219,0.9864655895939775,0.9924112421158579,GradientBoosting,classical_tree,37.188183307647705,1.5955289204915365e-06,19.175067,6,test,UNSW-NB15,100000,True
0.939,0.9354251526768943,0.9342822352901964,0.9390786489762519,0.9485486744210416,0.922301630932747,0.955255382017729,0.07769836906725307,0.0514513255789584,0.9893283491708132,0.994107087951756,HistGradientBoosting,classical_tree,5.759336709976196,5.313285191853841e-06,64.058678,6,test,UNSW-NB15,100000,True
0.9408,0.9369967261981401,0.9361746647574266,0.9408549816967915,0.9509588179817667,0.9230346344145135,0.9557661927330173,0.07696536558548653,0.04904118201823326,0.9897818389074109,0.9943479208612606,XGBoost,classical_tree,0.5817689895629883,3.2992362976074217e-07,0.564046,6,test,UNSW-NB15,100000,True
0.9413333333333334,0.9443990013778092,0.9375543738193874,0.9417388802080007,0.9331447134024939,0.9556532893531244,0.9735432382201815,0.04434671064687557,0.06685528659750603,0.9900668926165453,0.9945207531481409,LightGBM,classical_tree,0.6577296257019043,7.063547770182292e-07,4.143245,6,test,UNSW-NB15,100000,True
0.9389333333333333,0.9344312140119573,0.9340904912802679,0.9389571544944405,0.9509588179817667,0.9179036100421477,0.9529560012601072,0.0820963899578523,0.04904118201823326,0.9889895184457853,0.9938519547157519,CatBoost,classical_tree,39.94287395477295,1.5387376149495443e-06,0.843036,6,test,UNSW-NB15,100000,True
0.9193337212685482,0.8695664970038892,0.8750755442527148,0.9187225549477869,0.9543496195801632,0.7847833744276154,0.9445654146252949,0.21521662557238463,0.04565038041983683,0.913619607156466,0.9643472254755086,LogisticRegression,classical_tree,8.386622667312622,3.704089635605378e-07,3.440408,6,test,ToN-IoT-Network,100000,True
0.8837649112598196,0.7314610532403726,0.7788175260678398,0.8682499863106358,0.9909249243743697,0.4719971821063755,0.8782191892111463,0.5280028178936245,0.009075075625630213,0.9074007517633389,0.9599313413396869,LinearSVM,classical_tree,182.64095616340637,2.091243789402038e-06,26.69928,6,test,ToN-IoT-Network,100000,True
0.2069391911550771,0.4996235791104294,0.1720285293419468,0.07223078196966146,0.0010083417361811348,0.9982388164846777,0.6875,0.0017611835153222965,0.9989916582638189,0.8465186928101707,0.9313337967935063,GaussianNB,classical_tree,0.09349203109741211,5.733092787795057e-06,34.74338,6,test,ToN-IoT-Network,100000,True
0.988216467849869,0.9815007440431265,0.9820031155502611,0.9882103144928008,0.992941607846732,0.9700598802395209,0.9922139781991389,0.029940119760479042,0.007058392153267944,0.9945672275342227,0.9975816393950719,kNN,classical_tree,0.02675318717956543,8.97853187880684e-05,6.020688,6,test,ToN-IoT-Network,100000,True
0.996654058772185,0.9937225407370351,0.9948830892933316,0.9966501174454517,0.9987166559721331,0.9887284255019373,0.9970714743296422,0.011271574498062698,0.001283344027866899,0.9905665689752533,0.9951652743487386,DecisionTree,classical_tree,0.7230584621429443,3.0598322735437656e-07,15.770253,6,test,ToN-IoT-Network,100000,True
0.9965085830666278,0.9958457121227449,0.9946855994227399,0.9965126582908691,0.9969749747914566,0.9947164494540331,0.9986227160040401,0.0052835505459668895,0.0030250252085434045,0.9998626118643744,0.99996452417503,RandomForest,classical_tree,18.7268488407135,8.268896701691766e-05,203.028017,6,test,ToN-IoT-Network,100000,True
0.9931626418388129,0.9900893914047851,0.9895791089321762,0.9931661978129203,0.995324961041342,0.9848538217682282,0.9960554077607559,0.01514617823177175,0.004675038958657989,0.9982135021959984,0.9994771237094177,ExtraTrees,classical_tree,14.562578201293945,7.038706778647561e-05,175.120858,6,test,ToN-IoT-Network,100000,True
0.9943991853360489,0.9928228341083305,0.9914781307327467,0.9944068064252113,0.9955082959024658,0.9901373723141952,0.9974283614988979,0.009862627685804861,0.004491704097534146,0.9990910749664255,0.9996023564579923,GradientBoosting,classical_tree,47.05242395401001,5.539884947398599e-06,18.627806,6,test,ToN-IoT-Network,100000,True
0.9964358452138493,0.995799878407464,0.9945755861938808,0.9964402353419549,0.9968833073608947,0.9947164494540331,0.9986225895316805,0.0052835505459668895,0.003116692639105326,0.9999030695221743,0.9999747882736065,HistGradientBoosting,classical_tree,18.161288738250732,2.5608146263479944e-05,55.988161,6,test,ToN-IoT-Network,100000,True
0.9967267966249637,0.9962437825410903,0.9950183954841763,0.9967308283752647,0.9970666422220185,0.995420922860162,0.9988062442607897,0.004579077139837971,0.002933357777981483,0.9999128206894973,0.9999773661656898,XGBoost,classical_tree,4.416398048400879,6.858436111658854e-07,0.564534,6,test,ToN-IoT-Network,100000,True
0.9965813209194064,0.9964126843830309,0.9948010338359801,0.9965868531974781,0.9966999724997708,0.9961253962662909,0.99898934215362,0.0038746037337090526,0.0033000275002291685,0.9998969992590728,0.9999733480787096,LightGBM,classical_tree,3.4392099380493164,1.5096606159404436e-06,4.146439,6,test,ToN-IoT-Network,100000,True
0.9962903695082921,0.9958384956131532,0.9943571073909951,0.9962958951735957,0.9966083050692089,0.9950686861570975,0.998713944515892,0.004931313842902431,0.00339169493079109,0.9998458540635778,0.999959179139283,CatBoost,classical_tree,160.6430492401123,7.067269144066551e-06,0.843768,6,test,ToN-IoT-Network,100000,True
0.7656861469478446,0.8658567068187246,0.5143882928018488,0.8470570871980013,0.7606685122526402,0.971044901384809,0.9990707946725561,0.028955098615190935,0.2393314877473598,0.9728995100510086,0.9984732900064159,LogisticRegression,classical_tree,10.926259756088257,3.2853337118258705e-07,41.707334,6,test,CICIoT2023,100000,True
0.986328105451743,0.8067264625507269,0.8381114677731727,0.9856242388237154,0.995324515533682,0.6181284095677717,0.9907127694317439,0.3818715904322283,0.004675484466318056,0.9942953907378811,0.9998581538650364,LinearSVM,classical_tree,52.43166375160217,1.1550795881259468e-06,42.896116,6,test,CICIoT2023,100000,True
0.9518080730235304,0.9720402007641622,0.7352267526319842,0.963271802555565,0.9507946272941659,0.9932857742341586,0.9998274876815423,0.006714225765841376,0.049205372705834104,0.9845888859788519,0.9992416541407546,GaussianNB,classical_tree,0.08701705932617188,1.078556943478815e-06,74.33978,6,test,CICIoT2023,100000,True
0.987429063285058,0.8822080030552377,0.8694976052382719,0.9876376618695015,0.9926996821490823,0.7717163239613932,0.9944126045068918,0.2282836760386068,0.007300317850917666,0.9858862110667262,0.9994077657699968,kNN,classical_tree,0.02816605567932129,4.96847681830116e-05,99.955915,6,test,CICIoT2023,100000,True
0.9891805871107864,0.9881126346998302,0.9037832183992942,0.9901050720538109,0.9892340818209782,0.9869911875786823,0.999678793090943,0.013008812421317666,0.01076591817902184,0.9915852182564396,0.9996084186003994,DecisionTree,classical_tree,0.6030945777893066,1.4173918070195678e-07,24.906753,6,test,CICIoT2023,100000,True
0.9937345490576802,0.9873748563931113,0.9393343568178014,0.9940415861736801,0.9940531118630165,0.9806966009232061,0.9995257536393254,0.019303399076793955,0.005946888136983492,0.9990142676006725,0.9999760813420627,RandomForest,classical_tree,8.354874610900879,6.848308988597912e-06,306.491262,6,test,CICIoT2023,100000,True
0.9897010399047171,0.9912449203251491,0.9080414145164813,0.9905640202690355,0.9896237055265047,0.9928661351237935,0.9998238980680583,0.007133864876206463,0.010376294473495334,0.9986438337898679,0.9999671077074297,ExtraTrees,classical_tree,6.560167074203491,6.491171496753445e-06,249.955609,6,test,CICIoT2023,100000,True
0.9964168826879385,0.9695076574349074,0.9621290350788991,0.9964450143829547,0.9977647903209269,0.9412505245488879,0.9985633953125641,0.058749475451112046,0.0022352096790731056,0.9995187251851749,0.999988284688873,GradientBoosting,classical_tree,53.58388352394104,3.695193272737125e-06,28.975766,6,test,CICIoT2023,100000,True
0.9958864211864322,0.9665749381093625,0.9567574482666885,0.9959296498869706,0.9973546601045832,0.9357952161141418,0.9984295612009237,0.06420478388585817,0.002645339895416795,0.9992928308661625,0.9999828125973566,HistGradientBoosting,classical_tree,7.724413871765137,4.175874698762582e-06,92.462236,6,test,CICIoT2023,100000,True
0.9964369001030897,0.9723836116750115,0.9625366654627234,0.9964739951485176,0.9976417512560238,0.9471254720939991,0.998706710734301,0.05287452790600084,0.0023582487439762125,0.9994931458299907,0.9999876631966778,XGBoost,classical_tree,1.6853137016296387,2.742101204219546e-07,1.612968,6,test,CICIoT2023,100000,True
0.995746299280374,0.986153686359414,0.9570534254738805,0.9958731865779593,0.9962268020096381,0.9760805707091901,0.9994136948538865,0.023919429290809903,0.00377319799036194,0.9993658686381144,0.9999845830698045,LightGBM,classical_tree,1.2058444023132324,4.815142314072032e-07,4.905955,6,test,CICIoT2023,100000,True
0.9961166214606708,0.971400787878561,0.9593644051838777,0.996166130334511,0.9973546601045832,0.9454469156525388,0.9986653251473275,0.054553084347461187,0.002645339895416795,0.9993841463674369,0.9999850324165582,CatBoost,classical_tree,34.58839297294617,7.763201777599734e-07,3.1998,6,test,CICIoT2023,100000,True
0.7844,0.7768366951837479,0.7709252705627082,0.7863186118330173,0.8041344748381708,0.749538915529325,0.8501103752759381,0.25046108447067505,0.1958655251618292,0.8793702893611705,0.9224178041788149,LogisticRegression,classical_tree,3.4928460121154785,4.0020942687988283e-07,3.437373,7,test,UNSW-NB15,100000,True
0.8898,0.8685327727942871,0.8774544200500405,0.8882311959945967,0.9452912925454166,0.7917742530431575,0.8891289403908474,0.20822574695684248,0.05470870745458342,0.959464407205773,0.9721325509721209,LinearSVM,classical_tree,31.422353982925415,1.6506354014078776e-06,27.795736,7,test,UNSW-NB15,100000,True
0.7448,0.7739979399181035,0.741727712244046,0.7495323747830099,0.6686155773647943,0.8793803024714127,0.9073391895721168,0.12061969752858724,0.3313844226352057,0.8664915810154203,0.9129249055664833,GaussianNB,classical_tree,0.05792570114135742,1.8881956736246746e-06,30.180577,7,test,UNSW-NB15,100000,True
0.9206,0.9156185379333972,0.914273117976433,0.9207257613359286,0.9335978283566506,0.8976392475101439,0.941560492787196,0.10236075248985614,0.06640217164334934,0.9805691648272712,0.9865999592695173,kNN,classical_tree,0.020349502563476562,4.453981717427572e-05,6.511172,7,test,UNSW-NB15,100000,True
0.9284,0.9366914943018856,0.9244154740357442,0.9292237463665942,0.9067655042806432,0.966617484323128,0.9795849311978344,0.033382515676872004,0.09323449571935687,0.9760414000515598,0.9806294042186046,DecisionTree,classical_tree,0.7205414772033691,4.6900113423665366e-07,16.316474,7,test,UNSW-NB15,100000,True
0.9389333333333333,0.9418584902586686,0.9348483120762437,0.9393683728708296,0.9313008978910002,0.9524160826263371,0.9718893005011985,0.047583917373662854,0.0686991021089998,0.9898878466182529,0.994449237351251,RandomForest,classical_tree,7.728230953216553,3.242487907409668e-05,199.099774,7,test,UNSW-NB15,100000,True
0.9237333333333333,0.9209930941119138,0.917969868592701,0.9239942547753137,0.9308832741699729,0.9111029140538547,0.9487124920195786,0.08889708594614533,0.06911672583002715,0.9831903467609399,0.9905309919557265,ExtraTrees,classical_tree,5.701228380203247,3.073600133260091e-05,173.807075,7,test,UNSW-NB15,100000,True
0.9354,0.9316091283826309,0.9302469788195706,0.9354998500547593,0.9452912925454166,0.9179269642198451,0.9531529634698389,0.08207303578015493,0.05470870745458342,0.9875380007161685,0.9931078121628714,GradientBoosting,classical_tree,54.72733521461487,6.108236312866211e-06,19.177937,7,test,UNSW-NB15,100000,True
0.9440666666666667,0.9431571714011091,0.9398557797513207,0.9442650632031167,0.9464397577782419,0.9398745850239764,0.9652859120434458,0.060125414976023604,0.053560242221758196,0.990617349839355,0.9948508910722498,HistGradientBoosting,classical_tree,40.46174192428589,2.9305839538574217e-05,63.48652,7,test,UNSW-NB15,100000,True
0.945,0.9437279571968806,0.9408098416124453,0.9451732338095581,0.9483190645228649,0.9391368498708963,0.9649421013491979,0.06086315012910365,0.0516809354771351,0.9906041017242654,0.9948048686726255,XGBoost,classical_tree,4.35079550743103,7.460435231526693e-07,0.564046,7,test,UNSW-NB15,100000,True
0.9421333333333334,0.9469651379702609,0.9384402181043214,0.942617841101538,0.929525997076634,0.9644042788638879,0.9787818821459983,0.03559572113611213,0.07047400292336604,0.9908734447617916,0.9949845732301852,LightGBM,classical_tree,3.941051483154297,1.6750335693359375e-06,4.143229,7,test,UNSW-NB15,100000,True
0.9427333333333333,0.9405125549382772,0.9382805223689421,0.9428736924776564,0.9485278763833785,0.9324972334931759,0.9612739392656862,0.06750276650682405,0.05147212361662142,0.9900061553669616,0.9945031099458573,CatBoost,classical_tree,210.7847774028778,3.366835912068685e-06,0.843036,7,test,UNSW-NB15,100000,True
0.9155918601318429,0.8839909510680345,0.8752546630301699,0.9165270975646438,0.9383040405870628,0.8296778615490061,0.9542104293348075,0.17032213845099384,0.061695959412937124,0.9415831979773033,0.9720186610002318,LogisticRegression,classical_tree,12.3598153591156,4.245442898576189e-07,3.509694,7,test,ToN-IoT-Network,100000,True
0.7921324161650903,0.5030390062567831,0.44805062467983814,0.7016075850991365,0.999909403877514,0.00616860863605209,0.7919207863959246,0.9938313913639479,9.05961224859576e-05,0.807660085335462,0.9127046606408871,LinearSVM,classical_tree,189.67060685157776,2.598653177232379e-06,27.237367,7,test,ToN-IoT-Network,100000,True
0.2102321582115219,0.4997163515507088,0.1749503515697786,0.07568206677041767,0.0021743069396629824,0.9972583961617546,0.75,0.0027416038382453737,0.997825693060337,0.765285332456722,0.8895284547482949,GaussianNB,classical_tree,0.07766103744506836,2.5009350436367255e-06,34.354988,7,test,ToN-IoT-Network,100000,True
0.9914732014903984,0.98629008692136,0.9870882509422971,0.99146619247071,0.9951984055082442,0.9773817683344757,0.9940276898018279,0.022618231665524333,0.004801594491755753,0.997938193077413,0.9990640215269619,kNN,classical_tree,0.03533577919006348,5.361488194136266e-05,6.113632,7,test,ToN-IoT-Network,100000,True
0.9973488105474348,0.9949205629105311,0.9959833902781899,0.9973459578812707,0.9990940387751405,0.9907470870459218,0.9975576662143826,0.009252912954078136,0.000905961224859576,0.9920276498869071,0.9958626051321664,DecisionTree,classical_tree,0.48151302337646484,5.944064231341191e-07,16.088403,7,test,ToN-IoT-Network,100000,True
0.9987102321582115,0.9975459565752107,0.9980481960871431,0.9987095805479053,0.9995470193875702,0.9955448937628513,0.998823103385841,0.004455106237148732,0.000452980612429788,0.9999602283643233,0.9999893523742004,RandomForest,classical_tree,19.26380157470703,6.636790130431552e-05,205.367708,7,test,ToN-IoT-Network,100000,True
0.9965606190885641,0.9931617624503848,0.9947833164684281,0.9965549463819443,0.9990034426526545,0.9873200822481152,0.9966558206796818,0.012679917751884852,0.0009965573473455335,0.9992890470840281,0.9997520068216917,ExtraTrees,classical_tree,9.8859703540802,4.5502278072918064e-05,176.684291,7,test,ToN-IoT-Network,100000,True
0.9964889653195758,0.9945030383542628,0.9946901082810446,0.9964883009626737,0.9979162891828229,0.9910897875257025,0.9976451408386922,0.008910212474297465,0.0020837108171770247,0.9989895334467347,0.9995402189755681,GradientBoosting,classical_tree,24.555970668792725,2.630394487061177e-06,19.006976,7,test,ToN-IoT-Network,100000,True
0.9980653482373173,0.9965080131307872,0.9970719242808813,0.9980642483707153,0.9991846348976264,0.9938313913639479,0.9983705983524939,0.00616860863605209,0.0008153651023736184,0.9999706292214285,0.9999922239505165,HistGradientBoosting,classical_tree,9.787646293640137,1.0031808512570968e-05,58.508412,7,test,ToN-IoT-Network,100000,True
0.9983519633132703,0.9973194662689959,0.9975076018462046,0.9983516514722753,0.9990940387751405,0.9955448937628513,0.9988225704193461,0.004455106237148732,0.000905961224859576,0.9999649165118544,0.9999906452950931,XGBoost,classical_tree,1.5244472026824951,6.667041751230709e-07,0.575846,7,test,ToN-IoT-Network,100000,True
0.998566924620235,0.9975814126313721,0.9978324238086718,0.9985665629753253,0.9992752310201123,0.995887594242632,0.9989132403550082,0.00411240575736806,0.0007247689798876608,0.9999840106226592,0.9999957622025833,LightGBM,classical_tree,1.2283258438110352,1.3754852318975569e-06,4.183613,7,test,ToN-IoT-Network,100000,True
0.9979220406993408,0.9961653126510065,0.9968542348430542,0.9979205961212546,0.9991846348976264,0.9931459904043866,0.9981898814372341,0.006854009595613434,0.0008153651023736184,0.9998540154325123,0.9999584017911326,CatBoost,classical_tree,92.69637751579285,3.393518442955903e-06,0.860736,7,test,ToN-IoT-Network,100000,True
0.7803657401383286,0.8756899668485394,0.5230275793347581,0.8569142345264943,0.7756662566625666,0.9757136770345122,0.9992473359654567,0.024286322965487855,0.22433374333743336,0.9770121645613559,0.9987420938747242,LogisticRegression,classical_tree,7.815679550170898,3.97532142331333e-07,41.707518,7,test,CICIoT2023,100000,True
0.9861971633619266,0.7927124609976394,0.8302113862049171,0.9853061418487177,0.9957359573595735,0.5896889646357052,0.9901841866533478,0.41031103536429486,0.004264042640426405,0.9925573992638095,0.9997372198543861,LinearSVM,classical_tree,39.5432505607605,1.2108691312107273e-06,42.895556,7,test,CICIoT2023,100000,True
0.9525058304222928,0.9711075486873317,0.7350126936815546,0.9638019595081401,0.9515887658876588,0.9906263314870047,0.9997630816614437,0.009373668512995313,0.04841123411234112,0.9821302040779251,0.9990615451185116,GaussianNB,classical_tree,0.07151079177856445,1.1935151929759032e-06,74.335316,7,test,CICIoT2023,100000,True
0.9879187644509394,0.8902734541299397,0.8738659666416166,0.9881720763847697,0.9927326773267733,0.7878142309331061,0.9948843850476122,0.2121857690668939,0.007267322673226732,0.9842439940164208,0.999332270562754,kNN,classical_tree,0.0673074722290039,4.913356194942938e-05,99.952233,7,test,CICIoT2023,100000,True
0.9914320317895643,0.985633138393591,0.9193233866845558,0.9920122417382141,0.9917179171791718,0.9795483596080102,0.999504132231405,0.020451640391989774,0.008282082820828209,0.9868215737973314,0.9993767301676064,DecisionTree,classical_tree,0.44190001487731934,1.390057134543817e-07,24.906707,7,test,CICIoT2023,100000,True
0.9940144334230835,0.9898661817892145,0.9412276013327429,0.9943099143542737,0.9942189421894219,0.9855134213890072,0.9996495929094095,0.014486578610992756,0.0057810578105781055,0.9991303091556694,0.9999792057381999,RandomForest,classical_tree,7.264573335647583,5.134140671845324e-06,288.724085,7,test,CICIoT2023,100000,True
0.9894802166014394,0.9927423553102169,0.905534113624755,0.9904009675504191,0.9893193931939319,0.9961653174265019,0.9999067618386566,0.0038346825734980826,0.01068060680606806,0.998775018853725,0.9999707076987191,ExtraTrees,classical_tree,5.6161439418792725,4.993746070594921e-06,264.797597,7,test,CICIoT2023,100000,True
0.9967870119210867,0.9715340983831653,0.96543741165383,0.9968077688818522,0.9980319803198032,0.9450362164465275,0.9986768823656113,0.05496378355347252,0.0019680196801968018,0.9995871964471668,0.9999900948764047,GradientBoosting,classical_tree,45.580193281173706,2.9333214795765923e-06,28.97137,7,test,CICIoT2023,100000,True
0.9960062858458366,0.9663523483871397,0.9573190880513389,0.9960449250496727,0.9974682246822468,0.9352364720920324,0.9984404658082389,0.06476352790796762,0.0025317753177531775,0.9994205045373846,0.9999861055542728,HistGradientBoosting,classical_tree,5.6025190353393555,1.9905053065928462e-06,93.598582,7,test,CICIoT2023,100000,True
0.9964466954267469,0.9655382862946653,0.961603311788564,0.996461705920686,0.997970479704797,0.9331060928845335,0.9983900573221629,0.06689390711546656,0.002029520295202952,0.9995511442119108,0.9999892249616029,XGBoost,classical_tree,1.6959421634674072,3.8372201574099655e-07,1.612872,7,test,CICIoT2023,100000,True
0.9954457645610417,0.98311420081606,0.9534139183437114,0.9955852831131551,0.9960537105371053,0.9701746910950149,0.9992801686462028,0.02982530890498509,0.003946289462894629,0.9985756375458941,0.9998964907915241,LightGBM,classical_tree,1.3177921772003174,5.081611121731883e-07,4.905771,7,test,CICIoT2023,100000,True
0.9961664347843494,0.9683055650326422,0.9590472859928761,0.9962042891667118,0.997539975399754,0.9390711546655305,0.9985327765408412,0.06092884533446954,0.0024600246002460025,0.9994265183384685,0.9999862652676981,CatBoost,classical_tree,32.392367362976074,7.619099579442378e-07,3.199608,7,test,CICIoT2023,100000,True
0.7880666666666667,0.7817566674271631,0.775227432859006,0.7900829814877861,0.8045748903279716,0.7589384445263546,0.8548440794584397,0.2410615554736454,0.19542510967202842,0.8839414763738042,0.9253460935635045,LogisticRegression,classical_tree,6.6283159255981445,5.258560180664063e-07,3.437419,8,test,UNSW-NB15,100000,True
0.8896,0.8660459727402456,0.8765917257832376,0.8876714632475354,0.9512220597451431,0.7808698857353483,0.8845182595182595,0.21913011426465168,0.048777940254856905,0.9593140317133938,0.9717955563527289,LinearSVM,classical_tree,25.288661241531372,2.3274739583333332e-06,27.797282,8,test,UNSW-NB15,100000,True
0.7242,0.7597920010200867,0.7223603709233231,0.728609987147775,0.6310841863379988,0.8884998157021747,0.9089814954114638,0.11150018429782528,0.36891581366200127,0.8662168726872779,0.9075584202484069,GaussianNB,classical_tree,0.06458282470703125,2.761665980021159e-06,30.165747,8,test,UNSW-NB15,100000,True
0.9207333333333333,0.914030107958409,0.914145828617311,0.9207222352507792,0.9382703154376436,0.8897899004791744,0.937584803256445,0.11021009952082565,0.061729684562356384,0.980228754911304,0.9861433249702616,kNN,classical_tree,0.03434443473815918,4.2894903818766275e-05,6.511218,8,test,UNSW-NB15,100000,True
0.9294666666666667,0.9353640153471925,0.9252565860863275,0.9301620395265654,0.9140380196365155,0.9566900110578695,0.9738482083240596,0.043309988942130485,0.08596198036348443,0.977123402004646,0.9800869114229208,DecisionTree,classical_tree,0.815605640411377,3.2048225402832033e-07,16.31652,8,test,UNSW-NB15,100000,True
0.9418666666666666,0.9438800994615362,0.937866472617517,0.9422261165785977,0.9365991226237728,0.9511610762992997,0.9712954939341422,0.04883892370070033,0.06340087737622728,0.9900309390888565,0.9945193205069716,RandomForest,classical_tree,17.61940884590149,0.00010303405125935873,192.156185,8,test,UNSW-NB15,100000,True
0.9244666666666667,0.9218254401222257,0.918786372994687,0.9247258381198121,0.9313766450804262,0.9122742351640251,0.94932396465453,0.08772576483597494,0.06862335491957385,0.983661595467082,0.990721520102368,ExtraTrees,classical_tree,11.969868183135986,0.0001164398193359375,173.26668,8,test,UNSW-NB15,100000,True
0.9356,0.9288302397196116,0.9300647323540143,0.9355055594145708,0.9533110507624817,0.9043494286767416,0.9461953141198424,0.09565057132325838,0.046688949237518276,0.9873975533934323,0.9929941185215188,GradientBoosting,classical_tree,50.192172050476074,2.033360799153646e-06,19.179385,8,test,UNSW-NB15,100000,True
0.9424,0.9392674563766239,0.9378320791115191,0.9424921223592857,0.9505953624399415,0.9279395503133063,0.9588074167720185,0.0720604496866937,0.049404637560058494,0.9903591678562417,0.9946975037732925,HistGradientBoosting,classical_tree,14.904113054275513,1.4513587951660157e-05,63.600148,8,test,UNSW-NB15,100000,True
0.9434,0.9406896142034757,0.9389517824015836,0.9435087610625446,0.9504909128890746,0.9308883155178769,0.9604221635883905,0.06911168448212311,0.04950908711092542,0.9902885787476848,0.9946628742906084,XGBoost,classical_tree,1.8450357913970947,6.154696146647135e-07,0.564046,8,test,UNSW-NB15,100000,True
0.9446666666666667,0.9487883813599787,0.9410570128008451,0.945090645407372,0.9338834343012326,0.9636933284187247,0.9784416721383234,0.03630667158127534,0.06611656569876749,0.9905645827396367,0.9948054628574656,LightGBM,classical_tree,1.7338008880615234,1.4254093170166016e-06,4.143095,8,test,UNSW-NB15,100000,True
0.9423333333333334,0.9385365212686312,0.937679576181156,0.9423889649753086,0.9522665552538124,0.92480648728345,0.9571653543307087,0.07519351271654995,0.04773344474618759,0.9896283289973745,0.9942782173896966,CatBoost,classical_tree,127.07277131080627,3.0395825703938802e-06,0.843036,8,test,UNSW-NB15,100000,True
0.8534900710632928,0.7711420812441994,0.7831138989967372,0.8500110577770366,0.9232227488151659,0.6190614136732329,0.89068085460138,0.3809385863267671,0.07677725118483412,0.8246520634061616,0.9075780876743107,LogisticRegression,classical_tree,13.810466289520264,9.980739774144708e-07,3.465156,8,test,ToN-IoT-Network,100000,True
0.8680348010891944,0.7490324749141672,0.7832829863122855,0.8566667528666758,0.9688065489013357,0.5292584009269988,0.8737177494560149,0.47074159907300117,0.03119345109866437,0.8852654712402205,0.9528400762574007,LinearSVM,classical_tree,200.33171486854553,2.4273345343278227e-06,26.891687,8,test,ToN-IoT-Network,100000,True
0.22992628013548516,0.5000238140051313,0.1876736013748091,0.08735732591301765,0.0012063765618267987,0.9988412514484357,0.7777777777777778,0.0011587485515643105,0.9987936234381732,0.8174084121849824,0.9023936071824216,GaussianNB,classical_tree,0.055312156677246094,2.1918928226547714e-06,34.322126,8,test,ToN-IoT-Network,100000,True
0.986252241482367,0.9742912462812459,0.980300986835047,0.9861637924343221,0.9963808703145196,0.9522016222479722,0.985931105047749,0.04779837775202781,0.0036191296854803964,0.9940872246599266,0.996707580054503,kNN,classical_tree,0.020853757858276367,4.8185238810010565e-05,6.538006,8,test,ToN-IoT-Network,100000,True
0.9969449425516371,0.9949653348963042,0.9956714739319267,0.9969427595516768,0.9986212839293408,0.9913093858632677,0.9974180222050091,0.00869061413673233,0.0013787160706591986,0.9945885918434286,0.9970328203309766,DecisionTree,classical_tree,0.45697593688964844,2.787646333986191e-07,15.884103,8,test,ToN-IoT-Network,100000,True
0.9984060569834629,0.9970325478039943,0.9977416385731791,0.9984049180269617,0.999569151227919,0.9944959443800695,0.9983647473965057,0.005504055619930475,0.00043084877208099956,0.9999797555994114,0.999993986863038,RandomForest,classical_tree,11.222116231918335,4.593631047417762e-05,195.968616,8,test,ToN-IoT-Network,100000,True
0.9954838281198114,0.9921858111464521,0.9935921439382777,0.9954773537087267,0.998276604911676,0.9860950173812283,0.9958738072724147,0.013904982618771726,0.0017233950883239983,0.9989909252165352,0.999639632031179,ExtraTrees,classical_tree,9.977530241012573,4.100984823041096e-05,174.319105,8,test,ToN-IoT-Network,100000,True
0.9957494852892342,0.9932739788809215,0.9939777028618111,0.9957464480718982,0.997845756139595,0.988702201622248,0.9966434288665117,0.011297798377752027,0.002154243860404998,0.9993538641343609,0.9997902109702141,GradientBoosting,classical_tree,32.297964096069336,4.196306334918197e-06,18.765028,8,test,ToN-IoT-Network,100000,True
0.9980075712293286,0.997079314615958,0.9971804994199335,0.9980073683913617,0.9987936234381732,0.9953650057937428,0.9986215214956492,0.004634994206257242,0.0012063765618267987,0.9999681231818107,0.9999906884839745,HistGradientBoosting,classical_tree,14.537689208984375,1.402368993329093e-05,58.188375,8,test,ToN-IoT-Network,100000,True
0.99767549976755,0.996049820696018,0.9967068923890268,0.9976739577768666,0.9990521327014218,0.9930475086906141,0.9979342399724566,0.006952491309385863,0.0009478672985781991,0.9999594363120144,0.999988176910232,XGBoost,classical_tree,1.244173526763916,5.869337498543945e-07,0.568582,8,test,ToN-IoT-Network,100000,True
0.9982732283987514,0.9972516541247904,0.9975554371176816,0.998272700546357,0.999138302455838,0.9953650057937428,0.9986219963827405,0.004634994206257242,0.0008616975441619991,0.9999608092368386,0.9999888945810926,LightGBM,classical_tree,1.981269359588623,1.5180757133310088e-06,4.176191,8,test,ToN-IoT-Network,100000,True
0.99721059972106,0.9956464678638238,0.9960502857112021,0.9972094622976952,0.9985351141749246,0.9927578215527231,0.9978472401618875,0.007242178447276941,0.0014648858250753986,0.9998989277706746,0.9999701244498596,CatBoost,classical_tree,112.85034537315369,3.1634125092308733e-06,0.84984,8,test,ToN-IoT-Network,100000,True
0.6731824005124509,0.8168367877425581,0.45970132923595597,0.7836671744834383,0.6662397934616685,0.9674337820234477,0.9988480324394065,0.03256621797655232,0.3337602065383315,0.9696445974620967,0.9983553687533021,LogisticRegression,classical_tree,26.039117097854614,8.563043137873438e-07,41.707242,8,test,CICIoT2023,100000,True
0.986768356153415,0.806892704699633,0.8381083976389682,0.9860913727823521,0.9954614840844594,0.6183239253148067,0.9910347289509919,0.3816760746851932,0.0045385159155405756,0.9904881691722377,0.9995596898960257,LinearSVM,classical_tree,104.41167449951172,5.489845979928646e-06,42.896654,8,test,CICIoT2023,100000,True
0.9524181279525983,0.9741638379115782,0.7331874638866513,0.9638921176139787,0.9513671895009681,0.9969604863221885,0.9999246250094219,0.00303951367781155,0.04863281049903185,0.9870730219024502,0.999641060700552,GaussianNB,classical_tree,0.21754240989685059,3.226945547042335e-06,74.33922,8,test,CICIoT2023,100000,True
0.9873188405797102,0.8981162811685409,0.8693609031683367,0.9877748235059045,0.9916298701963958,0.804602692140686,0.995372369963596,0.19539730785931395,0.008370129803604175,0.9864366913020588,0.9994626285566532,kNN,classical_tree,0.13561034202575684,9.962108855118066e-05,99.955259,8,test,CICIoT2023,100000,True
0.9907818880614941,0.9897705706623838,0.9135209621837626,0.9914928355141637,0.9908307635566392,0.9887103777681285,0.9997312383708911,0.011289622231871473,0.009169236443360755,0.9909621463432976,0.9995864799774992,DecisionTree,classical_tree,1.3667733669281006,3.6755720354346397e-07,24.906753,8,test,CICIoT2023,100000,True
0.9939546801185043,0.9886385829962088,0.9396023783769969,0.9942563187629022,0.9942115993402247,0.9830655666521928,0.9995982818825129,0.01693443334780721,0.005788400659775226,0.9991724517049818,0.9999805920340756,RandomForest,classical_tree,48.561734437942505,3.080663130084626e-05,283.225075,8,test,CICIoT2023,100000,True
0.9892405316678677,0.9919495079589191,0.9022167387770277,0.9902108993547627,0.9891096107940867,0.9947894051237516,0.9998757223637607,0.005210594876248371,0.010890389205913389,0.9987885149379767,0.9999715935805678,ExtraTrees,classical_tree,40.86307501792908,3.14655396733867e-05,249.677065,8,test,CICIoT2023,100000,True
0.9967471374809833,0.9686572047067885,0.9642286824722812,0.9967624987565881,0.9981046829698081,0.939209726443769,0.998565044483621,0.060790273556231005,0.0018953170301918881,0.9995836468191542,0.9999902034010932,GradientBoosting,classical_tree,198.4393711090088,4.175245948001624e-06,28.968057,8,test,CICIoT2023,100000,True
0.9952658339338618,0.9570878101841429,0.9484366808050997,0.9953105900430329,0.9971109221485723,0.9170646982197134,0.9980413872310753,0.08293530178028659,0.002889077851427635,0.999174095435586,0.9999805863680994,HistGradientBoosting,classical_tree,9.937234163284302,4.555059115015599e-06,92.33818,8,test,CICIoT2023,100000,True
0.995756265513652,0.9641223521529603,0.9539219335500202,0.995802845757225,0.9972850864162116,0.930959617889709,0.9983692809452017,0.06904038211029093,0.0027149135837883803,0.999235525140366,0.9999820601117261,XGBoost,classical_tree,2.8155579566955566,3.495264286246213e-07,1.612952,8,test,CICIoT2023,100000,True
0.9946252702378092,0.9817742772459814,0.9448896149168403,0.9948301550424293,0.9952463399891404,0.9683022145028224,0.9992491102470736,0.0316977854971776,0.004753660010859654,0.9985980468200935,0.999880043931112,LightGBM,classical_tree,2.597559928894043,5.273309640901962e-07,4.905863,8,test,CICIoT2023,100000,True
0.9955761069741372,0.9627582336923786,0.9520254002468813,0.9956273463290697,0.9971621469331722,0.9283543204515848,0.9983076402350841,0.07164567954841511,0.002837853066827854,0.9992512506821427,0.9999824142161493,CatBoost,classical_tree,96.40681028366089,2.3935137819046875e-06,3.199768,8,test,CICIoT2023,100000,True
0.8106,0.7805099044543573,0.788149823447498,0.8073770686538391,0.8884370764258158,0.6725827324828989,0.8279246016323358,0.32741726751710115,0.11156292357418413,0.8782258140532355,0.9166964507141298,LogisticRegression,classical_tree,11.344037294387817,6.620248158772787e-07,3.437281,9,test,UNSW-NB15,100000,True
0.8945333333333333,0.8746409224353138,0.8828992522606514,0.8931898036663104,0.9459910332603483,0.8032908116102792,0.8950379796784058,0.19670918838972085,0.054008966739651755,0.960500846230344,0.9715815668882232,LinearSVM,classical_tree,53.38372254371643,5.586067835489909e-06,27.795326,9,test,UNSW-NB15,100000,True
0.6840666666666667,0.7229978731331653,0.6828501630558841,0.6883263935190626,0.5833593994369721,0.8626363468293585,0.8827705900915115,0.13736365317064153,0.4166406005630278,0.8444703399546152,0.8827554031530664,GaussianNB,classical_tree,0.0727837085723877,5.529165267944336e-06,30.219461,9,test,UNSW-NB15,100000,True
0.9178666666666667,0.9123148417531619,0.9111858721867429,0.9179770930217067,0.9322281305390471,0.8924015529672767,0.9388848052084428,0.10759844703272324,0.06777186946095298,0.9809146099889242,0.9872786401100331,kNN,classical_tree,0.04039311408996582,5.5893452962239584e-05,6.511172,9,test,UNSW-NB15,100000,True
0.9314,0.9386977577021072,0.9273708275816809,0.9321401451739284,0.912522156188093,0.9648733592161213,0.9787519570565869,0.03512664078387872,0.087477843811907,0.9772589172627271,0.9805443747554548,DecisionTree,classical_tree,0.9021403789520264,6.956100463867188e-07,16.316428,9,test,UNSW-NB15,100000,True
0.9384666666666667,0.9413217165542687,0.9342870019390817,0.9389075036284181,0.9310812219789386,0.9515622111295988,0.971496953872933,0.048437788870401184,0.06891877802106142,0.9898787762815864,0.994302673673252,RandomForest,classical_tree,29.143686532974243,0.00012151476542154948,192.83746,9,test,UNSW-NB15,100000,True
0.9214666666666667,0.9189993877718486,0.9155319101417848,0.9217741515369196,0.9278490251277239,0.9101497504159733,0.9482152370804475,0.08985024958402663,0.07215097487227609,0.9828956242274259,0.9902785005702497,ExtraTrees,classical_tree,21.591970682144165,0.00010415458679199219,169.006049,9,test,UNSW-NB15,100000,True
0.9347333333333333,0.929776760231112,0.9293093071626135,0.9347685797127819,0.9475549994786779,0.911998520983546,0.9502300292764534,0.08800147901645405,0.052445000521322074,0.9876848382636096,0.9931184943394297,GradientBoosting,classical_tree,127.11464142799377,6.633599599202474e-06,19.142936,9,test,UNSW-NB15,100000,True
0.9421333333333334,0.9401986621655436,0.937616999269956,0.9422967091443476,0.9471379418204566,0.9332593825106305,0.9617787188988883,0.06674061748936957,0.05286205817954332,0.9903857087471406,0.9946747797178419,HistGradientBoosting,classical_tree,68.97736644744873,5.975149472554525e-05,63.878553,9,test,UNSW-NB15,100000,True
0.9434666666666667,0.9417249821643083,0.9390638178886556,0.9436304631241821,0.9479720571368991,0.9354779071917175,0.9630335769515941,0.06452209280828249,0.05202794286310082,0.9905221931596491,0.9947720504337411,XGBoost,classical_tree,5.810979127883911,1.0788599650065104e-06,0.564046,9,test,UNSW-NB15,100000,True
0.9408,0.9458871736438528,0.9370042620873167,0.9413154451266544,0.9276404962986133,0.9641338509890922,0.978660213397866,0.03586614901090775,0.07235950370138672,0.99057902873486,0.9947383706934759,LightGBM,classical_tree,5.127604722976685,2.097781499226888e-06,4.137815,9,test,UNSW-NB15,100000,True
0.9410666666666667,0.9385987267481826,0.9364128308434176,0.9412088735769878,0.9474507350641226,0.9297467184322425,0.959860568289849,0.07025328156775744,0.05254926493587739,0.9898711525847925,0.9943615285464555,CatBoost,classical_tree,296.74592566490173,6.235535939534506e-06,0.843036,9,test,UNSW-NB15,100000,True
0.7676985693142575,0.679374311167001,0.6935390612390718,0.7530377263614473,0.9031659002476123,0.45558272208638956,0.792627085758634,0.5444172779136104,0.09683409975238769,0.7013334711359693,0.8325393881594981,LogisticRegression,classical_tree,134.07445669174194,6.704596268701389e-06,3.385285,9,test,ToN-IoT-Network,100000,True
0.7150962012826838,0.5293398533007335,0.47061303525391096,0.6125996289548316,1.0,0.05867970660146699,0.7099447513812155,0.941320293398533,0.0,0.8735150360549931,0.9302246474363343,LinearSVM,classical_tree,168.38393092155457,3.6115798093911515e-06,25.170246,9,test,ToN-IoT-Network,100000,True
0.3032190429205723,0.5000520003148127,0.2336132836349155,0.14245779776869824,0.0013264945171559957,0.9987775061124694,0.7142857142857143,0.0012224938875305623,0.9986735054828441,0.760896372273533,0.847013546861844,GaussianNB,classical_tree,0.09312939643859863,4.8181695425281044e-06,32.381869,9,test,ToN-IoT-Network,100000,True
0.8923902318697583,0.8242470440902129,0.8569077810999519,0.8850300950227705,0.996904846126636,0.6515892420537898,0.8682893013941307,0.3484107579462103,0.0030951538733639903,0.8321087133068048,0.8729271233615743,kNN,classical_tree,0.035880327224731445,5.679846280422126e-05,6.97938,9,test,ToN-IoT-Network,100000,True
0.8992969906265417,0.8343885108926065,0.8668283638352452,0.8927805570991765,0.9988503714184648,0.6699266503667481,0.8745644599303136,0.33007334963325186,0.0011496285815351963,0.8599002509276453,0.8936222751586402,DecisionTree,classical_tree,0.5093669891357422,5.77050591550205e-07,14.965696,9,test,ToN-IoT-Network,100000,True
0.9987049827331032,0.9982642417438778,0.9984654250649682,0.9987047210031708,0.9993809692253272,0.9971475142624286,0.9987627043747238,0.0028524857375713123,0.000619030774672798,0.9999224229537678,0.999969858197398,RandomForest,classical_tree,27.182013750076294,7.347510433808652e-05,201.02101,9,test,ToN-IoT-Network,100000,True
0.8977553034040454,0.8321299386605295,0.864625919077681,0.8910567417763512,0.9984082065794128,0.6658516707416463,0.8731631863882444,0.3341483292583537,0.0015917934205871948,0.9927848392019094,0.9971788702290971,ExtraTrees,classical_tree,14.019649982452393,7.118826495877733e-05,166.518883,9,test,ToN-IoT-Network,100000,True
0.8984336457819437,0.833308216064155,0.8656650197803657,0.891850461959177,0.9983197736116024,0.6682966585167074,0.8739645428505071,0.33170334148329256,0.0016802263883975946,0.9968638819146723,0.998709414436849,GradientBoosting,classical_tree,27.28109622001648,2.5130547380941397e-06,17.783736,9,test,ToN-IoT-Network,100000,True
0.9985816477553034,0.9980028347559005,0.9983188866504925,0.9985811969095457,0.9994694021931376,0.9965362673186634,0.9984981005389169,0.0034637326813365932,0.0005305978068623983,0.9998965579323147,0.9999600931263537,HistGradientBoosting,classical_tree,17.019150733947754,1.5979455384234225e-05,55.370923,9,test,ToN-IoT-Network,100000,True
0.9986433152442032,0.9981623672532504,0.9983922572226926,0.9986430018134648,0.9993809692253272,0.9969437652811736,0.9986744432661718,0.003056234718826406,0.000619030774672798,0.9998276746324085,0.9999369231490913,XGBoost,classical_tree,1.909233570098877,1.2527120248637414e-06,0.555534,9,test,ToN-IoT-Network,100000,True
0.9983966452886038,0.998043159324352,0.9981005982654148,0.9983965528028109,0.9989388043862752,0.9971475142624286,0.998762157382847,0.0028524857375713123,0.0010611956137247967,0.9999277112740719,0.9999720501939047,LightGBM,classical_tree,1.2913551330566406,1.5339741991491934e-06,4.123415,9,test,ToN-IoT-Network,100000,True
0.9980266403552047,0.9972589383604196,0.9976606539937064,0.9980258415075183,0.9992041032897064,0.9953137734311328,0.9979685567920862,0.004686226568867156,0.0007958967102935974,0.9996859980990156,0.9998826912569755,CatBoost,classical_tree,146.67156720161438,4.486050815140019e-06,0.830268,9,test,ToN-IoT-Network,100000,True
0.7696842906047927,0.869277202394815,0.5167010433337652,0.8497839269278944,0.7647257851188829,0.9738286196707472,0.9991694352159468,0.026171380329252848,0.23527421488111716,0.9746549183468018,0.998591176601678,LogisticRegression,classical_tree,28.096468687057495,4.185964122281242e-07,41.707518,9,test,CICIoT2023,100000,True
0.9858661488258493,0.7942419653250935,0.829170933529434,0.9850210951982057,0.995406682866312,0.593077247783875,0.9901681812155146,0.40692275221612495,0.004593317133688085,0.9932807147603648,0.9998128405682795,LinearSVM,classical_tree,61.60372233390808,1.8451152312066117e-06,42.894726,9,test,CICIoT2023,100000,True
0.9517927569017637,0.970162594187201,0.7339792919561705,0.9632764066941341,0.9508781643136169,0.9894470240607851,0.9997305076158548,0.010552975939214858,0.04912183568638307,0.9815601198147579,0.9989920030283533,GaussianNB,classical_tree,0.1514909267425537,3.5973302198886844e-06,74.332056,9,test,CICIoT2023,100000,True
0.9869672278833257,0.8858282845826809,0.8663540047265113,0.9872951124383006,0.9920027067761681,0.7796538623891938,0.9946337702390131,0.22034613761080624,0.007997293223831933,0.9855166899881019,0.9994007942093976,kNN,classical_tree,0.1357865333557129,7.815510992154147e-05,99.949145,9,test,CICIoT2023,100000,True
0.9918219855458349,0.9883980842418341,0.9233947989642274,0.9923619007536141,0.9919924538361375,0.9848037146475306,0.9996280530644295,0.015196285352469396,0.008007546163862487,0.989486300308475,0.999503363449455,DecisionTree,classical_tree,0.8520891666412354,2.801230962263428e-07,24.906753,9,test,CICIoT2023,100000,True
0.9937839082300655,0.9826070817554506,0.9389329142829121,0.9940637218154361,0.9943403771031343,0.970873786407767,0.999289026275116,0.02912621359223301,0.005659622896865676,0.998961752409139,0.9999749314738009,RandomForest,classical_tree,31.31205415725708,9.912668516708875e-06,281.389801,9,test,CICIoT2023,100000,True
0.9891493663790515,0.9913539107719046,0.903629010303287,0.9901071652878162,0.9890396071073381,0.9936682144364711,0.999844525751718,0.006331785563528915,0.010960392892661971,0.998798237707875,0.9999710010928005,ExtraTrees,classical_tree,15.239068031311035,1.1617129148442916e-05,251.600682,9,test,CICIoT2023,100000,True
0.9963063802526476,0.9659827769563957,0.9605763090071227,0.9963277941765543,0.997816123773492,0.9341494301392993,0.9983996060568755,0.06585056986070072,0.0021838762265079512,0.9995052491179431,0.9999880242463274,GradientBoosting,classical_tree,60.668368339538574,4.995535311189439e-06,28.967306,9,test,CICIoT2023,100000,True
0.9956457328181618,0.9576130410333956,0.9534111833261103,0.9956657136288004,0.9975392943926671,0.9176867876741241,0.9979997538158543,0.08231321232587589,0.002460705607332903,0.999294256682557,0.9999829348746084,HistGradientBoosting,classical_tree,7.167390823364258,2.2379825218826757e-06,89.345514,9,test,CICIoT2023,100000,True
0.9961762527276731,0.9634449362609688,0.9590958641065541,0.9961941851681845,0.9978058708334615,0.9290840016884762,0.9982766933026967,0.07091599831152386,0.0021941291665385047,0.9994613527716958,0.999986963328028,XGBoost,classical_tree,2.372331380844116,3.8752147560541947e-07,1.612792,9,test,CICIoT2023,100000,True
0.9955156052931873,0.9799930992390202,0.9541751333854407,0.9956358520076986,0.9962884357089395,0.9636977627691009,0.9991157448821164,0.03630223723089911,0.0037115642910604614,0.9992052002253985,0.9999805171378862,LightGBM,classical_tree,1.8046059608459473,5.060601517477851e-07,4.905817,9,test,CICIoT2023,100000,True
0.9962363115853536,0.9634756950810606,0.9596890188498206,0.9962516798594949,0.9978673884736449,0.9290840016884762,0.9982767993599541,0.07091599831152386,0.0021326115263551825,0.9993809544008738,0.9999850363042213,CatBoost,classical_tree,53.2184693813324,1.1512737790041076e-06,3.199448,9,test,CICIoT2023,100000,True
