accuracy,balanced_accuracy,macro_f1,weighted_f1,attack_recall,minority_recall,precision_attack,fpr,fnr,roc_auc,pr_auc,model,family,train_time_sec,inference_latency_sec_per_sample,peak_memory_MB,seed,eval_split,dataset,n_params,cumulative_reward,cumulative_reward_per_window,avg_detection_delay,telemetry_cost,escalation_rate,isolation_rate,abstention_rate,budget_violation_rate
0.8077333333333333,0.7676875658382427,0.779565706326611,0.8014715259122194,0.911737089201878,0.6236380424746075,0.8108935696390461,0.3763619575253924,0.088262910798122,0.8718818020809099,0.9157396313925754,LogisticRegression,classical_tree,1.0967614650726318,2.232233683268229e-07,3.459308,0,test,UNSW-NB15,,,,,,,,,
0.8914,0.8676213844057471,0.8784208587633053,0.8894641191095645,0.9531559728742828,0.7820867959372114,0.8856145792943001,0.2179132040627885,0.0468440271257172,0.9591899084393852,0.9718177955138566,LinearSVM,classical_tree,16.27025532722473,8.576393127441406e-07,27.810097,0,test,UNSW-NB15,,,,,,,,,
0.7516666666666667,0.7729062174421311,0.7468122942838562,0.756558434310972,0.6965049556598852,0.8493074792243768,0.8910838227442606,0.1506925207756232,0.3034950443401147,0.8596836777995011,0.904182754173056,GaussianNB,classical_tree,0.0362493991851806,6.727854410807292e-07,30.200867,0,test,UNSW-NB15,,,,,,,,,
0.9208666666666666,0.9139775763434614,0.914193809442624,0.920845928645172,0.9387584767866458,0.889196675900277,0.9374869764534278,0.1108033240997229,0.0612415232133542,0.9810654439960096,0.9872264230992543,kNN,classical_tree,0.003746747970581,0.0001443761189778,6.696638,0,test,UNSW-NB15,,,,,,,,,
0.9326,0.940432231224631,0.9287214988400924,0.93334377658711,0.9122587376108504,0.9686057248384118,0.9809288759255104,0.0313942751615881,0.0877412623891497,0.9813370865045272,0.9853191419563956,DecisionTree,classical_tree,0.5750656127929688,1.4521280924479166e-07,16.316954,0,test,UNSW-NB15,,,,,,,,,
0.9413333333333334,0.9440119531181136,0.9373281080928328,0.9417325883810416,0.934376630151278,0.9536472760849491,0.9727381340284568,0.0463527239150507,0.0656233698487219,0.9904509151967308,0.9947689290128509,RandomForest,classical_tree,2.1037700176239014,9.186093012491862e-06,224.397977,0,test,UNSW-NB15,,,,,,,,,
0.9252,0.922630726391797,0.9195167385194574,0.9254623482469696,0.9318727177882108,0.9133887349953832,0.9501116902457184,0.0866112650046168,0.0681272822117892,0.9839451551482556,0.9909548252460452,ExtraTrees,classical_tree,1.3392374515533447,7.305717468261718e-06,182.650455,0,test,UNSW-NB15,,,,,,,,,
0.9362666666666668,0.92968323947997,0.9307548031636228,0.936185916303437,0.9533646322378716,0.9060018467220684,0.9472374831553853,0.0939981532779316,0.0466353677621283,0.9881216948419428,0.99345525686649,GradientBoosting,classical_tree,32.76742386817932,1.122411092122396e-06,19.177561,0,test,UNSW-NB15,,,,,,,,,
0.9420666666666668,0.9405686401160632,0.9376244135145648,0.9422519917419604,0.9459572248304644,0.935180055401662,0.962730940751752,0.0648199445983379,0.0540427751695357,0.9906344410294056,0.9948765861034512,HistGradientBoosting,classical_tree,1.8409364223480225,2.0627180735270184e-06,62.184165,0,test,UNSW-NB15,,,,,,,,,
0.9447333333333332,0.9421731786017222,0.9403481283231064,0.9448443921275436,0.9513823682837768,0.9329639889196676,0.9617169373549884,0.0670360110803324,0.0486176317162232,0.9910231293028168,0.9950905463723672,XGBoost,classical_tree,0.4146404266357422,2.775192260742188e-07,0.565342,0,test,UNSW-NB15,,,,,,,,,
0.9428666666666666,0.9473809926347868,0.9391502768572466,0.9433308394429714,0.9311424100156496,0.9636195752539244,0.9784038588028942,0.0363804247460757,0.0688575899843505,0.9909348681260298,0.9950187233524588,LightGBM,classical_tree,0.5256576538085938,7.540225982666015e-07,4.193031,0,test,UNSW-NB15,,,,,,,,,
0.9424666666666668,0.9392747786606784,0.937848112684843,0.94255815673087,0.95075639019301,0.9277931671283473,0.9588594276094276,0.0722068328716528,0.04924360980699,0.9901706796987252,0.9946260641949132,CatBoost,classical_tree,2.015326499938965,5.865097045898437e-07,0.843707,0,test,UNSW-NB15,,,,,,,,,
0.9067333333333332,0.9034810277485164,0.8998103395643631,0.9071318927007076,0.9151799687010954,0.8917820867959372,0.9373797820047018,0.1082179132040628,0.0848200312989045,0.9711348381661674,0.9838776172341848,MLP,deep,5.8622918128967285,5.767043431599935e-06,3.372835,0,test,UNSW-NB15,7042.0,,,,,,,,
0.8148148148148148,0.8073714666293441,0.8023439722031291,0.8161434035202575,0.8341514360313316,0.7805914972273568,0.8706126008284282,0.2194085027726432,0.1658485639686684,0.899217154191783,0.9396568790652244,1D-CNN,deep,13.685566186904907,1.2106938405079883e-05,2.902231,0,test,UNSW-NB15,7234.0,,,,,,,,
0.9064397731064398,0.9031094627008296,0.8994876268130287,0.906834921741234,0.9150913838120104,0.8911275415896488,0.937012084269062,0.1088724584103512,0.0849086161879895,0.975110842989725,0.985900534300195,LSTM,deep,20.09788703918457,1.29379747229733e-05,2.878719,0,test,UNSW-NB15,9794.0,,,,,,,,
0.8988988988988988,0.898454945150408,0.8920827677971446,0.8996210540528023,0.9000522193211489,0.8968576709796673,0.9391891891891893,0.1031423290203327,0.0999477806788511,0.9717183148892632,0.9841194268638992,GRU,deep,19.94994831085205,1.5074625228459251e-05,2.879221,0,test,UNSW-NB15,7362.0,,,,,,,,
0.8794127460794128,0.8764931492304648,0.8710879439428525,0.8801931962797154,0.8869973890339425,0.865988909426987,0.9213495335213712,0.1340110905730129,0.1130026109660574,0.9596412793251065,0.9765042840857254,CNN-LSTM,deep,23.243572473526,1.0902419422800078e-05,2.879938,0,test,UNSW-NB15,12578.0,,,,,,,,
0.8828161494828162,0.8808046215547072,0.8748663810193595,0.8836328056024405,0.8880417754569191,0.8735674676524954,0.9255469685425056,0.1264325323475046,0.1119582245430809,0.9615679213138806,0.9773756063505884,CNN-BiLSTM,deep,34.550455808639526,1.303937222745206e-05,2.881567,0,test,UNSW-NB15,21090.0,,,,,,,,
0.6670670670670671,0.6393343243099763,0.63929503931755,0.6671138213225376,0.73911227154047,0.5395563770794825,0.7396530100334449,0.4604436229205175,0.26088772845953,0.691514543708344,0.7875683109133684,TCN,deep,12.442506074905396,1.2461121654287751e-05,2.878177,0,test,UNSW-NB15,7234.0,,,,,,,,
0.8464464464464464,0.8482042731041539,0.8379146183167885,0.8482505881131891,0.8418798955613577,0.85452865064695,0.9110533453887883,0.1454713493530499,0.1581201044386423,0.9417988446113232,0.9658349470617916,TransformerEncoder,deep,31.95353889465332,1.261924002860282e-05,2.884111,0,test,UNSW-NB15,9986.0,,,,,,,,
0.7023333333333334,0.6433966680972261,0.6486561634645311,0.6868335126633893,0.8553990610328639,0.4313942751615882,0.7269906011704202,0.5686057248384119,0.1446009389671361,0.6975168861395176,0.8018685325066486,FT-Transformer,deep,47.40917348861694,1.586155891418457e-05,2.884106,0,test,UNSW-NB15,2306.0,,,,,,,,
0.8291333333333334,0.8311114868135663,0.8201126789473518,0.831311288292259,0.8239958268127282,0.8382271468144045,0.900159562343287,0.1617728531855955,0.1760041731872717,0.9083433881907084,0.950278981504043,GCN,graph,5.039054870605469,6.439415613810221e-06,1.219971,0,test,UNSW-NB15,5922.0,,,,,,,,
0.8136,0.839685450344418,0.8098952073847472,0.8172729462603939,0.7458528951486698,0.9335180055401662,0.9520575309628446,0.0664819944598338,0.2541471048513302,0.9148906007434092,0.9565098824591362,GraphSAGE,graph,4.847632646560669,5.878766377766927e-06,1.055979,0,test,UNSW-NB15,8290.0,,,,,,,,
0.8369333333333333,0.8549704712320295,0.8319143218783287,0.8399888889182088,0.7900886802295253,0.9198522622345338,0.9457974272511552,0.0801477377654663,0.2099113197704747,0.9298816392765128,0.9607462408930189,GAT,graph,7.578996181488037,9.071270624796547e-06,1.090346,0,test,UNSW-NB15,8546.0,,,,,,,,
0.8350666666666666,0.8532286568492725,0.8300465561606873,0.8381667504236562,0.7878977569118414,0.9185595567867036,0.94482672338296,0.0814404432132964,0.2121022430881586,0.9365214095007446,0.9646701489156266,Protocol-role-GAT,graph,9.149656772613524,1.0942967732747396e-05,1.113024,0,test,UNSW-NB15,14050.0,,,,,,,,
0.8597333333333333,0.8468602112314805,0.8476399574233819,0.8595730803633955,0.8931664058424622,0.8005540166204986,0.8879784254745359,0.1994459833795014,0.1068335941575378,0.9254696690109536,0.9378473216900208,HypergraphNN,graph,5.775050401687622,8.359670639038087e-06,1.282829,0,test,UNSW-NB15,5922.0,,,,,,,,
0.5435378452456251,0.5267026704387987,0.526723348724073,0.5420331923130478,0.6247975526363145,0.4286077882412827,0.6073115270246633,0.5713922117587172,0.3752024473636854,0.8795101947456502,0.900754695583998,DQN,rl,,,,0,test,UNSW-NB15,,-5186.695382257865,-22.071044179820703,0.384,2.625531914893617,0.0424666666666666,0.1876,0.0002,0.3466
0.7583110016658217,0.6418320307244636,0.6465461973253618,0.7133258118713939,0.9885069933861,0.2951570680628272,0.7383381924198251,0.7048429319371727,0.0114930066139,0.8528090767844786,0.9134106277816508,DoubleDQN,rl,,,,0,test,UNSW-NB15,,6103.95402476571,25.97427244581153,0.2777333333333333,7.5702127659574465,0.0298666666666666,0.457,0.0255333333333333,0.2062
0.6559552916521132,0.5744718038601934,0.5596925471783791,0.6117309979384579,0.8968401486988847,0.252103459021502,0.6678200692041523,0.747896540978498,0.1031598513011152,0.8923454422448017,0.9236180332324984,DuelingDQN,rl,,,,0,test,UNSW-NB15,,-12760.179619487306,-54.29863667866939,1.244,7.2893617021276595,0.2085333333333333,0.0171333333333333,0.0603333333333333,1.5813333333333333
0.639,0.5,0.3898718730933496,0.4982562538133007,1.0,0.0,0.639,1.0,0.0,0.863929356378344,0.9091661322472284,PPO,rl,,,,0,test,UNSW-NB15,,4560.600000000001,19.406808510638303,0.0,0.0,0.0,0.6218,0.0,0.0
0.639,0.5,0.3898718730933496,0.4982562538133007,1.0,0.0,0.639,1.0,0.0,0.8696008065079371,0.9133834431322116,A2C,rl,,,,0,test,UNSW-NB15,,4187.999999999995,17.82127659574466,0.0,0.0,0.0,0.0,0.0,0.0
0.639,0.5,0.3898718730933496,0.4982562538133007,1.0,0.0,0.639,1.0,0.0,0.8696008065079371,0.9133834431322116,CQL_Offline,rl,,,,0,test,UNSW-NB15,,4187.999999999995,17.82127659574466,0.0,0.0,0.0,0.0,0.0,0.0
0.5597525955378838,0.5190330211393994,0.5190470935922777,0.5569399906198502,0.6693898835390231,0.3686761587397758,0.6488626790227464,0.6313238412602242,0.3306101164609769,0.8548364029399095,0.9038931763326432,RandomAcquisition,rl,,,,0,test,UNSW-NB15,,-11347.826731285508,-48.288624388448966,0.8184666666666667,8.0,0.1864666666666666,0.1856,0.1838666666666666,0.8000666666666667
0.8026666666666666,0.7648880045431097,0.7753809599626882,0.797144807888394,0.9007824726134586,0.6289935364727608,0.8112374330545898,0.3710064635272391,0.0992175273865414,0.8696008065079371,0.9133834431322116,GreedyUncertainty,rl,,,,0,test,UNSW-NB15,,5984.820443636491,25.467321036751027,0.1253333333333333,8.0,0.0,0.0,0.0,0.0
0.8026666666666666,0.7648880045431097,0.7753809599626882,0.797144807888394,0.9007824726134586,0.6289935364727608,0.8112374330545898,0.3710064635272391,0.0992175273865414,0.8696008065079371,0.9133834431322116,GreedyCentrality,rl,,,,0,test,UNSW-NB15,,5847.996464120351,24.885091336682347,0.1253333333333333,8.0,0.0,0.0,0.0,0.0
0.8026666666666666,0.7648880045431097,0.7753809599626882,0.797144807888394,0.9007824726134586,0.6289935364727608,0.8112374330545898,0.3710064635272391,0.0992175273865414,0.8696008065079371,0.9133834431322116,StaticThreshold,rl,,,,0,test,UNSW-NB15,,6229.499999999995,26.508510638297853,0.0,0.0,0.0,0.0,0.0,0.0
1.0,1.0,1.0,1.0,1.0,1.0,1.0,0.0,0.0,0.8696008065079371,0.9133834431322116,OracleUpperBound,rl,,,,0,test,UNSW-NB15,,13934.999999999976,59.29787234042542,0.0,0.0,0.0,0.0,0.0,0.0
0.8128,0.7691307129367041,0.7829085801229487,0.805367422725505,0.9257637368366176,0.6124976890367906,0.8090205011389522,0.3875023109632095,0.0742362631633823,0.8725592869647951,0.9145037246325016,LogisticRegression,classical_tree,1.2418110370635986,1.6455650329589845e-07,3.437421,1,test,UNSW-NB15,,,,,,,,,
0.8942,0.8726873959126846,0.8820908631830966,0.8926255854981142,0.9498488165988948,0.7955259752264744,0.8917384494909946,0.2044740247735256,0.0501511834011052,0.961987120135332,0.9745950776264546,LinearSVM,classical_tree,24.03149700164795,6.734212239583333e-07,27.800657,1,test,UNSW-NB15,,,,,,,,,
0.7332666666666666,0.7584887743426036,0.7293033977125765,0.7384352934514222,0.6680221040558857,0.8489554446293215,0.8869047619047619,0.1510445553706785,0.3319778959441142,0.8482739670955849,0.8885068336037235,GaussianNB,classical_tree,0.030909776687622,5.865732828776042e-07,30.221621,1,test,UNSW-NB15,,,,,,,,,
0.9233333333333332,0.9173958091719492,0.9169585809235308,0.9233732138825766,0.9386925242414764,0.896099094102422,0.9412441191845268,0.1039009058975781,0.0613074757585236,0.9814318166147588,0.987485227400024,kNN,classical_tree,0.0044403076171875,2.603615125020345e-05,6.511092,1,test,UNSW-NB15,,,,,,,,,
0.9301333333333334,0.9381909216170432,0.926134727062648,0.9309261801927358,0.9092899593368784,0.9670918838972083,0.979997752556467,0.0329081161027916,0.0907100406631216,0.9794472170220128,0.9832905096242874,DecisionTree,classical_tree,0.5034470558166504,1.643498738606771e-07,16.316384,1,test,UNSW-NB15,,,,,,,,,
0.9408666666666666,0.9444479719703944,0.9369087270717578,0.9413143973900728,0.9316025440517152,0.9572933998890738,0.9747981671394284,0.0427066001109262,0.0683974559482848,0.9909203506036957,0.9950332286359218,RandomForest,classical_tree,1.6935999393463137,7.4604034423828125e-06,224.523358,1,test,UNSW-NB15,,,,,,,,,
0.9226,0.922183095598324,0.9170530060440708,0.9230332918712674,0.9236784485455114,0.920687742651137,0.953811369509044,0.079312257348863,0.0763215514544885,0.9837548273855294,0.9908460116804212,ExtraTrees,classical_tree,1.028489351272583,7.237434387207032e-06,187.654759,1,test,UNSW-NB15,,,,,,,,,
0.9364,0.9313219033396593,0.93107858555495,0.936417874232781,0.9495360233552288,0.9131077833240896,0.9509240889631408,0.0868922166759105,0.0504639766447711,0.9883719733321352,0.9935937959117628,GradientBoosting,classical_tree,32.540876388549805,8.533159891764323e-07,19.177938,1,test,UNSW-NB15,,,,,,,,,
0.9444666666666668,0.9422651273468674,0.940078988984504,0.9445996265964292,0.9501616098425608,0.934368644851174,0.9625052809463456,0.065631355148826,0.0498383901574392,0.9910079701075524,0.9950863623878908,HistGradientBoosting,classical_tree,1.4424498081207275,1.6196250915527343e-06,61.391892,1,test,UNSW-NB15,,,,,,,,,
0.946,0.94414937557297,0.9417583781268128,0.9461404094197152,0.9507871963298926,0.9375115548160472,0.96425927884107,0.0624884451839526,0.0492128036701073,0.9912905577055152,0.9952381329672522,XGBoost,classical_tree,0.3338661193847656,2.197901407877604e-07,0.564046,1,test,UNSW-NB15,,,,,,,,,
0.9422666666666668,0.9482432718369904,0.9386457469855272,0.9428012590894034,0.9268063809821708,0.96968016269181,0.9818844581906552,0.03031983730819,0.0731936190178292,0.9914851499157084,0.9953523877872256,LightGBM,classical_tree,0.4223220348358154,5.822976430257162e-07,4.138245,1,test,UNSW-NB15,,,,,,,,,
0.9416,0.9388142528008988,0.9369440083524908,0.9417210831978988,0.9488061724533416,0.9288223331484564,0.959409594095941,0.0711776668515437,0.0511938275466583,0.9904346122079886,0.9947618167548916,CatBoost,classical_tree,2.8109021186828613,4.492282867431641e-07,0.843036,1,test,UNSW-NB15,,,,,,,,,
0.8791333333333333,0.8881928964532924,0.8732678725118697,0.8808691607533823,0.8556980502554478,0.920687742651137,0.95032422417786,0.079312257348863,0.1443019497445521,0.9605094915603364,0.9779171254911354,MLP,deep,4.878160238265991,5.345010757446289e-06,2.914889,1,test,UNSW-NB15,7042.0,,,,,,,,
0.838304971638305,0.8100160243810743,0.8188926404535236,0.8354362516813204,0.9114056141083168,0.7086264346538319,0.8473030655801319,0.2913735653461681,0.0885943858916831,0.8869291128314312,0.8880661192219568,1D-CNN,deep,8.117857933044434,7.816629088398295e-06,2.876212,1,test,UNSW-NB15,7234.0,,,,,,,,
0.908641975308642,0.9049879995825942,0.901708197014683,0.9089921485340404,0.9180841072732964,0.8918918918918919,0.9377531443189084,0.1081081081081081,0.0819158927267035,0.9744171839842112,0.9856465390027136,LSTM,deep,15.931671142578123,9.576821669284844e-06,2.881892,1,test,UNSW-NB15,9794.0,,,,,,,,
0.9018351685018352,0.899706457925636,0.8947966090970996,0.9023890283105154,0.9073359073359072,0.8920770085153646,0.9371631817201984,0.1079229914846353,0.0926640926640926,0.9728914158004484,0.9847246127642116,GRU,deep,15.642405986785889,1.399221919877234e-05,2.879181,1,test,UNSW-NB15,7362.0,,,,,,,,
0.8690023356690023,0.8760551290169949,0.8623933913323525,0.8708075193078497,0.8507774183449859,0.901332839689004,0.9386368869445084,0.0986671603109959,0.1492225816550141,0.9577877982047608,0.9756303386533508,CNN-LSTM,deep,18.889482498168945,9.386039074556328e-06,2.880492,1,test,UNSW-NB15,12578.0,,,,,,,,
0.887354020687354,0.8826499980702128,0.8789745462763172,0.8878598068678832,0.8995095481581968,0.8657904479822288,0.922418405564473,0.1342095520177711,0.1004904518418031,0.9625634999470516,0.9783515141601424,CNN-BiLSTM,deep,27.78600811958313,1.1906529968485738e-05,2.881329,1,test,UNSW-NB15,21090.0,,,,,,,,
0.7285952619285953,0.6688342227031602,0.6766522677061588,0.7128117180631364,0.8830220181571533,0.454646427249167,0.7417601683029453,0.5453535727508331,0.1169779818428467,0.7435828780626004,0.7839778330785268,TCN,deep,11.117181539535522,1.111872243133433e-05,2.876406,1,test,UNSW-NB15,7234.0,,,,,,,,
0.8611277944611277,0.8706656622243443,0.8548010016173848,0.8632576259395361,0.8364812689137013,0.9048500555349872,0.9397420867526376,0.0951499444650129,0.1635187310862986,0.9568638860242572,0.9743045569386924,TransformerEncoder,deep,25.16250824928284,9.210085049445603e-06,2.883859,1,test,UNSW-NB15,9986.0,,,,,,,,
0.7022,0.6463676920721977,0.6517957313248691,0.6887311880621035,0.8466270461891356,0.4461083379552597,0.7304785894206549,0.5538916620447403,0.1533729538108643,0.7113639865314819,0.813870632160486,FT-Transformer,deep,37.75711798667908,1.0713291168212891e-05,2.884255,1,test,UNSW-NB15,2306.0,,,,,,,,
0.8165333333333333,0.826705487957171,0.8093583439668706,0.8196696173450656,0.7902199979147118,0.8631909779996303,0.9110470008414472,0.1368090220003697,0.2097800020852883,0.8860056857935484,0.940473339878884,GCN,graph,2.9180262088775635,3.803507486979167e-06,1.086732,1,test,UNSW-NB15,5922.0,,,,,,,,
0.8436,0.8614947006440279,0.8386004887391849,0.8465201690773397,0.7973099781044729,0.9256794231835828,0.9500559075661572,0.074320576816417,0.202690021895527,0.9443509264545727,0.9688486876327436,GraphSAGE,graph,2.749420166015625,3.342278798421224e-06,1.083243,1,test,UNSW-NB15,8290.0,,,,,,,,
0.829,0.8256924229841331,0.818356360026504,0.8306151599078481,0.8375560421228235,0.8138288038454428,0.8886061946902655,0.1861711961545572,0.1624439578771765,0.8931137566013647,0.8804582981807996,GAT,graph,4.133125305175781,5.231030782063802e-06,0.879512,1,test,UNSW-NB15,8546.0,,,,,,,,
0.8448666666666667,0.8464836031052174,0.8361858190364806,0.8466993738553158,0.8406839745594828,0.8522832316509521,0.9098397652900022,0.1477167683490478,0.1593160254405171,0.9260997577784792,0.9500614814021427,Protocol-role-GAT,graph,5.941603183746338,6.326659520467122e-06,1.153212,1,test,UNSW-NB15,14050.0,,,,,,,,
0.8522666666666666,0.8442090138928429,0.8411748125193849,0.8528766626818299,0.873110207486185,0.8153078202995009,0.8934172623493012,0.1846921797004991,0.126889792513815,0.9212444363639042,0.9568809887820512,HypergraphNN,graph,3.86539888381958,5.381870269775391e-06,1.08723,1,test,UNSW-NB15,5922.0,,,,,,,,
0.7459028947771481,0.7027342550910538,0.7080108530484079,0.7281007238119024,0.9287551440329218,0.4767133661491859,0.7232124974964951,0.5232866338508141,0.0712448559670781,0.9061236391004156,0.9160536889803612,DQN,rl,,,,1,test,UNSW-NB15,,-8206.334062179616,-34.920570477360066,1.1931333333333334,6.421276595744681,0.0962666666666666,0.1404,0.4494,1.1964666666666666
0.7654100866021396,0.5297598454305763,0.4916791959866813,0.6803739369663065,0.9956021650879568,0.0639175257731958,0.7642170864710465,0.936082474226804,0.0043978349120433,0.7842208636171291,0.9158426589318114,DoubleDQN,rl,,,,1,test,UNSW-NB15,,7974.716858864377,33.93496535686969,0.0094666666666666,0.5276595744680851,0.1412666666666666,0.3029333333333333,0.0724666666666666,0.0018666666666666
0.6535304990757855,0.5002133105802048,0.3956411082842877,0.5167484181194801,1.0,0.0004266211604095,0.6534792575611921,0.9995733788395904,0.0,0.850360841748605,0.9025470190534428,DuelingDQN,rl,,,,1,test,UNSW-NB15,,4377.282067373253,18.62673220158831,0.0052,0.0340425531914893,0.0,0.0028666666666666,0.0703333333333333,0.0049333333333333
0.6542279180801608,0.5,0.3954883791584384,0.5174790778434448,1.0,0.0,0.6542279180801608,1.0,0.0,0.8520139411503299,0.9045056071462808,PPO,rl,,,,1,test,UNSW-NB15,,2312.8999999999974,9.842127659574455,0.0,0.0,0.0,0.5306,0.4694,0.0
0.6394,0.5,0.3900207392948639,0.498758521410272,1.0,0.0,0.6394,1.0,0.0,0.8605520512573036,0.903228396291466,A2C,rl,,,,1,test,UNSW-NB15,,4204.799999999994,17.892765957446784,0.0,0.0,0.0,0.0,0.0,0.0
0.6394,0.5,0.3900207392948639,0.498758521410272,1.0,0.0,0.6394,1.0,0.0,0.8605520512573036,0.903228396291466,CQL_Offline,rl,,,,1,test,UNSW-NB15,,4204.799999999994,17.892765957446784,0.0,0.0,0.0,0.0,0.0,0.0
0.569755882028057,0.524524752101749,0.5246036517285624,0.5664058778445461,0.6830525953936061,0.3659969088098918,0.6595850622406639,0.6340030911901082,0.3169474046063939,0.8530427607547435,0.9003242621257963,RandomAcquisition,rl,,,,1,test,UNSW-NB15,,-10928.338358940198,-46.50356748485191,0.8309333333333333,8.0,0.1837333333333333,0.1855333333333333,0.1895333333333333,0.803
0.8065333333333333,0.7535491103608469,0.7696532844308968,0.7953501129064032,0.943592951725576,0.5635052689961176,0.7930943826132679,0.4364947310038824,0.0564070482744239,0.8605520512573036,0.903228396291466,GreedyUncertainty,rl,,,,1,test,UNSW-NB15,,7108.884623321649,30.250572865198507,0.1253333333333333,8.0,0.0,0.0,0.0,0.0
0.8065333333333333,0.7535491103608469,0.7696532844308968,0.7953501129064032,0.943592951725576,0.5635052689961176,0.7930943826132679,0.4364947310038824,0.0564070482744239,0.8605520512573036,0.903228396291466,GreedyCentrality,rl,,,,1,test,UNSW-NB15,,6973.786875548801,29.67568883212256,0.1253333333333333,8.0,0.0,0.0,0.0,0.0
0.8065333333333333,0.7535491103608469,0.7696532844308968,0.7953501129064032,0.943592951725576,0.5635052689961176,0.7930943826132679,0.4364947310038824,0.0564070482744239,0.8605520512573036,0.903228396291466,StaticThreshold,rl,,,,1,test,UNSW-NB15,,7364.899999999998,31.33999999999999,0.0,0.0,0.0,0.0,0.0,0.0
1.0,1.0,1.0,1.0,1.0,1.0,1.0,0.0,0.0,0.8605520512573036,0.903228396291466,OracleUpperBound,rl,,,,1,test,UNSW-NB15,,13940.999999999976,59.32340425531904,0.0,0.0,0.0,0.0,0.0,0.0
0.7921333333333334,0.7730063887152141,0.773840818868575,0.7918074469996902,0.841479937467431,0.7045328399629972,0.8348671285285907,0.2954671600370028,0.158520062532569,0.8780632161273482,0.9190781355204876,LogisticRegression,classical_tree,1.0908398628234863,2.700487772623698e-07,3.437375,2,test,UNSW-NB15,,,,,,,,,
0.8914666666666666,0.8681830605768596,0.878572378738658,0.8896253792334118,0.9515372589890568,0.7848288621646623,0.8870105897211698,0.2151711378353376,0.0484627410109432,0.9613296221291636,0.9740025207689752,LinearSVM,classical_tree,20.171815872192383,5.748112996419271e-07,27.797162,2,test,UNSW-NB15,,,,,,,,,
0.7424666666666667,0.7656529307441675,0.7379792776494977,0.7475575557859919,0.68264721208963,0.848658649398705,0.8889793702497285,0.1513413506012951,0.3173527879103699,0.8541725835274019,0.8991690457516417,GaussianNB,classical_tree,0.0303037166595459,5.829811096191406e-07,30.232091,2,test,UNSW-NB15,,,,,,,,,
0.9198666666666668,0.9141352433115651,0.9132659995271434,0.9199496136679368,0.9346534653465348,0.8936170212765957,0.9397464109818716,0.1063829787234042,0.0653465346534653,0.9804301885955672,0.987054800116427,kNN,classical_tree,0.0044896602630615,2.698623339335124e-05,6.511172,2,test,UNSW-NB15,,,,,,,,,
0.9328,0.940403260833411,0.9288554207388782,0.93353486216133,0.9131839499739448,0.967622571692877,0.980418484950207,0.032377428307123,0.0868160500260552,0.9808217932655529,0.985385968521169,DecisionTree,classical_tree,0.4878973960876465,1.3980865478515628e-07,16.316428,2,test,UNSW-NB15,,,,,,,,,
0.9375333333333332,0.9395787005547042,0.9331840837061812,0.9379458699454724,0.93225638353309,0.9469010175763182,0.9689124783362218,0.0530989824236817,0.0677436164669098,0.990286000214998,0.9946794547268408,RandomForest,classical_tree,1.7109014987945557,7.262214024861653e-06,211.353034,2,test,UNSW-NB15,,,,,,,,,
0.9225333333333332,0.9191686041382754,0.9165001844181812,0.9227697513711792,0.931214174048984,0.907123034227567,0.946805128748543,0.0928769657724329,0.0687858259510161,0.9830726765163978,0.9904871367977628,ExtraTrees,classical_tree,1.0851044654846191,7.224718729654948e-06,188.833239,2,test,UNSW-NB15,,,,,,,,,
0.9353333333333332,0.930304916172517,0.9299226708472764,0.9353618924923288,0.9483064095883272,0.9123034227567068,0.9504857411469758,0.0876965772432932,0.0516935904116727,0.9879017411454374,0.993298498549579,GradientBoosting,classical_tree,31.577120780944824,1.2882232666015625e-06,19.178601,2,test,UNSW-NB15,,,,,,,,,
0.9434666666666668,0.9412675909004796,0.938992851401032,0.9436076436125064,0.9491401771756124,0.9333950046253467,0.9619731699588042,0.0666049953746531,0.0508598228243877,0.9906364082048208,0.9948745684691224,HistGradientBoosting,classical_tree,2.1327712535858154,1.929537455240885e-06,62.150364,2,test,UNSW-NB15,,,,,,,,,
0.9433333333333334,0.941284559343514,0.9388680034286084,0.943483132264523,0.9486190724335593,0.933950046253469,0.9622581668252458,0.0660499537465309,0.0513809275664408,0.9907283173908704,0.9949366749464472,XGBoost,classical_tree,0.364271879196167,2.215385437011719e-07,0.564046,2,test,UNSW-NB15,,,,,,,,,
0.9438,0.9484359385838774,0.9401063946311268,0.9442610809386648,0.9318394997394476,0.9650323774283072,0.9792990142387732,0.0349676225716928,0.0681605002605523,0.991035012357558,0.9951109826064456,LightGBM,classical_tree,0.630265474319458,5.669911702473959e-07,4.141281,2,test,UNSW-NB15,,,,,,,,,
0.9409333333333332,0.9374695520090012,0.936128800939492,0.9410220898870358,0.9498697238144868,0.9250693802035151,0.9574535140245825,0.0749306197964847,0.0501302761855132,0.9900516235955842,0.9945206129397728,CatBoost,classical_tree,3.551501512527466,4.404703776041667e-07,0.843036,2,test,UNSW-NB15,,,,,,,,,
0.8906,0.8900468512209807,0.883269268007828,0.8914405281959633,0.8920270974465868,0.8880666049953746,0.93398079441292,0.1119333950046253,0.1079729025534132,0.9629616874730952,0.9794968853786404,MLP,deep,5.873079538345337,8.141899108886719e-06,2.882055,2,test,UNSW-NB15,7042.0,,,,,,,,
0.7857857857857858,0.7950339071465833,0.7778571478183843,0.7895778648419008,0.7619196661450183,0.8281481481481482,0.8872554975094156,0.1718518518518518,0.2380803338549817,0.8825061052184162,0.9289284453392096,1D-CNN,deep,11.124332427978516,1.2082245336360125e-05,2.878223,2,test,UNSW-NB15,7234.0,,,,,,,,
0.9147147147147148,0.911906624934794,0.9082872353394472,0.9150679263365468,0.921961398017736,0.901851851851852,0.9434183836874132,0.0981481481481481,0.0780386019822639,0.9781252922197108,0.9877722925832244,LSTM,deep,20.872648239135746,1.0947000594547998e-05,2.88053,2,test,UNSW-NB15,9794.0,,,,,,,,
0.9037037037037036,0.9013993218570684,0.8967225033098956,0.9042215596877414,0.9096504955659884,0.8931481481481481,0.9379302925989672,0.1068518518518518,0.0903495044340114,0.973179195888638,0.9849843647920796,GRU,deep,20.47028136253357,2.1191044254703923e-05,2.877408,2,test,UNSW-NB15,7362.0,,,,,,,,
0.8858191524858191,0.8758163797600418,0.8760746722825952,0.885779729315078,0.9116327595200836,0.84,0.9100187460945636,0.16,0.0883672404799165,0.9601178635599606,0.9770740590502842,CNN-LSTM,deep,28.748899698257446,1.7036944578041582e-05,2.878327,2,test,UNSW-NB15,12578.0,,,,,,,,
0.8897564230897564,0.8822091810119979,0.8808497970127915,0.8899477296786685,0.9092331768388108,0.8551851851851852,0.917658207855112,0.1448148148148148,0.0907668231611893,0.9639198303676656,0.9791187681461364,CNN-BiLSTM,deep,44.58640432357788,1.9592120323652105e-05,2.88349,2,test,UNSW-NB15,21090.0,,,,,,,,
0.6917584250917584,0.6612558685446009,0.6626174747700164,0.6903093178891105,0.7704747000521649,0.552037037037037,0.7532639738882089,0.4479629629629629,0.2295252999478351,0.7229589056975598,0.794671118941116,TCN,deep,15.955242156982422,1.621279749903712e-05,2.878522,2,test,UNSW-NB15,7234.0,,,,,,,,
0.8517183850517184,0.8541731872717788,0.8434541610697891,0.8534994057297873,0.8453834115805947,0.8629629629629629,0.9163179916317992,0.137037037037037,0.1546165884194053,0.946720705577774,0.9687235722852408,TransformerEncoder,deep,34.19408941268921,1.4621367405206312e-05,2.884781,2,test,UNSW-NB15,9986.0,,,,,,,,
0.7074666666666667,0.6409394539921396,0.645819478482258,0.687094920874823,0.8791036998436685,0.4027752081406105,0.7232273000085742,0.5972247918593895,0.1208963001563314,0.6903453608421362,0.7988958113291889,FT-Transformer,deep,52.00085639953613,1.4040104548136391e-05,2.884957,2,test,UNSW-NB15,2306.0,,,,,,,,
0.8281333333333334,0.7868860930593766,0.8013029184742432,0.8216983172876662,0.934549244398124,0.6392229417206291,0.8213794998625996,0.3607770582793709,0.0654507556018759,0.8330107947257066,0.8121428208638293,GCN,graph,4.467997789382935,6.348466873168946e-06,1.08027,2,test,UNSW-NB15,5922.0,,,,,,,,
0.8572,0.8677367712427311,0.8509568127302272,0.8594776448671483,0.8300156331422616,0.9054579093432008,0.9397050147492624,0.0945420906567992,0.1699843668577384,0.9538085429361866,0.9739123388899285,GraphSAGE,graph,4.649490594863892,5.791982014973958e-06,1.089168,2,test,UNSW-NB15,8290.0,,,,,,,,
0.8719333333333333,0.8637005474733168,0.8618040485577074,0.8722550958883827,0.8931735278791036,0.8342275670675301,0.9053454468624552,0.1657724329324699,0.1068264721208963,0.952974090826484,0.9715677473255248,GAT,graph,6.685137271881104,8.022944132486979e-06,0.880808,2,test,UNSW-NB15,8546.0,,,,,,,,
0.8567333333333333,0.8546471118215575,0.8474889621821878,0.8579774309401893,0.8621156852527359,0.8471785383903793,0.9092108155638602,0.1528214616096207,0.1378843147472642,0.9341139170638424,0.9630697260047136,Protocol-role-GAT,graph,8.080832958221436,9.74574089050293e-06,1.151807,2,test,UNSW-NB15,14050.0,,,,,,,,
0.8455333333333334,0.8479527718096314,0.8370475451377948,0.8474347646935373,0.8392912975508077,0.8566142460684552,0.9122111463525148,0.1433857539315448,0.1607087024491922,0.9323454389355386,0.960625037421702,HypergraphNN,graph,5.196869850158691,7.253615061442057e-06,1.087151,2,test,UNSW-NB15,5922.0,,,,,,,,
0.7261945804316349,0.6384817070140152,0.6432222410157322,0.6957413354672909,0.9258320126782884,0.3511314013497419,0.7283078457446809,0.648868598650258,0.0741679873217115,0.8542157993334125,0.9111289286568584,DQN,rl,,,,2,test,UNSW-NB15,,4665.209999999997,19.8519574468085,0.0,0.0,0.0,0.0704666666666666,0.0254666666666666,0.0
0.4559579153413262,0.4810427627742309,0.4529211218060124,0.4462491517727617,0.3277964676198486,0.6342890579286132,0.55500177999288,0.3657109420713867,0.6722035323801514,0.8802501512056342,0.9057034689837676,DoubleDQN,rl,,,,2,test,UNSW-NB15,,-14859.76255777905,-63.23303216076192,0.7809333333333334,7.978723404255319,0.0214,0.1730666666666666,0.4316666666666666,0.6596666666666666
0.7828259881871876,0.7575469448653326,0.7637120510272262,0.773421686836919,0.9325129019452164,0.5825809877854488,0.7492822966507177,0.4174190122145512,0.0674870980547836,0.894153556707736,0.9055924552117076,DuelingDQN,rl,,,,2,test,UNSW-NB15,,-683.397930665456,-2.908076300704068,0.6896666666666667,7.821276595744681,0.0781333333333333,0.0039333333333333,0.2274,0.5806666666666667
,,,,,,,,,,,PPO,rl,,,,2,test,UNSW-NB15,,-149.99999999999963,-0.638297872340424,0.0,0.0,0.0,0.0,1.0,0.0
0.6396666666666667,0.5,0.3901199430778613,0.4990934471776106,1.0,0.0,0.6396666666666667,1.0,0.0,0.8621599092573944,0.910291613821229,A2C,rl,,,,2,test,UNSW-NB15,,4215.999999999996,17.94042553191488,0.0,0.0,0.0,0.0,0.0,0.0
0.6396666666666667,0.5,0.3901199430778613,0.4990934471776106,1.0,0.0,0.6396666666666667,1.0,0.0,0.8621599092573944,0.910291613821229,CQL_Offline,rl,,,,2,test,UNSW-NB15,,4215.999999999996,17.94042553191488,0.0,0.0,0.0,0.0,0.0,0.0
0.5666444147752558,0.5243514479602946,0.5244593988561057,0.564958274803889,0.6722616369614121,0.3764412589591773,0.6600407747196738,0.6235587410408227,0.327738363038588,0.8538150375326014,0.9093316141526552,RandomAcquisition,rl,,,,2,test,UNSW-NB15,,-11304.750069666874,-48.10531944539096,0.8292,8.0,0.191,0.1819333333333333,0.1843333333333333,0.8136666666666666
0.8083333333333333,0.7607850122370433,0.7754384835036121,0.7994463951542884,0.9310057321521624,0.5905642923219241,0.8014534362102996,0.4094357076780758,0.0689942678478374,0.8621599092573944,0.910291613821229,GreedyUncertainty,rl,,,,2,test,UNSW-NB15,,6862.295760778387,29.201258556503777,0.1253333333333333,8.0,0.0,0.0,0.0,0.0
0.8083333333333333,0.7607850122370433,0.7754384835036121,0.7994463951542884,0.9310057321521624,0.5905642923219241,0.8014534362102996,0.4094357076780758,0.0689942678478374,0.8621599092573944,0.910291613821229,GreedyCentrality,rl,,,,2,test,UNSW-NB15,,6726.438093753643,28.62314082448359,0.1253333333333333,8.0,0.0,0.0,0.0,0.0
0.8083333333333333,0.7607850122370433,0.7754384835036121,0.7994463951542884,0.9310057321521624,0.5905642923219241,0.8014534362102996,0.4094357076780758,0.0689942678478374,0.8621599092573944,0.910291613821229,StaticThreshold,rl,,,,2,test,UNSW-NB15,,7114.999999999998,30.276595744680844,0.0,0.0,0.0,0.0,0.0,0.0
1.0,1.0,1.0,1.0,1.0,1.0,1.0,0.0,0.0,0.8621599092573944,0.910291613821229,OracleUpperBound,rl,,,,2,test,UNSW-NB15,,13944.999999999976,59.34042553191478,0.0,0.0,0.0,0.0,0.0,0.0
0.9053419530452534,0.8571185698594694,0.8501154798338791,0.906252075417683,0.9352748085178016,0.7789623312011372,0.9469916482018068,0.2210376687988628,0.0647251914821984,0.8702394157843533,0.9432145908155204,LogisticRegression,classical_tree,2.12257719039917,1.7168733610430313e-07,3.478637,0,test,ToN-IoT-Network,,,,,,,,,
0.7963252807077237,0.5307058859633081,0.5213505126421267,0.7451964654209711,0.9611985523104116,0.1002132196162046,0.8185206422018348,0.8997867803837953,0.0388014476895884,0.8256959697526413,0.93118476203,LinearSVM,classical_tree,55.44958019256592,7.008484084008299e-07,27.098492,0,test,ToN-IoT-Network,,,,,,,,,
0.8085062946580469,0.5013559901384058,0.4505462046462473,0.7241845265530839,0.9991583200067334,0.0035536602700781,0.8089267461669506,0.9964463397299218,0.0008416799932665,0.7770849271863056,0.8958402306584713,GaussianNB,classical_tree,0.0288507938385009,5.594846057664703e-07,34.074037,0,test,ToN-IoT-Network,,,,,,,,,
0.9890438924804356,0.9788509805871026,0.9821852098888882,0.989005529592503,0.995370760037034,0.9623312011371712,0.9911163258464633,0.0376687988628287,0.004629239962966,0.9943251805230104,0.9974857746520912,kNN,classical_tree,0.004584789276123,2.900733960733482e-05,6.398456,0,test,ToN-IoT-Network,,,,,,,,,
0.9972099353521606,0.9954269767231514,0.9954941652096246,0.9972097461406318,0.9983166400134668,0.9925373134328358,0.998232620770914,0.0074626865671641,0.0016833599865331,0.9951063516809402,0.9977988611168708,DecisionTree,classical_tree,0.2533810138702392,1.0797384443150041e-07,15.946428,0,test,ToN-IoT-Network,,,,,,,,,
0.9986389928547124,0.9971243347991248,0.9977993441551388,0.9986380678258489,0.9995791600033668,0.9946695095948828,0.998738541754268,0.0053304904051172,0.0004208399966332,0.9999419139109124,0.9999859689957488,RandomForest,classical_tree,1.5097370147705078,7.52031742289343e-06,213.48791,0,test,ToN-IoT-Network,,,,,,,,,
0.9943518203470568,0.9908118694466392,0.990878432009728,0.9943514373090842,0.9965491120276072,0.9850746268656716,0.996465241541828,0.0149253731343283,0.0034508879723928,0.9990737332611416,0.999723760784938,ExtraTrees,classical_tree,1.1281752586364746,6.54340966618276e-06,184.234298,0,test,ToN-IoT-Network,,,,,,,,,
0.995304525348758,0.993299431635694,0.99243137036442,0.9953086507093496,0.9965491120276072,0.9900497512437813,0.9976407145264578,0.0099502487562189,0.0034508879723928,0.9991661116783128,0.9997692110987708,GradientBoosting,classical_tree,12.870225429534912,1.2219296948931662e-06,18.839839,0,test,ToN-IoT-Network,,,,,,,,,
0.99891119428377,0.9974282698116186,0.9982389965144236,0.9989103058188256,0.9998316640013468,0.9950248756218906,0.9988228369629194,0.0049751243781094,0.0001683359986533,0.9997866786882736,0.9999395945556968,HistGradientBoosting,classical_tree,1.8235046863555908,2.297271307977376e-06,62.774013,0,test,ToN-IoT-Network,,,,,,,,,
0.9987070432119768,0.9974376168264693,0.997910229013018,0.99870642852172,0.99949499200404,0.9953802416488984,0.9989064602960968,0.0046197583511016,0.0005050079959599,0.9998381994341302,0.9999579128488908,XGBoost,classical_tree,0.2834739685058594,2.0895494251439425e-07,0.570798,0,test,ToN-IoT-Network,,,,,,,,,
0.9988431439265056,0.9979285818673176,0.9981312200481568,0.99884290845003,0.9994108240047134,0.9964463397299218,0.9991585324806462,0.0035536602700781,0.0005891759952865,0.9997653226287432,0.9999284475353138,LightGBM,classical_tree,0.4956483840942383,5.846325334702758e-07,4.171607,0,test,ToN-IoT-Network,,,,,,,,,
0.9980265396393332,0.9962031827467924,0.996809482697623,0.9980253327737012,0.9991583200067334,0.9932480454868514,0.9984020185029436,0.0067519545131485,0.0008416799932665,0.9998148543298392,0.9999546039084348,CatBoost,classical_tree,2.8782434463500977,4.724241025028443e-07,0.853164,0,test,ToN-IoT-Network,,,,,,,,,
0.9467846206192584,0.9447164749795816,0.9189168726997674,0.9482467473818362,0.9480683444154532,0.94136460554371,0.985563041385948,0.0586353944562899,0.0519316555845467,0.9637804071852792,0.9785819359218284,MLP,deep,5.550781488418579,5.199325940527045e-06,2.924579,0,test,ToN-IoT-Network,6914.0,,,,,,,,
0.7722070844686648,0.6709847352631938,0.657886610851846,0.7799128717546442,0.835032437442076,0.5069370330843116,0.8773125608568647,0.4930629669156883,0.164967562557924,0.7232930198302896,0.8884181686136559,1D-CNN,deep,8.799645900726318,8.891729957726087e-06,2.911204,0,test,ToN-IoT-Network,7042.0,,,,,,,,
0.9807901907356948,0.976989133628498,0.9694660227115154,0.9809396596201304,0.9831493807397422,0.9708288865172536,0.9930218704791082,0.0291711134827463,0.0168506192602578,0.9937311769935754,0.9979608101330965,LSTM,deep,19.326033353805546,1.0794043865775545e-05,2.912438,0,test,ToN-IoT-Network,9538.0,,,,,,,,
0.9841280653950952,0.9776958735375112,0.9745389915294156,0.9841802204200056,0.9881203134215184,0.967271433653504,0.9922165820642976,0.0327285663464959,0.0118796865784817,0.9931830073463844,0.9969015751904596,GRU,deep,17.5020170211792,1.4289929366566504e-05,2.910582,0,test,ToN-IoT-Network,7170.0,,,,,,,,
0.9473433242506812,0.9512823929701686,0.9205685929214305,0.9490240096033912,0.944898475018957,0.9576663109213804,0.9895006176107288,0.0423336890786197,0.055101524981043,0.9902964920709324,0.9968863137217868,CNN-LSTM,deep,20.965479850769043,1.1572168698427788e-05,2.91131,0,test,ToN-IoT-Network,12386.0,,,,,,,,
0.9611035422343324,0.9611494166469672,0.9400088924434806,0.9619589599685278,0.9610750695088044,0.96122376378513,0.9905349079541508,0.0387762362148701,0.0389249304911955,0.990990103962806,0.996527225493836,CNN-BiLSTM,deep,44.09457993507385,1.617470294318342e-05,2.913918,0,test,ToN-IoT-Network,20898.0,,,,,,,,
0.8010899182561307,0.5028742414786056,0.4627017582122815,0.7258021834206237,0.9861824922065886,0.0195659907506225,0.809418435792822,0.9804340092493774,0.0138175077934114,0.5529175384584213,0.8266737554161313,TCN,deep,11.129963397979736,1.1855704907825273e-05,2.911272,0,test,ToN-IoT-Network,7042.0,,,,,,,,
0.966825613079019,0.9642808084065108,0.9482508824170764,0.9673810598287736,0.9684050888870166,0.960156527926005,0.9903498190591074,0.039843472073995,0.0315949111129834,0.9911558226997146,0.9975400962114233,TransformerEncoder,deep,35.83023643493652,9.519933679772982e-06,2.917406,0,test,ToN-IoT-Network,9922.0,,,,,,,,
0.8610411704661449,0.8447733766149473,0.8015250678330599,0.8685851526564949,0.8711387930308897,0.818407960199005,0.9529509253291594,0.181592039800995,0.1288612069691103,0.9077084427681832,0.9578514456831264,FT-Transformer,deep,31.358782529830933,8.868084103122541e-06,2.917091,0,test,ToN-IoT-Network,2306.0,,,,,,,,
0.916502211636611,0.9095816144546904,0.8758051666454163,0.9196710852064202,0.9207979126336168,0.898365316275764,0.9745234277569929,0.1016346837242359,0.0792020873663833,0.9488626163493976,0.9745274827037776,GCN,graph,2.857257604598999,4.0648299116956896e-06,1.134743,0,test,ToN-IoT-Network,5794.0,,,,,,,,
0.9742089145968016,0.9730666440065115,0.9595307095362412,0.974568820867778,0.9749179362006564,0.9712153518123668,0.9930555555555556,0.0287846481876332,0.0250820637993434,0.980487261529236,0.9908038412074434,GraphSAGE,graph,2.667339563369751,3.2177016864061435e-06,1.092726,0,test,ToN-IoT-Network,8098.0,,,,,,,,
0.9314052398775092,0.9223235847408144,0.8959381324301453,0.9334227184221314,0.9370423365036612,0.9076048329779672,0.9771789695427016,0.0923951670220327,0.0629576634963386,0.9607856535375954,0.9807322909142586,GAT,graph,4.032498598098755,4.929513012969441e-06,0.884311,0,test,ToN-IoT-Network,8354.0,,,,,,,,
0.9169105137801974,0.929360376445714,0.8802598665797998,0.9211345797613502,0.9091827287265382,0.94953802416489,0.9870248538011696,0.0504619758351101,0.0908172712734618,0.9529049834215364,0.9877395032116334,Protocol-role-GAT,graph,5.307228326797485,6.529099684095821e-06,1.177106,0,test,ToN-IoT-Network,13602.0,,,,,,,,
0.9237835998638992,0.9096098349619272,0.88429198935889,0.92600083414036,0.9325814325393486,0.8866382373845061,0.9720150890428984,0.1133617626154939,0.0674185674606514,0.920836242872116,0.95914488505172,HypergraphNN,graph,3.524250268936157,4.636872256844576e-06,1.133182,0,test,ToN-IoT-Network,5794.0,,,,,,,,
0.8065328342973801,0.4998643561204881,0.4492193488728576,0.7229403164585406,0.9968857840249136,0.0028429282160625,0.8084641638225256,0.9971570717839374,0.0031142159750862,0.8687278913188335,0.9423133226235638,DQN,rl,,,,0,test,ToN-IoT-Network,,9584.868074911736,41.67333945613799,0.2321197686287853,5.865217391304348,0.0,0.0015651582170806,0.0,0.1403198366791425
0.1317243384704856,0.5,0.1163926002055498,0.0306634765298715,0.0,1.0,0.0,0.0,1.0,0.8463122237845782,0.956030245274886,DoubleDQN,rl,,,,0,test,ToN-IoT-Network,,-9042.41000000001,-39.31482608695657,0.0,0.0,0.0382443007825791,0.0,0.7049336509016673,0.0
0.2282938257993385,0.490499027609369,0.216760386967094,0.1580387443947463,0.0661044381974614,0.9148936170212766,0.766798418972332,0.0851063829787234,0.9338955618025384,0.8684354723653948,0.9422341185368706,DuelingDQN,rl,,,,0,test,ToN-IoT-Network,,-31560.676603568245,-137.22033305899237,0.0140183735964613,0.7652173913043478,0.0008166042871725,0.0258591357604627,0.0104797550187138,0.0129295678802313
0.8085062946580469,0.5,0.4470574954846478,0.7228975983467983,1.0,0.0,0.8085062946580469,1.0,0.0,0.8637285394782314,0.9409815577657488,PPO,rl,,,,0,test,ToN-IoT-Network,,11982.149999999994,52.09630434782606,0.0,0.0,0.0,0.1836679142565498,0.0,0.0
0.8085062946580469,0.5,0.4470574954846478,0.7228975983467983,1.0,0.0,0.8085062946580469,1.0,0.0,0.8478265005009701,0.9324848606601254,A2C,rl,,,,0,test,ToN-IoT-Network,,14829.149999999994,64.47456521739127,0.0,0.0,0.0,1.0,0.0,0.0
0.8891310269681286,0.8517144689358598,0.8311647968685024,0.8921762078148313,0.9123841617523168,0.7910447761194029,0.9485023646873356,0.208955223880597,0.0876158382476832,0.8687842230656803,0.9422733836956196,CQL_Offline,rl,,,,0,test,ToN-IoT-Network,,-20854.70289826205,-90.67262129679152,3.997005784280368,8.0,0.0,0.0,0.0,3.873222184416468
0.623921085080148,0.5308659400149842,0.5129672224495208,0.6555291253269658,0.6826014452473597,0.3791304347826087,0.8209928129700819,0.6208695652173913,0.3173985547526403,0.8602793017054563,0.9407758865996672,RandomAcquisition,rl,,,,0,test,ToN-IoT-Network,,-2033.6664512191323,-8.842028048778836,0.8136100714528751,8.0,0.186049676760803,0.1810139503232392,0.181354202109561,0.7968696835658388
0.8886015651582171,0.8513762724128704,0.8304500227301579,0.89171658503497,0.911707768706338,0.7910447761194029,0.9485113835376532,0.208955223880597,0.0882922312936621,0.8687278913188335,0.9423133226235638,GreedyUncertainty,rl,,,,0,test,ToN-IoT-Network,,10407.870061168542,45.25160896160236,0.096019054100034,6.1347826086956525,0.0,0.0,0.0,0.0
0.8886015651582171,0.8513762724128704,0.8304500227301579,0.89171658503497,0.911707768706338,0.7910447761194029,0.9485113835376532,0.208955223880597,0.0882922312936621,0.8687278913188335,0.9423133226235638,GreedyCentrality,rl,,,,0,test,ToN-IoT-Network,,10160.928597116092,44.17795042224388,0.1252126573664511,8.0,0.0,0.0,0.0,0.0
0.8886015651582171,0.8513762724128704,0.8304500227301579,0.89171658503497,0.911707768706338,0.7910447761194029,0.9485113835376532,0.208955223880597,0.0882922312936621,0.8687278913188335,0.9423133226235638,StaticThreshold,rl,,,,0,test,ToN-IoT-Network,,10573.449999999992,45.97152173913041,0.0,0.0,0.0,0.0,0.0,0.0
1.0,1.0,1.0,1.0,1.0,1.0,1.0,0.0,0.0,0.8687278913188335,0.9423133226235638,OracleUpperBound,rl,,,,0,test,ToN-IoT-Network,,16142.549999999965,70.18499999999983,0.0,0.0,0.0,0.0,0.0,0.0
0.8541234439834025,0.7693826933575779,0.7802217844896768,0.8510001403956757,0.9219674864526888,0.6167979002624672,0.8938010183463995,0.3832020997375328,0.0780325135473113,0.8590595065432021,0.8933742782954562,LogisticRegression,classical_tree,1.761446475982666,1.548545983817073e-07,3.451779,1,test,ToN-IoT-Network,,,,,,,,,
0.803228734439834,0.5625535744394323,0.5566253084711915,0.7402647892020784,0.9959149645685702,0.1291921843102945,0.8000267881060809,0.8708078156897054,0.0040850354314297,0.8207829134599803,0.9007524610316964,LinearSVM,classical_tree,58.84594225883484,6.718352375188804e-07,26.787595,1,test,ToN-IoT-Network,,,,,,,,,
0.7782676348547718,0.549004366673146,0.5427147786973479,0.7249863022605361,0.961817423926636,0.1361913094196558,0.7957100489688944,0.8638086905803442,0.0381825760733639,0.7719630676289128,0.8732813328959228,GaussianNB,classical_tree,0.0335073471069335,6.780337495922548e-07,34.063523,1,test,ToN-IoT-Network,,,,,,,,,
0.9919605809128632,0.9863965628723256,0.9883287679525402,0.9919445408277292,0.9964151729887452,0.9763779527559056,0.9932685115931188,0.0236220472440944,0.0035848270112546,0.9970106505201508,0.9984861640313528,kNN,classical_tree,0.0045258998870849,2.5339347321957472e-05,6.67964,1,test,ToN-IoT-Network,,,,,,,,,
0.9979901452282156,0.9968334356287998,0.9970922489293592,0.9979896214291848,0.9989162150896208,0.994750656167979,0.9985,0.0052493438320209,0.0010837849103793,0.9961820754759412,0.9977978172608086,DecisionTree,classical_tree,0.2537145614624023,1.286848204759147e-07,15.822586,1,test,ToN-IoT-Network,,,,,,,,,
0.9988329875518672,0.9976877212982808,0.9983103949634348,0.9988322564827298,0.9997498957899124,0.9956255468066492,0.9987507287415676,0.0043744531933508,0.0002501042100875,0.9999840752155528,0.999995429884108,RandomForest,classical_tree,1.587348699569702,7.231793215660634e-06,213.317144,1,test,ToN-IoT-Network,,,,,,,,,
0.9966934647302904,0.99412539564276,0.9952082807446616,0.9966898326278452,0.9987494789495625,0.989501312335958,0.9970039946737684,0.0104986876640419,0.0012505210504376,0.9992229677695736,0.9997269158018044,ExtraTrees,classical_tree,1.1033575534820557,7.112769417742971e-06,187.352841,1,test,ToN-IoT-Network,,,,,,,,,
0.9968231327800828,0.9950418122842328,0.9954029187721348,0.996821973151242,0.9982492705293872,0.9918343540390784,0.9976670554907516,0.0081656459609215,0.0017507294706127,0.9993979458973076,0.9997571576248404,GradientBoosting,classical_tree,13.226877927780151,1.692425660572606e-06,18.693377,1,test,ToN-IoT-Network,,,,,,,,,
0.9982494813278008,0.9971043028402886,0.9974669144254622,0.9982488423486434,0.9991663192997082,0.9950422863808692,0.9985835694050992,0.0049577136191309,0.0008336807002917,0.9999858743515057,0.9999959590873396,HistGradientBoosting,classical_tree,2.2340378761291504,2.899558835999105e-06,59.70594,1,test,ToN-IoT-Network,,,,,,,,,
0.9983791493775932,0.9972918019817484,0.9976545503939463,0.9983785577302254,0.9992496873697374,0.9953339165937592,0.998666888851858,0.0046660834062408,0.0007503126302626,0.99995954375371,0.999988308061261,XGBoost,classical_tree,0.2424449920654297,2.163450747604687e-07,0.566398,1,test,ToN-IoT-Network,,,,,,,,,
0.9989626556016598,0.9985000068683232,0.9985000068683232,0.9989626556016598,0.9993330554397666,0.9976669582968796,0.9993330554397666,0.0023330417031204,0.0006669445602334,0.99998215451636,0.9999948416213752,LightGBM,classical_tree,0.340465784072876,6.193874782546427e-07,4.142855,1,test,ToN-IoT-Network,,,,,,,,,
0.9978604771784232,0.9967500675587706,0.9969052972324806,0.9978601427706932,0.9987494789495625,0.994750656167979,0.9984997499583264,0.0052493438320209,0.0012505210504376,0.999921445834277,0.9999759859216716,CatBoost,classical_tree,3.49612808227539,5.018012404936478e-07,0.846564,1,test,ToN-IoT-Network,,,,,,,,,
0.9617479253112032,0.9610363314839918,0.9464079443183856,0.9623316327799072,0.9623176323468112,0.9597550306211724,0.9881859429843336,0.0402449693788276,0.0376823676531888,0.9833319049652628,0.986815385682962,MLP,deep,4.8993659019470215,6.841472446671165e-06,2.902965,1,test,ToN-IoT-Network,6914.0,,,,,,,,
0.432863910701538,0.584083654412344,0.4313233983466571,0.4477600120881985,0.3117750146040223,0.8563922942206655,0.8836329233680227,0.1436077057793345,0.6882249853959777,0.6414909446292346,0.8495449269617615,1D-CNN,deep,8.845172643661499,8.59837133157678e-06,2.88982,1,test,ToN-IoT-Network,7042.0,,,,,,,,
0.979297812966448,0.9785605498039912,0.9705621718112702,0.9794674471704384,0.979888174914462,0.9772329246935202,0.9934010152284264,0.0227670753064798,0.0201118250855378,0.9960202425317556,0.9982323238919611,LSTM,deep,20.31567144393921,1.1994455146777171e-05,2.887712,1,test,ToN-IoT-Network,9538.0,,,,,,,,
0.9680057109481472,0.9720297834853512,0.9553398672401332,0.9685474744311492,0.964783443211216,0.9792761237594864,0.9938961485557084,0.0207238762405137,0.0352165567887841,0.994205792317478,0.9976487664893556,GRU,deep,18.02853488922119,1.567062547757861e-05,2.887984,1,test,ToN-IoT-Network,7170.0,,,,,,,,
0.957232786034136,0.9581207644864084,0.9404855693404298,0.9580174916854316,0.9565217391304348,0.9597197898423818,0.988103448275862,0.0402802101576182,0.0434782608695652,0.9926774913029884,0.997333919050174,CNN-LSTM,deep,24.63796877861023,1.6413407118720125e-05,2.88831,1,test,ToN-IoT-Network,12386.0,,,,,,,,
0.9628139399052502,0.9671284660468842,0.9483412425842273,0.9635255082752516,0.9593590920470668,0.9748978400467015,0.9925746848558108,0.0251021599532983,0.0406409079529333,0.9948824538791308,0.9981649304650364,CNN-BiLSTM,deep,77.92396807670593,2.733466146952978e-05,2.89394,1,test,ToN-IoT-Network,20898.0,,,,,,,,
0.3555714193004088,0.5380358480215136,0.354999102124298,0.344329563832402,0.2094634064925311,0.8666082895504962,0.8459723626558814,0.1333917104495038,0.790536593507469,0.5953472639459705,0.8224704181132944,TCN,deep,49.60830593109131,1.4667175538551182e-05,2.888702,1,test,ToN-IoT-Network,7042.0,,,,,,,,
0.9504185865403336,0.9236208412394304,0.9276282236843204,0.9501813791091966,0.9718768255027956,0.8753648569760654,0.964631823076286,0.1246351430239346,0.0281231744972043,0.9890023588096368,0.9965094725440726,TransformerEncoder,deep,170.72514009475708,1.3240052581614805e-05,2.894028,1,test,ToN-IoT-Network,9922.0,,,,,,,,
0.8549014522821576,0.8334028553503203,0.806132428978881,0.8601339095393602,0.8721133805752397,0.794692330125401,0.9369458128078818,0.205307669874599,0.1278866194247603,0.9063518008560726,0.9554448858544684,FT-Transformer,deep,47.4907341003418,1.4059740230750248e-05,2.895235,1,test,ToN-IoT-Network,2306.0,,,,,,,,
0.943853734439834,0.9423464938912648,0.9223702883331304,0.9450504953025688,0.9450604418507712,0.9396325459317584,0.982067053625574,0.0603674540682414,0.0549395581492288,0.9634689091680686,0.9698344438769912,GCN,graph,4.785380125045776,6.7921316722616615e-06,1.143795,1,test,ToN-IoT-Network,5794.0,,,,,,,,
0.9777619294605808,0.9698744531325691,0.9679736636917357,0.9778066981207174,0.9840766986244268,0.9556722076407116,0.9872867179658747,0.0443277923592884,0.0159233013755731,0.977903790232418,0.9790642844537112,GraphSAGE,graph,4.877933263778687,5.807325676763701e-06,1.092218,1,test,ToN-IoT-Network,8098.0,,,,,,,,
0.9393801867219918,0.9317645961894058,0.9155527451702444,0.940464970769203,0.9454772822009172,0.9180519101778944,0.9758217174324556,0.0819480898221055,0.0545227177990829,0.9521132857559124,0.9665794855460592,GAT,graph,7.536300897598267,9.311788185998117e-06,0.88562,1,test,ToN-IoT-Network,8354.0,,,,,,,,
0.940417531120332,0.9348265553925392,0.9172356356069448,0.9415620005423452,0.9448937057107129,0.9247594050743656,0.977743271221532,0.0752405949256343,0.0551062942892872,0.9670886734545148,0.9803482682153348,Protocol-role-GAT,graph,10.164258241653442,1.2993178797955334e-05,1.180606,1,test,ToN-IoT-Network,13602.0,,,,,,,,
0.9050829875518672,0.8759752745232259,0.8662361340322854,0.906270078600228,0.9283868278449354,0.8235637212015164,0.9484711694063538,0.1764362787984835,0.0716131721550646,0.924894486146714,0.9530051671159948,HypergraphNN,graph,6.794868469238281,9.117130174676412e-06,1.127799,1,test,ToN-IoT-Network,5794.0,,,,,,,,
0.4491401517788763,0.558341728519147,0.4348875172104613,0.4893424537574741,0.3783690094462258,0.738314447592068,0.8552399608227228,0.261685552407932,0.6216309905537741,0.8365603703366364,0.9151525816847484,DQN,rl,,,,1,test,ToN-IoT-Network,,-11659.70024318129,-48.3804989343622,0.4589600622406639,8.0,0.0225622406639004,0.0508298755186722,0.0016208506224066,0.3453060165975103
0.8798294697575273,0.8793117257127276,0.8792938553293137,0.8793645564338379,0.9381933438985736,0.8204301075268817,0.8417061611374408,0.1795698924731182,0.0618066561014263,0.9329112917426398,0.9094991330317514,DoubleDQN,rl,,,,1,test,ToN-IoT-Network,,-12553.242034782656,-52.08814122316455,1.7833246887966805,8.0,0.0041493775933609,0.017829356846473,6.483402489626556e-05,2.5981587136929463
0.4951456310679611,0.5079043690852578,0.4387770213016201,0.5565097084394156,0.4886292509910286,0.5271794871794871,0.8355333571173742,0.4728205128205128,0.5113707490089714,0.866211943699947,0.9412493109265432,DuelingDQN,rl,,,,1,test,ToN-IoT-Network,,7441.820109473657,30.878921616073264,0.5365663900414938,7.987551867219917,0.2093490663900415,0.3471213692946058,0.0413641078838174,0.4133169087136929
0.7671446181794589,0.4942662466879686,0.4371083456845097,0.6766237391702952,0.9853198765535074,0.0032126168224299,0.7758439511362144,0.99678738317757,0.0146801234464926,0.8588958687207823,0.9150029355090578,PPO,rl,,,,1,test,ToN-IoT-Network,,10408.399999999992,43.18838174273856,0.0,0.0,0.0,0.0246369294605809,0.0003890041493775,0.0
0.7776841286307054,0.5,0.4374703672635763,0.6804275227342581,1.0,0.0,0.7776841286307054,1.0,0.0,0.8597753924638815,0.9152187881907644,A2C,rl,,,,1,test,ToN-IoT-Network,,10295.75999999999,42.720995850622366,0.0,0.0,0.0,0.0,0.0,0.0
0.7776841286307054,0.5,0.4374703672635763,0.6804275227342581,1.0,0.0,0.7776841286307054,1.0,0.0,0.8597753924638815,0.9152187881907644,CQL_Offline,rl,,,,1,test,ToN-IoT-Network,,10295.75999999999,42.720995850622366,0.0,0.0,0.0,0.0,0.0,0.0
0.611367292225201,0.5227092507129227,0.5129954911825636,0.6340883381353116,0.6829605081469208,0.3624579932789246,0.7883328020401658,0.6375420067210754,0.3170394918530793,0.8426914834956857,0.9083483791072546,RandomAcquisition,rl,,,,1,test,ToN-IoT-Network,,-3318.969097635312,-13.771656006785523,0.8179460580912863,8.0,0.1839989626556016,0.1860736514522821,0.1854253112033195,0.7951244813278008
0.85451244813278,0.7693204043533741,0.7805092832867355,0.8512898895921417,0.9227177990829512,0.615923009623797,0.8936616875252321,0.3840769903762029,0.0772822009170487,0.8597753924638815,0.9152187881907644,GreedyUncertainty,rl,,,,1,test,ToN-IoT-Network,,9880.49007048634,40.99788410990183,0.125,8.0,0.0,0.0,0.0,0.0
0.85451244813278,0.7693204043533741,0.7805092832867355,0.8512898895921417,0.9227177990829512,0.615923009623797,0.8936616875252321,0.3840769903762029,0.0772822009170487,0.8597753924638815,0.9152187881907644,GreedyCentrality,rl,,,,1,test,ToN-IoT-Network,,9678.025429783522,40.15778186632167,0.125,8.0,0.0,0.0,0.0,0.0
0.85451244813278,0.7693204043533741,0.7805092832867355,0.8512898895921417,0.9227177990829512,0.615923009623797,0.8936616875252321,0.3840769903762029,0.0772822009170487,0.8597753924638815,0.9152187881907644,StaticThreshold,rl,,,,1,test,ToN-IoT-Network,,10111.25999999999,41.955435684647256,0.0,0.0,0.0,0.0,0.0,0.0
1.0,1.0,1.0,1.0,1.0,1.0,1.0,0.0,0.0,0.8597753924638815,0.9152187881907644,OracleUpperBound,rl,,,,1,test,ToN-IoT-Network,,16467.959999999963,68.331784232365,0.0,0.0,0.0,0.0,0.0,0.0
0.8642399730367375,0.7655596274240342,0.7874986486486486,0.8578699696663297,0.944632768361582,0.5864864864864865,0.8875459371171907,0.4135135135135135,0.055367231638418,0.8753739397807194,0.9397117811625582,LogisticRegression,classical_tree,2.126384258270264,1.502350439798724e-07,3.47452,2,test,ToN-IoT-Network,,,,,,,,,
0.80438153016515,0.5661846983880883,0.5614789051518808,0.7413293679254952,0.9984354628422424,0.1339339339339339,0.7993180711154408,0.8660660660660661,0.0015645371577574,0.8181346666092428,0.8935813509332515,LinearSVM,classical_tree,64.55435919761658,6.78918399431507e-07,26.964845,2,test,ToN-IoT-Network,,,,,,,,,
0.2246713852376137,0.4998103057425091,0.1837663129376909,0.0830740617928945,0.0005215123859191,0.9990990990990992,0.6666666666666666,0.0009009009009009,0.9994784876140808,0.7509317922877244,0.8602335806671274,GaussianNB,classical_tree,0.0303194522857666,5.808349084805912e-07,34.314598,2,test,ToN-IoT-Network,,,,,,,,,
0.9900235928547354,0.981298573671455,0.9855458070424292,0.989979124108628,0.9971316818774446,0.9654654654654654,0.9900750841460256,0.0345345345345345,0.0028683181225554,0.9954197744028253,0.9974622819090984,kNN,classical_tree,0.0046193599700927,2.4622781211613884e-05,6.452428,2,test,ToN-IoT-Network,,,,,,,,,
0.9983147960903268,0.9976332264467858,0.9975801392155126,0.9983148859676056,0.9988700564971752,0.9963963963963964,0.9989568845618916,0.0036036036036036,0.0011299435028248,0.9969645003543308,0.9982790419145412,DecisionTree,classical_tree,0.2513630390167236,1.1071557744729789e-07,15.927167,2,test,ToN-IoT-Network,,,,,,,,,
0.9989888776541962,0.9981745108863752,0.9985468428987336,0.9989884994773092,0.9996523250760538,0.9966966966966968,0.9990444753300904,0.0033033033033033,0.0003476749239461,0.9999790664197444,0.9999938800592952,RandomForest,classical_tree,1.6531600952148438,8.093197819035102e-06,218.3621,2,test,ToN-IoT-Network,,,,,,,,,
0.9964273677114932,0.9940691669505228,0.9948611162172828,0.9964244991190128,0.998348544111256,0.9897897897897898,0.9970486111111112,0.0102102102102102,0.001651455888744,0.9992239958341652,0.9997348112838416,ExtraTrees,classical_tree,1.1837129592895508,6.475985391717749e-06,183.111106,2,test,ToN-IoT-Network,,,,,,,,,
0.9966970003370408,0.995096530689751,0.9952550478600698,0.9966964713742832,0.99800086918731,0.9921921921921922,0.997740702120264,0.0078078078078078,0.0019991308126901,0.9988655931028814,0.9993842889880056,GradientBoosting,classical_tree,13.336042642593384,1.8869540809500205e-06,18.812172,2,test,ToN-IoT-Network,,,,,,,,,
0.9984496124031008,0.997186691254488,0.9977708727092958,0.998448700341455,0.9994784876140808,0.9948948948948948,0.9985237929836748,0.0051051051051051,0.0005215123859191,0.99996765996766,0.9999905901242286,HistGradientBoosting,classical_tree,1.7237744331359863,1.7918437910192455e-06,59.168341,2,test,ToN-IoT-Network,,,,,,,,,
0.9987192450286484,0.9977872918550884,0.998159334338396,0.9987187660045918,0.9994784876140808,0.996096096096096,0.998870743571925,0.0039039039039039,0.0005215123859191,0.9999702440380408,0.9999912340347816,XGBoost,classical_tree,0.2658107280731201,2.717987873114678e-07,0.570118,2,test,ToN-IoT-Network,,,,,,,,,
0.9989214694978092,0.9980243607362252,0.9984498000910892,0.9989210083765514,0.9996523250760538,0.9963963963963964,0.998957699991314,0.0036036036036036,0.0003476749239461,0.9999837125260856,0.9999952740295128,LightGBM,classical_tree,0.4057047367095947,9.722045908723168e-07,4.145737,2,test,ToN-IoT-Network,,,,,,,,,
0.998382204246714,0.9973566134583084,0.9976751970558452,0.9983816857229216,0.9992177314211212,0.9954954954954957,0.9986968986187126,0.0045045045045045,0.0007822685788787,0.9995380778431626,0.9998382068955012,CatBoost,classical_tree,4.216743469238281,4.593997360039209e-07,0.852144,2,test,ToN-IoT-Network,,,,,,,,,
0.9487698011459388,0.9518207908038416,0.9298854725156724,0.9499373476361332,0.946284224250326,0.9573573573573574,0.987124852661166,0.0426426426426426,0.053715775749674,0.9806158048530932,0.985299946025998,MLP,deep,5.007350444793701,5.9668126635009845e-06,2.915708,2,test,ToN-IoT-Network,6914.0,,,,,,,,
0.2329284750337382,0.5029590505188591,0.1966342075409887,0.102499551853445,0.0131361461505002,0.992781954887218,0.8628571428571429,0.0072180451127819,0.9868638538494998,0.6152307868409606,0.8431812655163431,1D-CNN,deep,8.573128461837769,8.445905770367457e-06,2.91176,2,test,ToN-IoT-Network,7042.0,,,,,,,,
0.9826585695006748,0.9793090163425092,0.9752948921949292,0.982730467968992,0.9853849499782514,0.9732330827067668,0.9922039243167484,0.026766917293233,0.0146150500217485,0.9955634584503886,0.998133575507126,LSTM,deep,19.757774591445923,1.0502418847540934e-05,2.908522,2,test,ToN-IoT-Network,9538.0,,,,,,,,
0.979757085020243,0.9764767290126142,0.9712367134124202,0.9798669435185338,0.9824271422357548,0.9705263157894736,0.9913967167061716,0.0294736842105263,0.0175728577642453,0.9954405020816504,0.9982334033261506,GRU,deep,17.86000657081604,1.4172504466233144e-05,2.907846,2,test,ToN-IoT-Network,7170.0,,,,,,,,
0.9468960863697706,0.9503771826259864,0.9274614494466598,0.948160313175224,0.9440626359286648,0.9566917293233084,0.9869043288468534,0.0433082706766917,0.0559373640713353,0.9905164389878568,0.9964426115420848,CNN-LSTM,deep,21.77791476249695,1.299221988631646e-05,2.908105,2,test,ToN-IoT-Network,12386.0,,,,,,,,
0.9521592442645074,0.9518461442863356,0.9339267262134676,0.9530609166408271,0.9524140930839496,0.9512781954887218,0.9854185418541854,0.0487218045112781,0.0475859069160504,0.9911349229969224,0.9965800966287056,CNN-BiLSTM,deep,35.82402753829956,1.398461711229744e-05,2.910296,2,test,ToN-IoT-Network,20898.0,,,,,,,,
0.7347503373819163,0.5515553346175356,0.5542273571308673,0.7106129735714432,0.8838625489343193,0.2192481203007519,0.7964879272499216,0.7807518796992481,0.1161374510656807,0.5858420954517656,0.8072864928812091,TCN,deep,11.604569673538208,1.167539964642441e-05,2.907171,2,test,ToN-IoT-Network,7042.0,,,,,,,,
0.977800269905533,0.9723295842913068,0.9683736168565436,0.977892311135402,0.9822531535450196,0.962406015037594,0.9890504555010512,0.037593984962406,0.0177468464549804,0.9946366481667412,0.9976278063289452,TransformerEncoder,deep,26.632709503173828,1.0754061453094687e-05,2.912632,2,test,ToN-IoT-Network,9922.0,,,,,,,,
0.8684866868891136,0.8661330169804746,0.8287801628401583,0.874217009718687,0.8704041720990874,0.8618618618618619,0.95608172617911,0.1381381381381381,0.1295958279009126,0.9124814775662232,0.950690626742307,FT-Transformer,deep,37.73419880867005,1.0954542195391165e-05,2.91492,2,test,ToN-IoT-Network,2306.0,,,,,,,,
0.9067071115604988,0.8876804444601054,0.8714521820529474,0.9085494981456534,0.9222077357670578,0.8531531531531531,0.9559419767546626,0.1468468468468468,0.0777922642329422,0.9397357070238426,0.9578086117422496,GCN,graph,3.0340499877929688,4.357459129690923e-06,1.140168,2,test,ToN-IoT-Network,5794.0,,,,,,,,
0.9717559824738792,0.9647200003132206,0.9598602113122928,0.971901807306098,0.9774880486744894,0.951951951951952,0.9859722952831844,0.048048048048048,0.0225119513255106,0.9763116963116965,0.9815522121490636,GraphSAGE,graph,3.305571794509888,3.624492757120316e-06,1.092949,2,test,ToN-IoT-Network,8098.0,,,,,,,,
0.9501179642736772,0.9404205378781648,0.9300283234261342,0.950689137859228,0.9580182529335072,0.9228228228228228,0.9772142920471673,0.0771771771771771,0.0419817470664928,0.960448336211048,0.9729377789815896,GAT,graph,5.164873600006104,6.678757701291353e-06,0.884085,2,test,ToN-IoT-Network,8354.0,,,,,,,,
0.9443208628244018,0.937963321861627,0.9227515711923088,0.9452453789601822,0.9495002172968274,0.9264264264264264,0.9780642850747604,0.0735735735735735,0.0504997827031725,0.964241438309235,0.976722513975401,Protocol-role-GAT,graph,6.248838663101196,7.591675056686376e-06,1.184977,2,test,ToN-IoT-Network,13602.0,,,,,,,,
0.8881698685540951,0.8176893320961118,0.831920691733254,0.885502260191699,0.9455888744024338,0.6897897897897898,0.913280725319006,0.3102102102102102,0.0544111255975662,0.887852754971399,0.9386992600316086,HypergraphNN,graph,4.020003795623779,5.982787592225417e-06,1.141766,2,test,ToN-IoT-Network,5794.0,,,,,,,,
0.7006432459178624,0.7122154840111287,0.6879244058859968,0.7088626923763638,0.6773953948997277,0.7470355731225297,0.8423645320197044,0.2529644268774703,0.3226046051002723,0.8961709302678333,0.9103653618119316,DQN,rl,,,,2,test,ToN-IoT-Network,,5217.000222468148,22.48706992443168,0.0339737108190091,1.5603448275862069,0.0236602628918099,0.0983485001685204,0.2940343781597573,0.009571958206943
0.8790259908470771,0.5351933157272246,0.5358694656874402,0.8350889985214559,0.9937820765890248,0.0766045548654244,0.8827036030507583,0.9233954451345756,0.0062179234109751,0.7415910533068397,0.9280934926123634,DoubleDQN,rl,,,,2,test,ToN-IoT-Network,,14700.950000000004,63.36616379310347,6.740815638692282e-05,0.0086206896551724,0.0991573980451634,0.6949780923491743,0.043613077182339,0.0
0.881661600810537,0.5018720130053769,0.4882101739990226,0.8445624138128254,0.9801219787666592,0.0236220472440944,0.8974146845915202,0.9763779527559056,0.0198780212333408,0.7237924849127312,0.9379447935472752,DuelingDQN,rl,,,,2,test,ToN-IoT-Network,,13021.95061328252,56.12909747104534,0.0167172227839568,0.4827586206896552,0.0792719919110212,0.4630266262217728,0.2475901584091675,0.0138186720593191
0.775530839231547,0.5,0.4367881548974943,0.6774853686681054,1.0,0.0,0.775530839231547,1.0,0.0,0.8425127865805832,0.9159226218054282,PPO,rl,,,,2,test,ToN-IoT-Network,,12718.349999999997,54.82047413793102,0.0,0.0,0.0,0.9995955510616784,0.0,0.0
0.775530839231547,0.5,0.4367881548974943,0.6774853686681054,1.0,0.0,0.775530839231547,1.0,0.0,0.8425799202070389,0.9159220620918358,A2C,rl,,,,2,test,ToN-IoT-Network,,12720.149999999998,54.82823275862068,0.0,0.0,0.0,1.0,0.0,0.0
0.775530839231547,0.5,0.4367881548974943,0.6774853686681054,1.0,0.0,0.775530839231547,1.0,0.0,0.861414687177399,0.9242065082141558,CQL_Offline,rl,,,,2,test,ToN-IoT-Network,,9813.14999999999,42.29806034482755,0.0,0.0,0.0,0.0,0.0,0.0
0.6046848856664807,0.5134899536445886,0.504758637648716,0.628109364963419,0.6779563719862227,0.3490235353029544,0.7841965471447543,0.6509764646970456,0.3220436280137773,0.8512141777534269,0.9215669218916428,RandomAcquisition,rl,,,,2,test,ToN-IoT-Network,,-3332.093144292905,-14.362470449538383,0.816582406471183,8.0,0.1867205931917762,0.1845635321873946,0.1840916750926862,0.79211324570273
0.8520390967307044,0.7591871532549499,0.7743124788085431,0.8472983622812824,0.927683615819209,0.5906906906906907,0.886756397474244,0.4093093093093093,0.0723163841807909,0.861414687177399,0.9242065082141558,GreedyUncertainty,rl,,,,2,test,ToN-IoT-Network,,9537.223876562592,41.10872360587325,0.1251095382541287,8.0,0.0,0.0,0.0,0.0
0.8520390967307044,0.7591871532549499,0.7743124788085431,0.8472983622812824,0.927683615819209,0.5906906906906907,0.886756397474244,0.4093093093093093,0.0723163841807909,0.861414687177399,0.9242065082141558,GreedyCentrality,rl,,,,2,test,ToN-IoT-Network,,9358.347297697605,40.33770386938623,0.1251095382541287,8.0,0.0,0.0,0.0,0.0
0.8520390967307044,0.7591871532549499,0.7743124788085431,0.8472983622812824,0.927683615819209,0.5906906906906907,0.886756397474244,0.4093093093093093,0.0723163841807909,0.861414687177399,0.9242065082141558,StaticThreshold,rl,,,,2,test,ToN-IoT-Network,,9776.149999999994,42.13857758620687,0.0,0.0,0.0,0.0,0.0,0.0
1.0,1.0,1.0,1.0,1.0,1.0,1.0,0.0,0.0,0.861414687177399,0.9242065082141558,OracleUpperBound,rl,,,,2,test,ToN-IoT-Network,,15807.149999999963,68.13426724137916,0.0,0.0,0.0,0.0,0.0,0.0
0.7717250973288363,0.8669775784410225,0.518276234163964,0.8509357353268981,0.7669267762476544,0.9670283806343908,0.998944865904477,0.0329716193656093,0.2330732237523456,0.969222935929313,0.9981526721930072,LogisticRegression,classical_tree,1.8290891647338867,1.7406973412502213e-07,41.707474,0,test,CICIoT2023,,,,,,,,,
0.985928602167756,0.7902550752250097,0.8293437439808873,0.984973168025587,0.9957856095485168,0.5847245409015025,0.9898580121703854,0.4152754590984975,0.0042143904514832,0.9894610324105386,0.999533542546121,LinearSVM,classical_tree,12.01659607887268,5.34077756028037e-07,42.897468,0,test,CICIoT2023,,,,,,,,,
0.9542429367787908,0.974727388481125,0.7434028771674437,0.9648439506733296,0.9532110373963064,0.9962437395659433,0.9999031935376308,0.0037562604340567,0.0467889626036934,0.985899614930955,0.999478572156638,GaussianNB,classical_tree,0.0481221675872802,5.367168031410619e-07,74.344388,0,test,CICIoT2023,,,,,,,,,
0.9868993885046888,0.8878477183679474,0.8674195397807585,0.987243264342309,0.991889092829384,0.7838063439065108,0.9946735218508996,0.2161936560934891,0.0081109071706161,0.9884234448901974,0.9995399084464172,kNN,classical_tree,0.0122230052947998,2.63235261882926e-05,99.959802,0,test,CICIoT2023,,,,,,,,,
0.991332979713568,0.9892498434126502,0.9203941243231816,0.9919376555586308,0.9914379172092735,0.9870617696160268,0.9996794838656312,0.0129382303839732,0.0085620827907262,0.990491567102094,0.9995462345001528,DecisionTree,classical_tree,0.3135349750518799,8.303692543694767e-08,24.906615,0,test,CICIoT2023,,,,,,,,,
0.993344609133398,0.9847844077773048,0.9360362025617164,0.993677269109374,0.9937758272407534,0.9757929883138564,0.9994019015406193,0.0242070116861435,0.0062241727592465,0.9989770573704996,0.9999750387103548,RandomForest,classical_tree,1.713158130645752,1.5962727439536083e-06,315.45227,0,test,CICIoT2023,,,,,,,,,
0.989041123309881,0.9923503983316158,0.9038588516730834,0.9900147436689328,0.9888744193677388,0.9958263772954924,0.9998963171864632,0.0041736227045075,0.0111255806322611,0.99855901035939,0.9999648743534308,ExtraTrees,classical_tree,1.0618245601654053,1.4733757081883788e-06,254.719098,0,test,CICIoT2023,,,,,,,,,
0.9960167735866052,0.9647801309727424,0.9580665221455978,0.9960455192402136,0.9975903120289572,0.9319699499165276,0.998327364521657,0.0680300500834724,0.0024096879710427,0.9994340682649118,0.9999861485844038,GradientBoosting,classical_tree,35.6012122631073,2.27696555410444e-06,28.969268,0,test,CICIoT2023,,,,,,,,,
0.9953662466597945,0.9599686851834122,0.9514225650093832,0.9954092498206998,0.9971493904002132,0.922787979966611,0.9981012008621576,0.0772120200333889,0.0028506095997867,0.9992428993720364,0.9999815007150412,HistGradientBoosting,classical_tree,1.163182020187378,5.118439034067301e-07,90.910799,0,test,CICIoT2023,,,,,,,,,
0.995856643881544,0.9614412328091364,0.9562403872958196,0.9958799791822016,0.9975903120289572,0.9252921535893156,0.9981634809730472,0.0747078464106844,0.0024096879710427,0.9993721356121342,0.999984630132556,XGBoost,classical_tree,0.3487823009490967,1.512942325935375e-07,1.613256,0,test,CICIoT2023,,,,,,,,,
0.9956764979633504,0.98333279395741,0.9563879683264498,0.9957966375037692,0.9962983091168236,0.9703672787979968,0.9992697952341284,0.0296327212020033,0.0037016908831762,0.9993209469682568,0.9999834045298546,LightGBM,classical_tree,0.5342082977294922,2.533652256802131e-07,4.905963,0,test,CICIoT2023,,,,,,,,,
0.9959267006275084,0.9665659752674756,0.957349093210438,0.9959668907097398,0.9974057401843668,0.9357262103505845,0.9984192806700608,0.0642737896494157,0.0025942598156332,0.9993726063713372,0.9999846604092578,CatBoost,classical_tree,2.4862797260284424,9.576209564830521e-08,3.200408,0,test,CICIoT2023,,,,,,,,,
0.9851980103884146,0.8888081163577062,0.8554229052569184,0.985829983044549,0.9900536283748448,0.7875626043405676,0.9947559291998928,0.2124373956594324,0.009946371625155,0.8613691843970133,0.9906898523171194,MLP,deep,7.068077325820923,5.294081220314823e-06,4.083008,0,test,CICIoT2023,7298.0,,,,,,,,
0.8875220211402947,0.8837557218026818,0.6059371150968803,0.9230689854548538,0.8877117774951799,0.8797996661101837,0.9966838232754154,0.1202003338898163,0.1122882225048201,0.9423122137728966,0.9977726232831852,1D-CNN,deep,11.522284507751465,9.507138919249933e-06,4.078653,0,test,CICIoT2023,7618.0,,,,,,,,
0.9691603939782192,0.9107185366512114,0.7765795079067438,0.9740583305435336,0.9721048529351438,0.8493322203672788,0.9962059506668488,0.1506677796327212,0.0278951470648562,0.9874798231529036,0.999689895359324,LSTM,deep,30.39700818061829,1.00451223862469e-05,4.076961,0,test,CICIoT2023,10306.0,,,,,,,,
0.957569266495836,0.9190292968898472,0.7380658699631237,0.9663465222076082,0.9595110144808632,0.8785475792988314,0.9968993404438952,0.1214524207011686,0.0404889855191368,0.982974424666016,0.9995731626573128,GRU,deep,22.705130338668823,1.407361456326076e-05,4.07657,0,test,CICIoT2023,7746.0,,,,,,,,
0.9769979180012812,0.9106625248094022,0.8124874446788307,0.9796982694484822,0.9803400746605406,0.8409849749582637,0.9960300921101988,0.1590150250417362,0.0196599253394593,0.9877976451981372,0.999696597324952,CNN-LSTM,deep,33.386571645736694,1.1391703857969276e-05,4.078509,0,test,CICIoT2023,12962.0,,,,,,,,
0.9835842408712364,0.9278782347930118,0.8545400324239265,0.9849748211956384,0.9863908602371088,0.8693656093489148,0.9967562750015544,0.1306343906510851,0.0136091397628912,0.9896700548109644,0.9997413818441938,CNN-BiLSTM,deep,55.07490420341492,1.364922500588358e-05,4.079903,0,test,CICIoT2023,21474.0,,,,,,,,
0.97464565983344,0.8184691476536868,0.7700683151979011,0.9765495631734452,0.9825142552405955,0.654424040066778,0.9914313212116196,0.345575959933222,0.0174857447594043,0.8550958371773167,0.9924041507560262,TCN,deep,18.27666997909546,1.3800346263320991e-05,4.076216,0,test,CICIoT2023,7618.0,,,,,,,,
0.983053731582319,0.9632282986172342,0.8592932067016823,0.984925428724705,0.9840525905566724,0.9424040066777964,0.9985638613397716,0.0575959933222036,0.0159474094433277,0.9932891042097962,0.9998350965930324,TransformerEncoder,deep,34.23659110069275,1.1053396905560588e-05,4.082308,0,test,CICIoT2023,10114.0,,,,,,,,
0.9766210630610794,0.9788634018049456,0.8279856711462021,0.9802152867477408,0.9765081057801748,0.9812186978297162,0.999527692937435,0.0187813021702838,0.023491894219825,0.9920134353135855,0.999804938424138,FT-Transformer,deep,59.3551664352417,1.1895731543221396e-05,4.083879,0,test,CICIoT2023,2306.0,,,,,,,,
0.9809445650977292,0.9202155762168822,0.8366330867859346,0.982813172157894,0.9840037734688228,0.8564273789649416,0.9964280893393004,0.1435726210350584,0.0159962265311772,0.9083865486669066,0.995341614589776,GCN,graph,4.220130443572998,3.891055445248786e-06,1.873441,0,test,CICIoT2023,6178.0,,,,,,,,
0.9795734544981436,0.9036359549240018,0.824339867671134,0.9815516787441984,0.9833987879782206,0.823873121869783,0.9956190436642236,0.176126878130217,0.0166012120217794,0.8902805569927026,0.9943345506012888,GraphSAGE,graph,3.905161142349243,3.4414033356520736e-06,1.992613,0,test,CICIoT2023,8674.0,,,,,,,,
0.963320289434442,0.959429267890523,0.7681257155127542,0.9706680846546056,0.9635162987192764,0.9553422370617696,0.9988625733480738,0.0446577629382303,0.0364837012807235,0.9639854701798268,0.9980091518517656,GAT,graph,5.9791579246521,5.1195438069545805e-06,2.09694,0,test,CICIoT2023,8930.0,,,,,,,,
0.981535043385142,0.9213322855203524,0.8403820979760098,0.9832851464204292,0.9845677429939604,0.8580968280467446,0.9964714917287616,0.1419031719532554,0.0154322570060396,0.9132624692087103,0.9950129150772468,Protocol-role-GAT,graph,8.028296947479248,7.844016350081945e-06,1.535804,0,test,CICIoT2023,14946.0,,,,,,,,
0.982225602738218,0.8129881377068928,0.8112142090171568,0.9822759536254426,0.9907508997877424,0.6352253756260434,0.9910354377147546,0.3647746243739566,0.0092491002122576,0.7320787149787036,0.9851302498467605,HypergraphNN,graph,5.671305418014526,5.786771750144472e-06,1.535292,0,test,CICIoT2023,6178.0,,,,,,,,
0.959659865572751,0.7750058881115469,0.7027764157329255,0.9648118769231464,0.9697248720120806,0.5802869042110134,0.9886474578816932,0.4197130957889866,0.0302751279879194,0.8619693685487313,0.9926317478004753,DQN,rl,,,,0,test,CICIoT2023,,109734.72028957352,70.25270184991903,0.5621353296169898,7.838028169014085,0.0001200972787958,0.7646893984127143,0.0877510783734825,0.493689888809936
0.9756437727428332,0.5380106490988953,0.5277944276384402,0.9787631504232244,0.9842781789317356,0.091743119266055,0.9910664793162568,0.908256880733945,0.0157218210682644,0.7895963991384446,0.995700312478354,DoubleDQN,rl,,,,0,test,CICIoT2023,,122945.94572067156,78.71059265087808,0.1322871525936008,1.0473751600512164,0.0901029834165674,0.6529188642800668,0.1062160349883405,0.1181256818022598
0.9779964342939677,0.7794975192773924,0.7781692302253593,0.9780487003022604,0.9885850563800967,0.5704099821746881,0.988836907684469,0.4295900178253119,0.0114149436199032,0.8666215663244285,0.9928948141750732,DuelingDQN,rl,,,,0,test,CICIoT2023,,139300.44288373602,89.18082130840975,0.282138532211091,7.78169014084507,0.1107096748366176,0.8303926180205967,0.0001701378116274,0.1668251283539667
0.9760205766671004,0.5,0.4939323953363519,0.9641763626614968,1.0,0.0,0.9760205766671004,1.0,0.0,0.7152868625982448,0.985966490025706,PPO,rl,,,,0,test,CICIoT2023,,177825.30999999927,113.84462868117753,0.0,0.0,0.0,1.0,0.0,0.0
0.9760205766671004,0.5,0.4939323953363519,0.9641763626614968,1.0,0.0,0.9760205766671004,1.0,0.0,0.7152868625982448,0.985966490025706,A2C,rl,,,,0,test,CICIoT2023,,177825.30999999927,113.84462868117753,0.0,0.0,0.0,1.0,0.0,0.0
0.92177300844127,0.5,0.4796471822595273,0.8842516523634852,1.0,0.0,0.92177300844127,1.0,0.0,0.9644003907552108,0.9953480634549065,CQL_Offline,rl,,,,0,test,CICIoT2023,,30630.90999999984,19.6100576184378,0.0,0.0,0.0,0.0,0.707152793762948,0.0
0.6506894722885176,0.5145765574744465,0.4176089504985774,0.7681273710326657,0.6576466391479386,0.3715064758009543,0.97673890556803,0.6284935241990457,0.3423533608520613,0.8378342689022313,0.9927910382508452,RandomAcquisition,rl,,,,0,test,CICIoT2023,,-55004.7800014953,-35.21432778584847,0.8187131576577027,8.0,0.1848697444930393,0.1852600606491257,0.1847096147879782,0.7987670012710295
0.6604049279916733,0.810560667876866,0.4549421921538824,0.7735405534762214,0.6528408683079889,0.9682804674457428,0.9988077122193808,0.031719532554257,0.3471591316920111,0.9668001865302028,0.9980249262361528,GreedyUncertainty,rl,,,,0,test,CICIoT2023,,-20962.15261253409,-13.420072095092246,0.1250612996527187,8.0,0.0,0.0,0.0,0.0
0.6604049279916733,0.810560667876866,0.4549421921538824,0.7735405534762214,0.6528408683079889,0.9682804674457428,0.9988077122193808,0.031719532554257,0.3471591316920111,0.9668001865302028,0.9980249262361528,GreedyCentrality,rl,,,,0,test,CICIoT2023,,-21910.275823826567,-14.027065188109198,0.1250612996527187,8.0,0.0,0.0,0.0,0.0
0.6604049279916733,0.810560667876866,0.4549421921538824,0.7735405534762214,0.6528408683079889,0.9682804674457428,0.9988077122193808,0.031719532554257,0.3471591316920111,0.9668001865302028,0.9980249262361528,StaticThreshold,rl,,,,0,test,CICIoT2023,,-19218.090000000146,-12.303514724712,0.0,0.0,0.0,0.0,0.0,0.0
1.0,1.0,1.0,1.0,1.0,1.0,1.0,0.0,0.0,0.9668001865302028,0.9980249262361528,OracleUpperBound,rl,,,,0,test,CICIoT2023,,126499.50999999756,80.98560179257206,0.0,0.0,0.0,0.0,0.0,0.0
0.7604280323126358,0.860969030212754,0.5111083697257266,0.843510122846398,0.7553689003753615,0.9665691600501464,0.9989150041365468,0.0334308399498537,0.2446310996246384,0.9689329392816988,0.9982948576715436,LogisticRegression,classical_tree,2.329726457595825,1.1868304507694373e-07,41.707518,1,test,CICIoT2023,,,,,,,,,
0.9854152694221164,0.7921786574039109,0.825944387188448,0.984566399088334,0.9951387606916496,0.5892185541161722,0.989970922817936,0.4107814458838278,0.0048612393083502,0.9896538860115708,0.9995532688208416,LinearSVM,classical_tree,11.460303783416748,3.491733514252716e-07,42.896839,1,test,CICIoT2023,,,,,,,,,
0.9529624921170382,0.9742735280494788,0.739530123819963,0.9640152819073202,0.9518901400939428,0.9966569160050146,0.9999138144640876,0.0033430839949853,0.048109859906057,0.984540452251488,0.9994263117205808,GaussianNB,classical_tree,0.0548369884490966,7.016807778163074e-07,74.329456,1,test,CICIoT2023,,,,,,,,,
0.986426290553459,0.8899162625276827,0.8643534044527693,0.986869400355384,0.9912825877381904,0.788549937317175,0.9947922027129948,0.2114500626828249,0.0087174122618095,0.9817510431858816,0.9992136562726404,kNN,classical_tree,0.0140316486358642,2.435830540637425e-05,99.94729,1,test,CICIoT2023,,,,,,,,,
0.9921220432636964,0.9880155713670268,0.9263642574850156,0.9926159023175192,0.9923286772096076,0.9837024655244464,0.9995970949512898,0.0162975344755537,0.0076713227903923,0.99040790649342,0.9995378368998352,DecisionTree,classical_tree,0.4173955917358398,7.863834654397426e-08,24.906569,1,test,CICIoT2023,,,,,,,,,
0.9932231553869408,0.984910971737087,0.9349763270332714,0.9935699873738588,0.9936414169384448,0.9761805265357292,0.9994120256233044,0.0238194734642707,0.0063585830615551,0.998970999922351,0.9999748922310014,RandomForest,classical_tree,1.7842018604278564,1.740453956824029e-06,304.571588,1,test,CICIoT2023,,,,,,,,,
0.9890189090981892,0.9902984079439336,0.903299013998816,0.9899822280690154,0.9889545258753308,0.9916422900125366,0.9997926365229292,0.0083577099874634,0.0110454741246692,0.9986684544379706,0.9999675208320664,ExtraTrees,classical_tree,1.1838383674621582,1.8226029864565069e-06,247.717348,1,test,CICIoT2023,,,,,,,,,
0.9964263906545612,0.971673411609314,0.9625288199240204,0.996460996030086,0.9976719381371404,0.9456748850814876,0.9986654210596556,0.0543251149185123,0.0023280618628597,0.9994753438255312,0.9999871688920848,GradientBoosting,classical_tree,35.590983867645264,2.296793409414798e-06,28.972876,1,test,CICIoT2023,,,,,,,,,
0.9960460064665312,0.959045845338445,0.9578327671250416,0.9960512301480396,0.9979078210571656,0.9201838696197242,0.9980408849866144,0.0798161303802758,0.0020921789428342,0.999403373370472,0.9999853995840366,HistGradientBoosting,classical_tree,1.463953733444214,6.42030191063042e-07,92.315192,1,test,CICIoT2023,,,,,,,,,
0.9957757334908256,0.957888318019565,0.9551055564682672,0.9957885654935044,0.9976821939162718,0.9180944421228584,0.9979892486355616,0.0819055578771416,0.0023178060837281,0.9993282421811428,0.999983563312138,XGBoost,classical_tree,0.3438961505889892,1.536991853043547e-07,1.612928,1,test,CICIoT2023,,,,,,,,,
0.9955354908457542,0.9838535507654508,0.9550948483249052,0.9956677292683934,0.9961233154882776,0.9715837860426244,0.9993003827317996,0.0284162139573756,0.0038766845117223,0.9992639710604798,0.9999817752451012,LightGBM,classical_tree,0.4306535720825195,2.526617855408475e-07,4.905779,1,test,CICIoT2023,,,,,,,,,
0.9962862491116028,0.9669138793726144,0.960808921085304,0.9963105108143392,0.9977642401493242,0.9360635185959048,0.9984298190700012,0.0639364814040952,0.0022357598506758,0.99948447674042,0.9999873926989534,CatBoost,classical_tree,2.515222311019897,9.971199146000741e-08,3.199352,1,test,CICIoT2023,,,,,,,,,
0.9786584450294796,0.7848448496047205,0.7775988625006502,0.9789293891423786,0.9884109695813592,0.5812787296280819,0.9897102014828812,0.4187212703719181,0.0115890304186409,0.79166440058091,0.9881986596804936,MLP,deep,7.287324905395508,5.692752816025338e-06,4.089635,1,test,CICIoT2023,7298.0,,,,,,,,
0.96671138520684,0.8770772282451035,0.7561907755237569,0.9718987001273292,0.9712184464525658,0.7829360100376411,0.9945486628993973,0.2170639899623588,0.0287815535474341,0.9133652092505324,0.9953991609826188,1D-CNN,deep,11.816104888916016,9.735383143781503e-06,4.077993,1,test,CICIoT2023,7618.0,,,,,,,,
0.98141844539666,0.8358577432510752,0.8140531436953822,0.9820189414032708,0.9887376529596996,0.6829778335424509,0.9921978734573302,0.3170221664575491,0.0112623470403003,0.9852160004298136,0.9996339822445992,LSTM,deep,36.93320798873901,1.0348949838728208e-05,4.077205,1,test,CICIoT2023,10306.0,,,,,,,,
0.9769532657883144,0.8145994271278484,0.7802177734736843,0.978202353589512,0.9851168801862696,0.644081974069427,0.991217115787518,0.355918025930573,0.0148831198137302,0.9821846382236376,0.999556395893079,GRU,deep,23.743510484695435,1.3924166330428649e-05,4.078759,1,test,CICIoT2023,7746.0,,,,,,,,
0.9825297344920108,0.8704931696605029,0.8322756924356736,0.9834245295044156,0.988163252746351,0.7528230865746549,0.9939028164654906,0.247176913425345,0.0118367472536489,0.9874262332158644,0.9996875468288302,CNN-LSTM,deep,42.69631385803223,1.2148539403486364e-05,4.079511,1,test,CICIoT2023,12962.0,,,,,,,,
0.979866645308558,0.9386892013476305,0.8350222373930903,0.9822051169603224,0.9819371647195184,0.8954412379757424,0.9973953449605134,0.1045587620242576,0.0180628352804816,0.9860452163081012,0.9996086820884972,CNN-BiLSTM,deep,70.28176641464233,1.3910558301921e-05,4.080249,1,test,CICIoT2023,21474.0,,,,,,,,
0.9675223258980418,0.7907973386312204,0.7273677410806254,0.9709960700259236,0.9764085626660376,0.6051861145964031,0.9901806796550756,0.3948138854035968,0.0235914373339624,0.8608545769844395,0.9929402004940928,TCN,deep,21.131152153015137,1.641376481306939e-05,4.077989,1,test,CICIoT2023,7618.0,,,,,,,,
0.9826098273997838,0.948049999518888,0.8530684857395096,0.9844261437792742,0.9843475941862492,0.9117524048515264,0.9978061510948448,0.0882475951484734,0.0156524058137507,0.9927150900168864,0.999821481020622,TransformerEncoder,deep,35.85479474067688,1.0629722541288764e-05,4.083267,1,test,CICIoT2023,10114.0,,,,,,,,
0.9789787685562418,0.9698690202004048,0.8377524233761502,0.981872906291014,0.979437162841261,0.9603008775595488,0.999006234570484,0.0396991224404513,0.0205628371587389,0.991906021680074,0.9998025321479334,FT-Transformer,deep,59.26793384552002,1.0782687217428223e-05,4.083506,1,test,CICIoT2023,2306.0,,,,,,,,
0.9804302345368824,0.9396327054490776,0.838474543461173,0.982644786972085,0.9824831292433286,0.8967822816548265,0.9974282888229477,0.1032177183451734,0.0175168707566713,0.9418959797594376,0.9972336075855436,GCN,graph,4.322628021240234,4.068900792345435e-06,1.868664,1,test,CICIoT2023,6178.0,,,,,,,,
0.9820018218400584,0.8764399180329674,0.8307822667945224,0.9830842833669046,0.9873136012142842,0.7655662348516507,0.9942063410100176,0.2344337651483493,0.0126863987857157,0.8407493502237486,0.991324992475594,GraphSAGE,graph,3.996791124343872,3.402448561823076e-06,1.990757,1,test,CICIoT2023,8674.0,,,,,,,,
0.9814312455580136,0.9444256064681916,0.8453467573603228,0.9834686645841726,0.9832933357947204,0.9055578771416632,0.9976483564508912,0.0944421228583368,0.0167066642052796,0.934117125574854,0.9964282839752536,GAT,graph,7.715161085128784,6.8461208007282176e-06,2.099603,1,test,CICIoT2023,8930.0,,,,,,,,
0.9761959579174968,0.8962930064183521,0.8041020839945319,0.978916141329392,0.9802166020552582,0.8123694107814459,0.9953241830337616,0.1876305892185541,0.0197833979447418,0.8870266849715824,0.9938319840151856,Protocol-role-GAT,graph,9.697052717208862,7.27572483248364e-06,1.918664,1,test,CICIoT2023,14946.0,,,,,,,,
0.9476070831539856,0.9509448062595892,0.7192396964905229,0.960321055999962,0.9474391319508544,0.9544504805683244,0.9988214942155909,0.0455495194316757,0.0525608680491456,0.9585855867140096,0.9981279914208092,HypergraphNN,graph,5.732099294662476,5.734625647288282e-06,1.676386,1,test,CICIoT2023,6178.0,,,,,,,,
0.6989545499165604,0.5557447938160671,0.4552364139632306,0.7922658230287598,0.7105739565006757,0.4009156311314584,0.968176764869372,0.5990843688685416,0.2894260434993243,0.7514233642744435,0.9851281956517765,DQN,rl,,,,1,test,CICIoT2023,,-50226.61478647053,-32.17592234879598,1.128770057758336,7.108263933376041,0.0,0.1185597453427962,0.5921080291094005,1.0177078849638137
0.609769792251544,0.3975306454944906,0.3942799580549645,0.7267397762163271,0.6281712105600268,0.1668900804289544,0.9477731092436976,0.8331099195710456,0.3718287894399733,0.9355669271827052,0.995763912882138,DoubleDQN,rl,,,,1,test,CICIoT2023,,-14723.28164488018,-9.431954929455593,0.1106917987167038,5.255605381165919,0.0046747214686833,0.0218620807015085,0.6047507983062893,0.0366269932631958
0.7837901555997457,0.424471579826453,0.444297380093731,0.8590544123493712,0.8007613414710879,0.0481818181818181,0.9733088600818324,0.9518181818181818,0.1992386585289121,0.6499438789518541,0.9857091499879722,DuelingDQN,rl,,,,1,test,CICIoT2023,,-7943.975336836204,-5.08902968407188,1.599405399453448,8.0,0.0132433758095676,0.6870339042432857,0.0060761368982672,1.4747595071021733
0.976045806264327,0.5,0.4939388566652313,0.9642138991981912,1.0,0.0,0.976045806264327,1.0,0.0,0.7203337274243965,0.9864167466097192,PPO,rl,,,,1,test,CICIoT2023,,177801.30999999915,113.90218449711668,0.0,0.0,0.0,1.0,0.0,0.0
0.976045806264327,0.5,0.4939388566652313,0.9642138991981912,1.0,0.0,0.976045806264327,1.0,0.0,0.7203337274243965,0.9864167466097192,A2C,rl,,,,1,test,CICIoT2023,,177801.30999999915,113.90218449711668,0.0,0.0,0.0,1.0,0.0,0.0
0.9506457272093172,0.5,0.4873492474563048,0.9265929595060248,1.0,0.0,0.9506457272093172,1.0,0.0,0.9750705777318688,0.9979261638120004,CQL_Offline,rl,,,,1,test,CICIoT2023,,53967.31000000025,34.572267777066145,0.0,0.0,0.0,0.0,0.5264116757925504,0.0
0.653372008701958,0.5270286604457555,0.4200035680295563,0.7701289899321534,0.6597871981084277,0.3942701227830832,0.9777744406066976,0.6057298772169167,0.3402128018915724,0.8561879031163617,0.9939513376221688,RandomAcquisition,rl,,,,1,test,CICIoT2023,,-54240.7617206795,-34.74744504848142,0.8156838406790858,8.0,0.1840959368962652,0.1861079690487392,0.1826444709156247,0.7981160972582308
0.6752620146347811,0.8246782807515294,0.463527987360301,0.7844116479109324,0.6677435234754784,0.9816130380275804,0.9993246665541112,0.0183869619724195,0.3322564765245215,0.9770667707107532,0.9987960841360662,GreedyUncertainty,rl,,,,1,test,CICIoT2023,,-14647.660122446729,-9.38351064858855,0.125006256318882,8.0,0.0,0.0,0.0,0.0
0.6752620146347811,0.8246782807515294,0.463527987360301,0.7844116479109324,0.6677435234754784,0.9816130380275804,0.9993246665541112,0.0183869619724195,0.3322564765245215,0.9770667707107532,0.9987960841360662,GreedyCentrality,rl,,,,1,test,CICIoT2023,,-15614.01728031215,-10.002573529988563,0.125006256318882,8.0,0.0,0.0,0.0,0.0
0.6752620146347811,0.8246782807515294,0.463527987360301,0.7844116479109324,0.6677435234754784,0.9816130380275804,0.9993246665541112,0.0183869619724195,0.3322564765245215,0.9770667707107532,0.9987960841360662,StaticThreshold,rl,,,,1,test,CICIoT2023,,-12909.590000000037,-8.27007687379887,0.0,0.0,0.0,0.0,0.0,0.0
1.0,1.0,1.0,1.0,1.0,1.0,1.0,0.0,0.0,0.9770667707107532,0.9987960841360662,OracleUpperBound,rl,,,,1,test,CICIoT2023,,126476.70999999756,81.02287636130528,0.0,0.0,0.0,0.0,0.0,0.0
0.7016734391576755,0.8336843470225002,0.4783120614734433,0.8030516327123541,0.6949180361502636,0.9724506578947368,0.9990119305696884,0.0275493421052631,0.3050819638497363,0.9733043200485596,0.9985671746409034,LogisticRegression,classical_tree,2.720774412155152,1.951059739684234e-07,41.707426,2,test,CICIoT2023,,,,,,,,,
0.9860480012811016,0.7994032121922103,0.8353904203166439,0.9852031865237424,0.9955991875423156,0.6032072368421053,0.9901548695137627,0.3967927631578947,0.0044008124576844,0.9908503182503868,0.9996070524696652,LinearSVM,classical_tree,18.89499306678772,6.479709856690133e-07,42.896256,2,test,CICIoT2023,,,,,,,,,
0.954090517845347,0.972864246395286,0.744354491833149,0.9646376913431924,0.9531298085800456,0.9925986842105264,0.9998063079058656,0.0074013157894736,0.0468701914199544,0.9851530577777382,0.9994175636642434,GaussianNB,classical_tree,0.0707483291625976,7.870266162969978e-07,74.340616,2,test,CICIoT2023,,,,,,,,,
0.9869988189843264,0.886490477425522,0.8692367309046409,0.9872882034462116,0.9921421390615704,0.7808388157894737,0.99451922384806,0.2191611842105263,0.0078578609384296,0.9870179263526654,0.9994592505677028,kNN,classical_tree,0.0172326564788818,3.463655890977862e-05,99.956706,2,test,CICIoT2023,,,,,,,,,
0.988730308064936,0.9892130009629309,0.9023151169782214,0.9897197598878794,0.9887056071890196,0.989720394736842,0.9997406800406614,0.0102796052631578,0.0112943928109804,0.9912788049129716,0.9995789835665784,DecisionTree,classical_tree,0.4008698463439941,1.0271084032536537e-07,24.906707,2,test,CICIoT2023,,,,,,,,,
0.9945353003583082,0.9885795759932468,0.94731919473194,0.9947649166876044,0.9948400730391252,0.9823190789473684,0.999556801550164,0.0176809210526315,0.0051599269608748,0.9990454757706956,0.9999763497072512,RandomForest,classical_tree,2.1032330989837646,2.7743452417174474e-06,308.737788,2,test,CICIoT2023,,,,,,,,,
0.989200712612847,0.9922605524542184,0.906101372921563,0.9901352077566736,0.989044131224226,0.9954769736842104,0.9998859217008036,0.0045230263157894,0.0109558687757739,0.9987937634775218,0.999970106263129,ExtraTrees,classical_tree,1.3758366107940674,2.2264864832400885e-06,253.393752,2,test,CICIoT2023,,,,,,,,,
0.9960466000760654,0.9663008383329068,0.9590310892144898,0.9960773907948962,0.9975687819289716,0.935032894736842,0.9983778733714568,0.0649671052631579,0.0024312180710284,0.999525779101324,0.9999882083287064,GradientBoosting,classical_tree,39.579487562179565,3.2160689084030724e-06,28.97155,2,test,CICIoT2023,,,,,,,,,
0.9953359889504976,0.9579181504088744,0.9515811301356214,0.9953682361616684,0.9972507745019592,0.9185855263157896,0.9979673962140188,0.0814144736842105,0.0027492254980406,0.9992643020162156,0.9999817162425194,HistGradientBoosting,classical_tree,1.99337124824524,3.987594522940119e-07,91.600251,2,test,CICIoT2023,,,,,,,,,
0.9958864623576276,0.9680229384790606,0.957655414288847,0.9959319673602268,0.9973123243265424,0.938733552631579,0.99846973882858,0.061266447368421,0.0026876756734576,0.9994199671410322,0.999985586707948,XGBoost,classical_tree,0.8872880935668945,1.355311571674785e-07,1.61316,2,test,CICIoT2023,,,,,,,,,
0.9952258942690714,0.9819172841220888,0.9527766084387088,0.9953697385063328,0.9959069366652306,0.9679276315789472,0.9991972087566,0.0320723684210526,0.0040930633347694,0.9980935245535208,0.9997936207730967,LightGBM,classical_tree,0.9733428955078124,2.640085949380335e-07,4.905825,2,test,CICIoT2023,,,,,,,,,
0.9954761094541306,0.9652066248532792,0.953567614195976,0.99553262203702,0.9970250918118216,0.9333881578947368,0.9983359697598456,0.0666118421052631,0.0029749081881783,0.9993244894097858,0.9999832247521794,CatBoost,classical_tree,3.549940586090088,1.930919891338485e-07,3.199832,2,test,CICIoT2023,,,,,,,,,
0.983786056008167,0.8066634678642427,0.8212059540354318,0.983400406914525,0.9928499620442748,0.6204769736842105,0.9905534858967536,0.3795230263157895,0.0071500379557251,0.7653146019400072,0.9859800873135748,MLP,deep,12.797305583953856,8.109164375900628e-06,4.095551,2,test,CICIoT2023,7298.0,,,,,,,,
0.9680377180952764,0.7963884360253106,0.7337963322110572,0.971349742812986,0.9768229246822,0.615953947368421,0.9902852031370264,0.3840460526315789,0.0231770753177998,0.8244957942580297,0.9906187717001652,1D-CNN,deep,26.895899772644043,1.6023485527786628e-05,4.079127,2,test,CICIoT2023,7618.0,,,,,,,,
0.9773771509224316,0.8927858802446226,0.8110198208270439,0.9796951386648014,0.9817066289102978,0.8038651315789473,0.9950395690560624,0.1961348684210526,0.0182933710897021,0.9881397610689284,0.9997016893536528,LSTM,deep,57.964558362960815,1.5894439881778156e-05,4.078049,2,test,CICIoT2023,10306.0,,,,,,,,
0.9814712859988588,0.8730336504244622,0.8282682976677531,0.9825737577979688,0.9870212482173454,0.759046052631579,0.9939455304376577,0.240953947368421,0.0129787517826546,0.985475625555856,0.9996241617058492,GRU,deep,46.78443264961243,3.079370015171011e-05,4.077998,2,test,CICIoT2023,7746.0,,,,,,,,
0.9833431766083744,0.8900299225770342,0.8448836275527782,0.9842996584534552,0.9881190556803842,0.7919407894736842,0.994773537158498,0.2080592105263158,0.0118809443196158,0.985924689490046,0.999579170777117,CNN-LSTM,deep,64.8854250907898,1.0994724361546568e-05,4.07747,2,test,CICIoT2023,12962.0,,,,,,,,
0.9521516731899218,0.9476146392564448,0.7322712837988279,0.9630858244169738,0.9523838837760472,0.942845394736842,0.9985048136395418,0.0571546052631578,0.0476161162239527,0.9856782983194582,0.9996204016699576,CNN-BiLSTM,deep,138.1481282711029,3.2141181942669565e-05,4.081381,2,test,CICIoT2023,21474.0,,,,,,,,
0.9804702749777277,0.7664761716077453,0.7822438975459969,0.9798900332576922,0.9914227379523326,0.5415296052631579,0.9885928835962596,0.4584703947368421,0.0085772620476674,0.7742840774414605,0.9882891080204604,TCN,deep,37.59098219871521,2.538090700917008e-05,4.077528,2,test,CICIoT2023,7618.0,,,,,,,,
0.983583419253446,0.9510935389805348,0.861340376238894,0.9851942296156672,0.9852462884873856,0.9169407894736842,0.9979008843304132,0.0830592105263157,0.0147537115126145,0.993301216187611,0.999832529148704,TransformerEncoder,deep,70.56451058387756,1.8690965067253327e-05,4.082798,2,test,CICIoT2023,10114.0,,,,,,,,
0.977360530055848,0.97637008087323,0.8327014293493036,0.9806956550581452,0.977411214378039,0.975328947368421,0.999370673379484,0.0246710526315789,0.0225887856219609,0.9925281457157002,0.9998146840538652,FT-Transformer,deep,103.61358499526978,2.222973940969361e-05,4.08413,2,test,CICIoT2023,2306.0,,,,,,,,
0.9822347218608004,0.9253443694125988,0.8471341673640224,0.9838470856844426,0.9851459756673028,0.8655427631578947,0.9966065109328462,0.1344572368421052,0.0148540243326973,0.92801030946064,0.9964319337373462,GCN,graph,9.269149541854858,7.610855848572497e-06,1.870439,2,test,CICIoT2023,6178.0,,,,,,,,
0.9819344636387292,0.710895597864761,0.7626111770266476,0.979680414846221,0.9958043536242588,0.4259868421052631,0.9858229493546192,0.5740131578947368,0.0041956463757411,0.6426335249037878,0.9818220731936032,GraphSAGE,graph,9.31773328781128,6.989467553729508e-06,1.985081,2,test,CICIoT2023,8674.0,,,,,,,,
0.9824749284384572,0.8637248794716758,0.831700379188156,0.983241802976513,0.988551732627562,0.7388980263157895,0.9934536757353016,0.2611019736842105,0.0114482673724379,0.8270094684821706,0.9903525913032926,GAT,graph,14.24495792388916,1.1683713039906214e-05,2.091248,2,test,CICIoT2023,8930.0,,,,,,,,
0.9807734651800548,0.956870048681052,0.8461874688150839,0.98306166184202,0.9819966763094724,0.9317434210526316,0.9982689038824524,0.0682565789473684,0.0180033236905274,0.956794975779604,0.9975657391347804,Protocol-role-GAT,graph,18.76484084129333,1.330817793555143e-05,1.529192,2,test,CICIoT2023,14946.0,,,,,,,,
0.9823147907200191,0.9422242906990116,0.8516629954005313,0.9840996551187466,0.984366344555918,0.9000822368421053,0.9974740387314062,0.0999177631578947,0.0156336554440819,0.9484882064765802,0.997447540471736,HypergraphNN,graph,10.59168004989624,5.337129012524257e-06,1.529933,2,test,CICIoT2023,6178.0,,,,,,,,
0.6313956603268149,0.7828703433993396,0.526503100963843,0.7122291978211028,0.6011104617182934,0.964630225080386,0.9946808510638298,0.0353697749196141,0.3988895382817066,0.9545665678796114,0.9950740611300832,DQN,rl,,,,2,test,CICIoT2023,,-76799.4971611135,-49.1674117548742,0.8559260964429409,7.109475032010243,0.7943731609183898,0.0063654743079047,0.0712212502752367,0.7691714874792321
0.9481799274802096,0.9202673607230666,0.7142989964390388,0.9602016077439752,0.949609375,0.8909253464461332,0.9971404797899892,0.1090746535538667,0.050390625,0.9802262676416118,0.998911686293266,DoubleDQN,rl,,,,2,test,CICIoT2023,,94071.7699187866,60.22520481356377,8.006885921892827e-05,0.0051216389244558,0.0596613087255039,0.0028524531096743,0.0211782132634065,0.0
0.9129863138497216,0.9039206809807094,0.6451088756663861,0.938206457068779,0.9134574558423914,0.8943839061190276,0.9970801904828114,0.1056160938809723,0.0865425441576086,0.9531212407735682,0.9976248473065406,DuelingDQN,rl,,,,2,test,CICIoT2023,,-16571.39474205173,-10.609087542926844,2.652471125167644,8.0,0.0085673679364253,0.6971795744340132,0.0155633845106791,2.544488259903517
0.975659066797446,0.5,0.493839794119435,0.9636385453560216,1.0,0.0,0.975659066797446,1.0,0.0,0.7207630698555414,0.9861734853550808,PPO,rl,,,,2,test,CICIoT2023,,177650.2599999991,113.73256081946164,0.0,0.0,0.0,1.0,0.0,0.0
0.975659066797446,0.5,0.493839794119435,0.9636385453560216,1.0,0.0,0.975659066797446,1.0,0.0,0.7207630698555414,0.9861734853550808,A2C,rl,,,,2,test,CICIoT2023,,177650.2599999991,113.73256081946164,0.0,0.0,0.0,1.0,0.0,0.0
0.9755904168297652,0.5,0.4938222055132751,0.9635364226329802,1.0,0.0,0.9755904168297652,1.0,0.0,0.9769724997414472,0.9987473790027792,CQL_Offline,rl,,,,2,test,CICIoT2023,,121714.15999999989,77.92199743918046,0.0,0.0,0.0,0.0,0.0028124186800648,0.0
0.6553853303898949,0.5219701483093474,0.4198253629594595,0.7718982028681858,0.6620587635176495,0.3818815331010453,0.9777269987946968,0.6181184668989547,0.3379412364823505,0.8402721267863275,0.9933775653982788,RandomAcquisition,rl,,,,2,test,CICIoT2023,,-53791.907926059,-34.43784118185595,0.8223572272154053,8.0,0.1864503472986768,0.1844185999959965,0.1855896070620734,0.801459254959265
0.678523530236003,0.8264312662580622,0.4661537350813046,0.7864709306358141,0.6709546377792823,0.981907894736842,0.999327731092437,0.0180921052631578,0.3290453622207177,0.9769881141687156,0.9987503342689504,GreedyUncertainty,rl,,,,2,test,CICIoT2023,,-13289.6217665435,-8.508080516353072,0.1250675580999659,8.0,0.0,0.0,0.0,0.0
0.678523530236003,0.8264312662580622,0.4661537350813046,0.7864709306358141,0.6709546377792823,0.981907894736842,0.999327731092437,0.0180921052631578,0.3290453622207177,0.9769881141687156,0.9987503342689504,GreedyCentrality,rl,,,,2,test,CICIoT2023,,-14266.307924661269,-9.13335974690222,0.1250575494925636,7.999359795134443,0.0,0.0,0.0,0.0
0.678523530236003,0.8264312662580622,0.4661537350813046,0.7864709306358141,0.6709546377792823,0.981907894736842,0.999327731092437,0.0180921052631578,0.3290453622207177,0.9769881141687156,0.9987503342689504,StaticThreshold,rl,,,,2,test,CICIoT2023,,-11548.940000000064,-7.39368758002565,0.0,0.0,0.0,0.0,0.0,0.0
1.0,1.0,1.0,1.0,1.0,1.0,1.0,0.0,0.0,0.9769881141687156,0.9987503342689504,OracleUpperBound,rl,,,,2,test,CICIoT2023,,126457.05999999754,80.95842509602916,0.0,0.0,0.0,0.0,0.0,0.0
0.7686148919135308,0.683464069114024,0.6930101590927749,0.7353764573445779,0.989663812904573,0.377264325323475,0.737780199252802,0.6227356746765249,0.010336187095427,0.8697491247077695,0.9134794234133488,39_OfflineSafeGraphRL_legacy,legacy_rl_method,,,,0,test,UNSW-NB15,,3971.630097131339,8.468294450173431,0.0,0.0,0.0,0.0,0.0008,0.0
0.735,0.6351767605665161,0.6286603139689657,0.6840624027919114,0.9932228130539048,0.2771307080791274,0.7089907710628163,0.7228692919208726,0.0067771869460952,0.8605520512573036,0.903228396291466,39_OfflineSafeGraphRL_legacy,legacy_rl_method,,,,1,test,UNSW-NB15,,3182.7310683906253,6.786206968849947,0.0,0.0,0.0,0.0,0.0,0.0
0.6478608695652174,0.6142147830872675,0.615623958190578,0.6450111978414924,0.7416620803522289,0.4867674858223062,0.7127895906061568,0.5132325141776938,0.258337919647771,0.8643934256699748,0.9088790947190538,39_OfflineSafeGraphRL_legacy,legacy_rl_method,,,,2,test,UNSW-NB15,,-13767.423997678556,-29.35484860912272,1.9843333333333333,7.654584221748401,0.0,0.0,0.0416666666666666,1.7452666666666667
0.7889189376603565,0.7115201090661214,0.7279022872373396,0.7650805391644406,0.9797653643310732,0.4432748538011696,0.7611840454887533,0.5567251461988304,0.0202346356689269,0.8603472139610678,0.9084476240528114,39_OfflineSafeGraphRL_legacy,legacy_rl_method,,,,3,test,UNSW-NB15,,4306.488171262545,9.182277550666406,0.0,0.0,0.0,0.0,0.0386,0.0
0.7840222299409517,0.7147529272377566,0.7299362977148085,0.7637798855452312,0.9621187452512754,0.4673871092242377,0.7625602202339986,0.5326128907757622,0.0378812547487246,0.865610920216064,0.9088098448382984,39_OfflineSafeGraphRL_legacy,legacy_rl_method,,,,4,test,UNSW-NB15,,4082.646511298322,8.705003222384482,0.0,0.0,0.0,0.0,0.0403333333333333,0.0
0.8149030282408982,0.5172445993247298,0.482236525149348,0.7383098067123912,0.9996633280026934,0.0348258706467661,0.8138833687384363,0.965174129353234,0.0003366719973066,0.8687278913188335,0.9423133226235638,39_OfflineSafeGraphRL_legacy,legacy_rl_method,,,,0,test,ToN-IoT-Network,,6830.369625342377,14.848629620309516,0.0,0.0,0.0,0.0,0.0,0.0
0.8328470466186864,0.632000364309711,0.6603607709673707,0.7948062193801467,0.9935806586077532,0.2704200700116686,0.8265483043206879,0.7295799299883314,0.0064193413922467,0.8597570312017405,0.9152240251620674,39_OfflineSafeGraphRL_legacy,legacy_rl_method,,,,1,test,ToN-IoT-Network,,7240.792691716221,15.022391476589672,0.0,0.0,0.0,0.0,6.483402489626556e-05,0.0
0.7758198394339366,0.4999971491237419,0.4374763826465358,0.6784336755845233,0.9993863955119214,0.0006079027355623,0.776159030567091,0.9993920972644376,0.0006136044880785,0.8605880478478283,0.923433245455356,39_OfflineSafeGraphRL_legacy,legacy_rl_method,,,,2,test,ToN-IoT-Network,,5422.133758231703,11.68563309963729,0.0827772160431412,2.646551724137931,0.0,0.0,0.0092349174250084,0.0
0.7924627404635284,0.5980377359925879,0.6055906938942495,0.7406469221330348,0.9888635566467906,0.2072119153383851,0.7879952484103138,0.7927880846616149,0.0111364433532094,0.9285653189502452,0.9625933966169832,39_OfflineSafeGraphRL_legacy,legacy_rl_method,,,,3,test,ToN-IoT-Network,,5824.345171139515,12.184822533764676,0.0,0.0,0.0,0.0,0.0025540275049115,0.0
0.8002545338848234,0.6512289520850936,0.6720359433408003,0.7622169609725674,0.990099885087952,0.3123580190822353,0.78725049198763,0.6876419809177646,0.009900114912048,0.895655960725646,0.948219398214307,39_OfflineSafeGraphRL_legacy,legacy_rl_method,,,,4,test,ToN-IoT-Network,,5883.076665541787,11.957472897442658,0.0,0.0,0.0,0.0,0.0,0.0
0.8767137846742481,0.5,0.4671536980405482,0.8191201732673997,1.0,0.0,0.8767137846742481,1.0,0.0,0.951001114032631,0.9914054141439262,39_OfflineSafeGraphRL_legacy,legacy_rl_method,,,,0,test,CICIoT2023,,10736.433965447604,3.4378590987664435,0.0,0.0,0.0,0.0,0.8116674506350143,0.0
0.8322510032834732,0.5,0.454223248775437,0.7560555090160722,1.0,0.0,0.8322510032834732,1.0,0.0,0.9410781486999242,0.9875251863363071,39_OfflineSafeGraphRL_legacy,legacy_rl_method,,,,1,test,CICIoT2023,,6127.59656583683,1.962715107571054,0.0,0.0,0.0,0.0,0.8628114395539495,0.0
0.905407561014516,0.5,0.4751778987023859,0.8604593246242598,1.0,0.0,0.905407561014516,1.0,0.0,0.9605864854177288,0.994937731651584,39_OfflineSafeGraphRL_legacy,legacy_rl_method,,,,2,test,CICIoT2023,,16316.367629237611,5.224581373435035,0.0,0.0,0.0,0.0,0.7490241607782693,0.0
0.840248820835327,0.4973795845490697,0.4591301452267082,0.7738013383859742,0.9920865633074936,0.0026726057906458,0.8458519793459552,0.997327394209354,0.0079134366925064,0.9549480470525944,0.9911393058000246,39_OfflineSafeGraphRL_legacy,legacy_rl_method,,,,3,test,CICIoT2023,,5990.034559937588,1.918038603886516,0.0647443852836382,1.855587576048671,0.0,0.0,0.8535870130909964,0.0067456663597421
0.8874900872323552,0.5,0.4701958930728428,0.8345883883190249,1.0,0.0,0.8874900872323552,1.0,0.0,0.966977180390399,0.9954342071767976,39_OfflineSafeGraphRL_legacy,legacy_rl_method,,,,4,test,CICIoT2023,,12090.33959067824,3.872626390351775,0.0,0.0,0.0,0.0,0.798033994674568,0.0
0.9444,0.9451097234287796,0.9404175390266072,0.9446731651931208,0.9425407438361888,0.9425407438361888,0.9694820545884376,0.0523212969786293,0.0574592561638111,0.9900556646889216,0.9945473632847976,40_TreeEnsembleTeacher,proposed_variant,,,,0,test,UNSW-NB15,,,,,,,,,
0.942,0.9341636764177104,0.9368332091779168,0.9418145254576687,0.9625836120401338,0.9625836120401338,0.9473359391071796,0.0942562592047128,0.0374163879598662,0.990438181271888,0.9947271731576688,40_TreeEnsembleTeacher,proposed_variant,,,,1,test,UNSW-NB15,,,,,,,,,
0.9418666666666666,0.9389644055351036,0.9371031729545028,0.9419866771671668,0.9492512479201332,0.9492512479201332,0.9596299411269976,0.0713224368499257,0.0507487520798668,0.9900952906621704,0.9946043845834576,40_TreeEnsembleTeacher,proposed_variant,,,,2,test,UNSW-NB15,,,,,,,,,
0.9976813966175668,0.9960184144634372,0.9965829965396548,0.9976800754724164,0.9989550679205852,0.9989550679205852,0.9980859578910736,0.0069182389937106,0.0010449320794148,0.9999716312988922,0.9999921444279511,40_TreeEnsembleTeacher,proposed_variant,,,,0,test,ToN-IoT-Network,,,,,,,,,
0.9972352778545756,0.9949998356020252,0.995746251744513,0.9972331904347952,0.9987834549878344,0.9987834549878344,0.9977430555555556,0.0087837837837837,0.0012165450121654,0.9999212063993086,0.9999802747741748,40_TreeEnsembleTeacher,proposed_variant,,,,1,test,ToN-IoT-Network,,,,,,,,,
0.9985296083411308,0.9975647876054504,0.99788231076744,0.9985291388312852,0.9993111761666954,0.9993111761666954,0.9987951807228916,0.0041816009557945,0.0006888238333046,0.999978499972945,0.9999937829670028,40_TreeEnsembleTeacher,proposed_variant,,,,2,test,ToN-IoT-Network,,,,,,,,,
0.9954383578088112,0.9537419632480252,0.9540887877124812,0.9954366143517932,0.9976800049274231,0.9976800049274231,0.9976390400131392,0.0901960784313725,0.0023199950725768,0.999269726902402,0.9999809842967422,40_TreeEnsembleTeacher,proposed_variant,,,,0,test,CICIoT2023,,,,,,,,,
0.9963381690845424,0.964101748448364,0.9616993594382583,0.9963476439935478,0.9979900322005044,0.9979900322005044,0.9982561956343344,0.0697865353037766,0.0020099677994954,0.9994919511873046,0.9999873418755958,40_TreeEnsembleTeacher,proposed_variant,,,,1,test,CICIoT2023,,,,,,,,,
0.9964188540332908,0.967188641483684,0.9625367013422532,0.9964366736150152,0.997908636102682,0.997908636102682,0.99842041561532,0.0635313531353135,0.0020913638973181,0.9994534412023997,0.999986483230078,40_TreeEnsembleTeacher,proposed_variant,,,,2,test,CICIoT2023,,,,,,,,,
0.944,0.9443177580396768,0.9399488661735892,0.9442578750484985,0.9431675720852486,0.9431675720852486,0.9682539682539684,0.0545320560058953,0.0568324279147513,0.9903335878010692,0.9947047271353584,41_GraphMixtureOfExperts,proposed_variant,,,,0,test,UNSW-NB15,,,,,,,,,
0.9426666666666668,0.9392222664157897,0.9381053963956882,0.942738356572694,0.9517140468227424,0.9517140468227424,0.9581228956228957,0.0732695139911634,0.0482859531772575,0.9905889507735652,0.9948088046990726,41_GraphMixtureOfExperts,proposed_variant,,,,1,test,UNSW-NB15,,,,,,,,,
0.9421333333333334,0.93966284523318,0.9374412418545806,0.9422749641374631,0.9484193011647256,0.9484193011647256,0.9608091024020228,0.0690936106983655,0.0515806988352745,0.9901971979588254,0.9946506196595146,41_GraphMixtureOfExperts,proposed_variant,,,,2,test,UNSW-NB15,,,,,,,,,
0.997545008183306,0.9961587245256732,0.9963844676097324,0.997544449425206,0.9986067572274469,0.9986067572274469,0.9982590529247912,0.0062893081761006,0.0013932427725531,0.9997797318226724,0.9999493600004092,41_GraphMixtureOfExperts,proposed_variant,,,,0,test,ToN-IoT-Network,,,,,,,,,
0.9973735139618468,0.9948357899087824,0.9959558847003148,0.997370535053756,0.9991310392770246,0.9991310392770246,0.9975707096998092,0.0094594594594594,0.0008689607229753,0.9997868697686216,0.9999436210743712,41_GraphMixtureOfExperts,proposed_variant,,,,1,test,ToN-IoT-Network,,,,,,,,,
0.9982622644031548,0.9967548332369432,0.9974951424648186,0.9982609673370754,0.9994833821250216,0.9994833821250216,0.99828001375989,0.005973715651135,0.0005166178749784,0.9999493874961192,0.9999851496697296,41_GraphMixtureOfExperts,proposed_variant,,,,2,test,ToN-IoT-Network,,,,,,,,,
0.994938177743988,0.97563502769864,0.9516560524955846,0.9950653892850092,0.9959759377502208,0.9959759377502208,0.9988263877450172,0.0447058823529411,0.0040240622497792,0.9988810723747484,0.9999707603807804,41_GraphMixtureOfExperts,proposed_variant,,,,0,test,CICIoT2023,,,,,,,,,
0.9957978989494748,0.977433504306215,0.9576484527511576,0.9958847649271988,0.996738929794696,0.996738929794696,0.9989516742379084,0.041871921182266,0.0032610702053038,0.9990870074384166,0.999976794694282,41_GraphMixtureOfExperts,proposed_variant,,,,1,test,CICIoT2023,,,,,,,,,
0.9957186299615876,0.984128276273867,0.9572671735683096,0.99583703196592,0.996309357828262,0.996309357828262,0.9993007855879572,0.028052805280528,0.0036906421717378,0.9985322355330752,0.9999444853812156,41_GraphMixtureOfExperts,proposed_variant,,,,2,test,CICIoT2023,,,,,,,,,
0.908,0.8881152378544521,0.897698159159919,0.906666820597166,0.960091934809862,0.960091934809862,0.9020416175893208,0.183861459100958,0.0399080651901379,0.941709784525672,0.9342790117123974,42_DistilledStudent,proposed_variant,,6.872812906901043e-08,,0,test,UNSW-NB15,8082.0,,,,,,,,
0.9036,0.8941159412080524,0.8953398507574258,0.903447106872112,0.9285117056856188,0.9285117056856188,0.9210035247771096,0.140279823269514,0.0714882943143812,0.969785530191458,0.984112273678046,42_DistilledStudent,proposed_variant,,7.82012939453125e-08,,1,test,UNSW-NB15,8082.0,,,,,,,,
0.9204,0.9057095591053048,0.9120813326313978,0.919711285016297,0.9577787021630616,0.9577787021630616,0.9211842368473696,0.1463595839524517,0.0422212978369384,0.9757632539749252,0.972303679075308,42_DistilledStudent,proposed_variant,,5.922317504882813e-08,,2,test,UNSW-NB15,8082.0,,,,,,,,
0.9590834697217676,0.9365851093892734,0.939381285650286,0.9589514933691357,0.976314872866597,0.976314872866597,0.97157712305026,0.1031446540880503,0.0236851271334029,0.9628010203969868,0.969055337624764,42_DistilledStudent,proposed_variant,,7.251410684621991e-08,,0,test,ToN-IoT-Network,7954.0,,,,,,,,
0.9314348907934752,0.8377022095087788,0.8803051909658586,0.9265252284157812,0.9963503649635036,0.9963503649635036,0.923485824742268,0.3209459459459459,0.0036496350364963,0.9420797165778916,0.9721994831378722,42_DistilledStudent,proposed_variant,,6.921191817988406e-08,,1,test,ToN-IoT-Network,7954.0,,,,,,,,
0.9530811388851758,0.955747389289777,0.9353974988661236,0.9540705914054036,0.9509213018770448,0.9509213018770448,0.9881889763779528,0.039426523297491,0.049078698122955,0.976334385291595,0.9905338148569164,42_DistilledStudent,proposed_variant,,6.759601741403743e-08,,2,test,ToN-IoT-Network,7954.0,,,,,,,,
0.9844143891801048,0.8751444350914652,0.8526380916994509,0.9848799904004428,0.9902888701829304,0.9902888701829304,0.9936959208899876,0.24,0.0097111298170694,0.9503169693771116,0.9976085918282642,42_DistilledStudent,proposed_variant,,5.212276047062489e-08,,0,test,CICIoT2023,8338.0,,,,,,,,
0.9762281140570284,0.7372580714527017,0.7434909770976836,0.9759152098962528,0.9884734499661588,0.9884734499661588,0.9871776489625366,0.5139573070607554,0.0115265500338412,0.5962250361726511,0.9749885117282712,42_DistilledStudent,proposed_variant,,4.878098992123015e-08,,1,test,CICIoT2023,8338.0,,,,,,,,
0.9813940460947504,0.7780570007300082,0.7928892008871992,0.9808959625797532,0.991757565816452,0.991757565816452,0.9892020123522436,0.4356435643564356,0.0082424341835479,0.7778780174417017,0.983715422505382,42_DistilledStudent,proposed_variant,,5.0551378467476784e-08,,2,test,CICIoT2023,8338.0,,,,,,,,
0.9444,0.9439133452673468,0.9402841603291344,0.944615302938598,,0.9456748850814876,0.9664744821695496,0.0578481945467944,0.0543251149185123,0.9903335878010694,0.9947047271742372,43_AegisGraphX,proposed_method,,,,0,test,UNSW-NB15,,,,,,,,,
0.9409333333333332,0.9311789174518892,0.935422136793932,0.9406239416517512,,0.9665551839464884,0.9423272875484002,0.1041973490427098,0.0334448160535117,0.9905889507735652,0.9948088046990728,43_AegisGraphX,proposed_method,,,,1,test,UNSW-NB15,,,,,,,,,
0.9426666666666668,0.937708295732966,0.937708295732966,0.9426666666666668,,0.9552828618968386,0.9552828618968386,0.0798662704309063,0.0447171381031614,0.9901971979588255,0.9946506196595146,43_AegisGraphX,proposed_method,,,,2,test,UNSW-NB15,,,,,,,,,
0.997545008183306,0.9961587245256732,0.9963844676097324,0.997544449425206,,0.9986067572274469,0.9982590529247912,0.0062893081761006,0.0013932427725531,0.9997797318226724,0.9999493600004092,43_AegisGraphX,proposed_method,,,,0,test,ToN-IoT-Network,,,,,,,,,
0.997511750069118,0.9959264530432412,0.9961754748935135,0.9975111250573429,,0.9986096628432396,0.998262682418346,0.0067567567567567,0.0013903371567605,0.9997868697686216,0.999943621339031,43_AegisGraphX,proposed_method,,,,1,test,ToN-IoT-Network,,,,,,,,,
0.9982622644031548,0.996329667630156,0.9974930028581463,0.9982602224444204,,0.999827794041674,0.9979374355448608,0.007168458781362,0.0001722059583261,0.9999493874961192,0.9999851496697296,43_AegisGraphX,proposed_method,,,,2,test,ToN-IoT-Network,,,,,,,,,
0.9946380697050938,0.9384375801360436,0.9452385381207944,0.9945964455632128,,0.9976594739975774,0.9968408312306398,0.1207843137254902,0.0023405260024226,0.9988810723747484,0.999970760381988,43_AegisGraphX,proposed_method,,,,0,test,CICIoT2023,,,,,,,,,
0.9958579289644822,0.9690589331571032,0.9575213611524382,0.995908801063483,,0.9972311668068174,0.99852137840391,0.0591133004926108,0.0027688331931825,0.9990870074384166,0.9999767947066412,43_AegisGraphX,proposed_method,,,,1,test,CICIoT2023,,,,,,,,,
0.9959186939820742,0.958484268011809,0.9570134428097804,0.9959252392800508,,0.9978266218321988,0.9979903207284062,0.0808580858085808,0.0021733781678011,0.9985322355330752,0.999944517275036,43_AegisGraphX,proposed_method,,,,2,test,CICIoT2023,,,,,,,,,
